# {"t_start": 1592781832.7265117, "env_id": "MountainCarContinuous-v0"} 
r,l,t
-112.122073,999,3.268847
-105.914341,999,5.253362
-95.394159,999,7.239117
-99.83842,999,9.230695
-87.201754,999,11.212933
-96.527405,999,13.216938
23.155908,813,14.904201
-93.657868,999,16.906992
26.348763,856,18.48493
31.31833,801,20.162568
49.880298,603,21.322159
42.984211,603,22.489215
78.009696,241,23.05849
74.197953,264,23.488568
64.068227,391,24.310074
40.954607,565,25.410515
80.18861,231,25.972218
75.307547,267,26.410886
63.142188,352,27.224115
63.197087,351,27.968961
79.111865,235,28.354071
61.811969,398,29.181598
73.329944,278,29.633339
66.425839,353,30.389917
72.54838,247,30.7921
72.720288,304,31.479148
54.197192,464,32.458331
68.151137,315,33.156009
78.170888,236,33.546414
69.856614,335,34.278003
74.090799,246,34.679598
69.892154,280,35.315063
63.220951,360,35.899918
68.245245,328,36.610896
59.178254,510,37.62305
67.443066,307,38.297658
73.423236,281,38.757379
67.992613,273,39.379366
65.976613,329,39.916502
61.591579,418,40.776082
75.747746,239,41.34551
68.873575,319,41.866282
78.329162,220,42.414315
72.97477,229,42.787828
72.631447,220,43.325651
67.878864,241,43.715831
70.207216,294,44.371169
81.993148,178,44.660624
81.298258,206,44.99614
82.255616,172,45.456276
74.18569,238,45.841321
82.383117,191,46.324432
72.760601,252,46.731823
77.127686,196,47.049845
73.956265,240,47.624934
75.058262,199,47.950184
69.90988,269,48.568506
64.226758,317,49.08118
70.418918,310,49.765553
77.413857,206,50.104005
56.470381,371,50.893691
77.953122,206,51.413032
68.876119,258,51.833885
69.60808,290,52.500936
66.793181,264,52.929881
74.738749,217,53.465796
67.157082,300,53.952444
75.287151,201,54.458346
71.135221,251,54.863843
74.293898,239,55.434639
78.049163,218,55.932959
78.886544,174,56.325279
74.774902,224,57.052601
76.950807,210,57.518906
70.105711,242,58.221559
66.205812,306,58.873494
72.416126,202,59.430442
70.908436,241,59.864957
80.575349,162,60.136742
65.680763,332,60.892517
75.464125,235,61.483626
68.957125,301,61.988886
65.9374,262,62.685805
77.844051,226,63.115793
77.027188,204,63.509946
77.573175,169,63.998808
58.562585,367,64.808392
77.764534,189,65.119898
75.290835,206,65.46646
77.019036,206,66.002712
61.92571,324,66.541828
72.889316,235,67.113469
74.690452,214,67.473255
67.728847,250,68.078153
63.27664,314,68.601428
70.646192,259,69.213219
62.554116,291,69.703573
77.03605,198,70.213277
76.694179,183,70.521836
73.788288,219,71.071056
61.353448,302,71.573889
85.926493,119,71.775288
75.916905,207,72.314596
71.710417,231,72.690475
72.082807,238,73.342956
68.606112,230,73.827125
73.744999,198,74.387057
70.187769,224,74.767076
84.430067,124,74.980474
81.697528,154,75.234965
74.317501,219,75.787832
83.156353,133,76.010017
78.863422,205,76.537773
80.892146,162,76.808087
80.883466,164,77.08355
78.34491,186,77.580095
74.422401,226,77.964777
70.852163,229,78.371217
66.605925,254,78.995512
81.353665,198,79.331731
87.376255,129,79.741974
66.259185,215,80.105829
80.337521,200,80.451985
73.262923,212,81.012467
78.131781,198,81.336377
65.789632,221,81.898608
67.535595,245,82.334419
75.542459,171,82.643988
54.115398,311,83.40854
70.594696,210,83.792451
77.419532,213,84.356869
78.564128,167,84.645829
69.299066,197,85.208164
73.517063,226,85.621911
51.719336,395,86.49346
68.973084,273,86.979108
72.011354,259,87.609895
67.956165,292,88.116151
58.674141,372,88.963603
67.438049,272,89.656057
82.589954,123,89.871887
72.497982,206,90.228374
70.590717,278,90.878962
76.588223,232,91.280068
65.077412,208,91.859583
84.109021,155,92.136174
71.263019,200,92.469477
81.501978,126,92.855559
67.498342,296,93.355895
73.858381,174,93.839746
70.159673,202,94.226828
78.279427,190,94.626347
83.015153,153,95.098163
76.351996,212,95.451435
76.680405,190,95.813217
73.344754,222,96.406241
68.395227,227,96.799256
80.931752,159,97.254241
72.344509,207,97.594862
71.548163,203,97.966589
78.683279,180,98.482586
79.031589,146,98.733167
70.985217,223,99.308456
70.692304,214,99.690356
74.140808,191,100.020816
78.952506,184,100.551148
72.849721,254,100.978716
69.689317,218,101.541001
78.227573,167,101.841014
72.57388,214,102.214029
81.096758,147,102.645921
81.153742,169,102.925452
67.664141,177,103.224745
75.9576,157,103.681633
74.99964,159,103.944986
73.190201,196,104.271785
80.315228,150,104.711315
76.00835,151,104.974002
79.087012,124,105.177365
79.012849,131,105.388613
76.042331,173,105.865695
69.220606,214,106.227772
80.924536,158,106.492035
77.621893,178,106.999257
76.428677,199,107.345909
77.037537,233,107.915941
75.496039,190,108.266124
82.160794,137,108.509159
66.352785,195,109.040806
66.864963,210,109.388132
73.966855,160,109.655922
58.334187,328,110.433135
70.528527,201,110.796861
71.619444,194,111.307399
70.871632,254,111.746663
70.097028,262,112.399668
84.703426,125,112.618114
68.074973,216,113.000098
78.794413,127,113.398478
77.800823,188,113.743352
72.460159,223,114.320982
78.866491,111,114.528356
62.595082,237,114.950281
79.756158,172,115.451322
71.817524,250,115.909063
80.110833,130,116.131946
66.616539,203,116.69039
67.741645,240,117.099144
82.928255,157,117.363244
73.994867,164,117.889716
83.14992,97,118.054676
84.722926,119,118.252366
67.565816,207,118.82491
64.438638,245,119.262492
67.924529,166,119.550207
76.079444,185,120.053448
73.63643,183,120.373453
82.029774,131,120.610152
74.119378,163,121.097468
67.698189,219,121.461437
77.760695,155,121.748852
72.141699,186,122.264835
69.328091,193,122.602562
74.815072,153,122.870517
79.043588,138,123.290394
70.87612,247,123.713308
75.855683,187,124.207105
77.176909,202,124.572377
82.576001,114,124.80532
84.419732,130,125.048501
68.200187,154,125.49222
76.127403,172,125.802428
77.571577,188,126.136161
77.497908,160,126.651441
72.127554,224,127.028356
81.50177,154,127.295139
67.196931,203,127.846248
83.070258,134,128.095702
66.37597,229,128.712878
64.140871,190,129.037439
73.388843,162,129.31066
80.1517,127,129.73754
80.987917,130,129.954592
68.016039,222,130.342439
74.718494,215,130.894031
79.20262,138,131.12489
68.153651,180,131.428278
84.738321,99,131.604237
78.265206,124,132.016545
72.88968,196,132.351278
80.429851,117,132.550893
76.479464,152,132.996115
70.909317,165,133.279714
82.965478,127,133.489958
76.843674,158,133.757279
80.720023,121,134.13493
74.899496,183,134.443943
72.057178,163,134.730814
72.40446,164,135.205606
72.562105,182,135.532029
70.917579,202,135.878488
65.431913,211,136.467259
82.521731,90,136.639072
64.89958,226,137.041042
74.158545,160,137.488704
79.449208,126,137.706078
71.580435,158,137.990895
74.048506,171,138.480063
70.010604,149,138.745655
70.591909,207,139.105791
83.177168,115,139.50871
81.89943,121,139.723567
72.540364,201,140.077493
72.639838,153,140.543164
79.00585,165,140.839971
78.901711,151,141.096833
81.760146,119,141.299423
76.354454,144,141.737154
78.087313,133,141.967354
82.561255,135,142.187016
64.663122,164,142.653567
75.649608,141,142.884846
75.467628,180,143.184319
74.890654,163,143.452775
81.646722,123,143.852356
68.962151,160,144.11643
75.32245,192,144.489506
73.266519,219,145.081787
65.546647,205,145.425449
85.199218,88,145.575914
72.807278,150,146.03691
70.316219,154,146.341687
76.472164,160,146.617469
67.947477,198,147.137103
70.606225,159,147.43431
63.667806,169,147.739843
75.138864,170,148.215122
71.777628,164,148.520242
75.912857,146,148.810994
74.054566,146,149.255069
70.04887,170,149.539816
84.827625,91,149.688564
81.784868,116,149.899058
68.823415,180,150.43129
73.073756,162,150.699368
67.925485,185,151.034734
84.078855,114,151.425797
81.950962,82,151.570014
66.000046,208,151.949008
73.594688,122,152.173369
86.042277,86,152.540665
80.116838,150,152.801734
72.482693,171,153.08267
82.904234,180,153.405489
80.557566,117,153.808507
69.937208,164,154.104858
70.388465,193,154.460246
76.930429,142,154.900154
83.542378,93,155.054315
80.302594,149,155.303369
74.274498,140,155.540151
72.395251,154,156.02551
82.656424,118,156.234021
70.181782,237,156.701324
67.909721,165,157.187176
73.890896,144,157.454322
72.320522,158,157.73736
79.534673,137,158.156954
79.244709,87,158.306067
81.870959,90,158.474128
71.682558,140,158.718454
70.590755,153,159.152767
76.75523,131,159.380911
68.99186,160,159.647061
80.010881,87,159.80143
83.208452,101,159.971339
65.505612,204,160.514104
67.963956,171,160.805068
86.851101,107,160.982105
83.892368,132,161.397598
82.131615,78,161.524982
86.455703,84,161.681636
70.551084,212,162.051831
70.640183,153,162.49695
76.322177,162,162.765569
82.236337,107,162.948044
75.056752,118,163.144735
79.585954,114,163.559118
71.984601,179,163.914639
73.66076,158,164.235268
75.138705,160,164.691501
68.211824,155,164.956792
68.084164,164,165.24954
81.240299,80,165.385031
86.308835,92,165.736335
73.788574,152,166.0027
82.074855,81,166.14545
83.210857,117,166.348256
66.980532,156,166.816684
69.967189,169,167.129056
83.73628,99,167.296018
86.4817,91,167.449207
84.232007,92,167.607713
79.283577,133,168.013476
83.90977,107,168.199696
66.387811,162,168.48878
81.967852,87,168.637484
81.175283,118,169.028959
68.469039,162,169.303223
84.406525,107,169.480788
78.325572,80,169.613083
82.66243,88,169.934111
63.18396,200,170.276971
83.544167,93,170.427588
84.26166,83,170.573456
67.827436,152,171.001417
86.150109,80,171.139814
83.157237,102,171.304974
71.408927,147,171.552648
74.346373,174,172.057411
62.795293,201,172.406155
63.071989,178,172.71773
80.886442,85,172.862718
82.994307,80,173.192123
70.483891,159,173.465003
81.248239,95,173.626513
81.352673,81,173.764446
70.103256,139,174.192128
82.884188,85,174.33268
75.653554,144,174.579855
83.783173,87,174.73438
85.031344,95,174.891874
82.5536,90,175.042136
71.436676,163,175.52976
81.658372,82,175.680527
84.299554,89,175.838066
70.410306,162,176.106564
75.513931,154,176.563422
58.35571,185,176.887136
69.857982,160,177.165606
78.716117,122,177.577826
77.666627,122,177.790628
82.976375,121,177.990416
78.733213,126,178.201991
82.273748,87,178.533341
77.896692,139,178.783387
63.576516,186,179.097582
74.14591,158,179.382168
65.308074,182,179.930081
83.678305,89,180.091772
83.91934,95,180.248359
82.23818,77,180.388066
81.524902,89,180.727285
75.171642,141,180.966086
79.240745,91,181.127213
58.486848,192,181.455803
66.760392,166,181.935967
82.510912,89,182.098992
80.689502,127,182.324686
83.167385,85,182.466529
80.373865,117,182.877038
73.633636,171,183.181206
83.389325,84,183.325112
62.193616,165,183.624464
80.447972,97,183.977897
81.707512,83,184.12018
83.967709,84,184.26348
80.881037,137,184.490367
82.971046,88,184.637572
73.881654,121,185.093082
84.882746,92,185.245252
59.154041,202,185.578446
65.002078,177,185.88409
76.8111,147,186.332107
80.741554,84,186.478297
81.246469,98,186.639048
69.487269,160,186.895481
79.407067,86,187.239792
78.633711,82,187.375189
73.462232,143,187.622957
83.506353,78,187.760622
80.276915,87,187.909622
72.291301,139,188.324681
81.773937,96,188.497223
88.618742,84,188.646424
84.07378,75,188.777886
75.134517,121,188.983039
84.743176,83,189.119373
69.133055,159,189.588684
85.145675,85,189.728895
82.705774,95,189.886132
85.134051,89,190.036437
77.629116,147,190.508979
85.318503,98,190.674746
71.681279,143,190.971491
82.071432,82,191.152728
81.704942,80,191.326047
64.012004,188,191.830705
85.135572,94,192.002328
82.929175,87,192.181075
82.379333,104,192.396805
76.177185,113,192.781503
85.192425,98,193.004968
84.18162,94,193.172475
74.855925,146,193.416522
77.397805,111,193.608686
74.848633,118,194.053468
83.063237,80,194.222616
65.053058,177,194.58404
77.921117,112,194.768966
81.808652,80,195.089069
83.401574,82,195.224604
67.721589,162,195.516684
84.158719,84,195.654409
82.756148,84,195.792705
81.764496,80,195.922953
67.962204,156,196.368129
82.488658,98,196.528478
83.012902,81,196.672545
82.744079,83,196.810963
81.709113,89,196.961502
79.886281,85,197.302764
85.305372,86,197.442548
82.065032,82,197.576454
83.825461,80,197.708891
79.996919,82,197.858303
78.663093,78,198.016519
85.346948,95,198.356871
80.084397,99,198.523475
72.248729,142,198.760169
76.492545,118,198.981076
83.161335,91,199.320917
82.479429,83,199.458977
81.58737,123,199.664296
83.27569,85,199.805191
68.911646,151,200.054303
73.960578,172,200.585128
80.674672,145,200.853477
78.037385,132,201.111134
71.611125,146,201.590442
83.816802,86,201.750835
61.392037,203,202.09528
81.075838,108,202.27537
64.541121,188,202.808945
66.591579,165,203.091782
82.702062,98,203.265199
76.728984,112,203.459617
78.290241,117,203.842431
82.543291,78,203.972811
78.810499,86,204.11794
80.704503,83,204.257436
81.982396,85,204.396067
83.460248,82,204.529915
84.074061,80,204.868071
82.35859,90,205.010914
69.791288,163,205.283633
82.273914,79,205.415137
81.333566,85,205.55608
80.37421,82,205.879778
81.299652,80,206.00986
84.252998,89,206.163181
83.640725,81,206.300742
66.781836,165,206.573663
82.084087,92,206.951158
79.05663,81,207.116641
79.30592,159,207.430756
84.157571,98,207.627577
82.474876,89,207.781618
83.74381,86,208.115471
85.225053,82,208.255084
65.122449,176,208.54733
84.310898,83,208.69801
82.664994,85,208.848221
77.534273,90,209.197317
84.354302,83,209.349541
82.836156,87,209.506531
67.197695,162,209.779964
83.387134,90,209.928735
82.803126,78,210.252532
80.244223,77,210.380506
79.878158,116,210.568949
81.251148,120,210.779624
81.688055,84,210.919947
83.087401,85,211.056837
83.550123,84,211.40343
76.77833,86,211.559528
82.169659,84,211.722389
78.099069,81,211.860075
78.133647,144,212.112812
72.93844,147,212.559165
81.178004,86,212.71473
79.609336,80,212.850438
80.956896,90,213.006312
64.277829,181,213.49285
82.787615,81,213.629065
79.005015,85,213.774515
69.068095,163,214.078336
79.163711,81,214.215519
82.190721,93,214.560137
77.349071,106,214.755866
82.962283,84,214.896324
83.507169,78,215.026873
82.081675,83,215.163909
84.994264,84,215.302155
81.842627,90,215.657131
83.907722,79,215.793266
81.743427,87,215.942759
83.133415,91,216.100943
80.266304,114,216.29354
77.658635,119,216.675386
82.581632,85,216.841268
84.753842,81,216.989243
66.652194,164,217.320031
72.391897,143,217.585973
81.79301,78,217.924706
82.165989,81,218.062613
75.147761,157,218.344029
83.398086,91,218.504134
83.91992,103,218.679757
82.853373,95,219.052459
72.272816,156,219.327266
80.373252,83,219.482304
81.896476,104,219.6604
84.705959,80,219.795636
79.950139,84,220.154333
83.116501,85,220.312286
76.633609,115,220.527287
81.642285,78,220.670458
84.773369,87,220.833994
61.911161,197,221.386559
80.511824,116,221.592684
80.872083,80,221.739163
73.703522,165,222.033594
82.152911,80,222.375201
81.753743,79,222.512217
82.86245,74,222.64646
79.195019,114,222.867113
83.766242,82,223.006342
81.288124,101,223.185906
85.351216,80,223.504513
82.82997,86,223.65056
80.237187,83,223.789442
82.847465,103,223.961361
73.925416,155,224.228662
77.483981,148,224.664013
81.54828,95,224.821141
82.520965,79,224.952721
80.301259,82,225.088109
79.870053,93,225.242127
83.663596,79,225.556913
82.129791,88,225.70262
80.180666,75,225.826662
80.081022,113,226.015892
80.928644,82,226.165684
83.008758,94,226.326287
79.926059,114,226.774531
85.186002,90,226.925827
84.031093,100,227.092166
80.484288,86,227.24165
81.646456,80,227.390232
80.466558,79,227.733462
81.972679,100,227.911325
83.020586,81,228.054944
83.324432,86,228.20206
83.122642,92,228.368291
77.174141,157,228.833482
80.227238,78,228.970779
84.300549,86,229.113147
78.169292,163,229.396876
83.244941,85,229.539125
84.157257,82,229.876465
83.066869,85,230.025635
73.288619,161,230.30425
80.313684,80,230.491096
83.036133,98,230.660408
78.902445,85,230.989827
85.486546,82,231.18201
83.41382,78,231.321191
83.210862,95,231.480209
81.079004,81,231.617062
82.144313,78,231.753967
81.222014,81,231.889642
82.333027,86,232.229253
84.888084,79,232.361023
85.591518,82,232.509064
70.822512,163,232.790264
82.181163,81,232.925406
83.436958,79,233.238492
86.04858,84,233.385184
83.186377,79,233.522439
82.202075,80,233.655433
82.363752,87,233.797691
82.226277,79,233.929993
83.796865,85,234.293336
84.822786,78,234.423163
81.833613,83,234.562902
82.528657,79,234.696082
81.981166,88,234.845178
81.168411,81,234.982874
84.938809,83,235.307353
86.635741,81,235.449986
85.157722,79,235.580559
83.133105,77,235.706183
81.052379,119,235.907224
84.459832,77,236.050273
84.153665,118,236.4425
72.046076,168,236.723111
80.288691,87,236.876711
83.150594,102,237.042078
82.749704,89,237.188121
83.365371,78,237.522347
86.756513,81,237.663066
82.638419,108,237.844002
83.617863,79,237.988101
84.579008,78,238.121228
78.481176,102,238.293507
82.042682,77,238.611503
73.051381,157,238.880175
86.199504,82,239.013647
85.476128,81,239.14701
82.726958,87,239.296989
84.355921,74,239.610161
86.631957,81,239.744941
84.023177,83,239.893066
75.644833,140,240.123707
81.656227,77,240.247894
86.361449,99,240.60278
85.351717,75,240.725861
85.296391,85,240.870587
84.269212,79,241.003766
84.70814,85,241.140779
84.901358,80,241.269165
79.475967,80,241.409971
83.285181,78,241.715953
84.249116,82,241.857001
70.703112,181,242.155079
84.122241,87,242.298873
69.35696,163,242.751901
80.936009,107,242.938031
73.731071,167,243.209561
81.982829,115,243.408746
82.955257,78,243.712385
82.798573,79,243.847902
72.418885,168,244.130862
83.697727,86,244.275262
84.244443,83,244.417167
84.950891,91,244.766466
80.304842,84,244.910876
84.602915,85,245.06002
84.295337,78,245.189159
80.677975,128,245.397257
80.568851,82,245.543736
84.37953,78,245.849622
85.20436,90,246.001233
83.6681,77,246.132032
83.818095,86,246.272034
84.699781,107,246.452616
84.443689,82,246.595444
84.376984,96,246.928895
83.901103,86,247.081088
84.280671,80,247.213748
83.784882,79,247.342263
83.597493,137,247.577543
83.205751,77,247.898277
70.258396,158,248.167422
85.142719,87,248.312273
86.202098,84,248.460784
83.483011,79,248.620662
81.199353,83,248.784725
84.971862,103,249.196021
83.878939,79,249.363159
71.973192,151,249.654756
70.666613,156,249.964175
80.298015,131,250.415595
83.381967,81,250.549474
83.41318,90,250.695697
83.049868,83,250.839076
83.600506,81,250.987754
86.390629,83,251.126358
84.153127,80,251.500214
83.402082,81,251.635921
81.451916,79,251.766833
84.940824,83,251.919876
81.881183,78,252.081064
82.224972,85,252.224147
82.71637,91,252.567786
74.701417,152,252.829087
85.32359,75,252.95578
81.954064,78,253.092445
82.106181,79,253.222225
83.499076,87,253.545375
83.417109,79,253.68246
84.217771,80,253.813819
82.71003,80,253.94386
86.124112,79,254.079738
82.383935,79,254.213699
82.143341,82,254.346203
86.153018,80,254.669658
84.814122,86,254.810726
85.730712,78,254.936548
79.685345,124,255.150691
82.01391,101,255.318107
87.177183,80,255.653795
84.659723,89,255.819033
82.044625,107,255.997142
82.411206,99,256.159241
78.681013,76,256.289708
83.652026,75,256.421326
85.46177,80,256.734131
73.603749,152,256.985987
83.590205,104,257.168208
84.064403,79,257.308055
85.810962,76,257.446759
82.851778,92,257.801412
83.135658,77,257.931068
83.912976,80,258.069667
83.60545,77,258.199669
84.050493,82,258.347694
85.338451,79,258.483943
84.578533,80,258.61948
82.229387,80,258.948605
71.353619,165,259.221627
84.432957,77,259.350333
85.843229,78,259.481217
74.497072,163,259.93879
81.378399,121,260.14089
86.008764,82,260.275765
85.812119,80,260.431231
84.081493,87,260.578768
84.664769,78,260.710925
83.129178,76,261.034784
72.99765,145,261.283148
83.999756,83,261.42241
84.315382,77,261.54735
82.376422,80,261.678888
86.210018,77,262.012863
82.840335,81,262.160071
84.450741,80,262.302192
84.746289,90,262.472895
83.397967,79,262.622437
83.401376,78,262.764152
86.820574,80,262.915997
82.235352,78,263.240187
83.545836,74,263.373092
84.023174,78,263.516031
83.68769,79,263.65635
70.728731,164,263.95285
85.925304,74,264.278227
83.458798,81,264.411525
83.610468,91,264.565016
80.678935,88,264.708762
83.469929,89,264.8581
83.724574,80,264.989524
84.707193,103,265.34125
82.000185,78,265.467731
83.096798,78,265.598602
79.040269,86,265.75021
77.735091,136,265.973884
85.034834,81,266.104905
72.069378,154,266.550679
82.890176,78,266.68438
84.235815,78,266.814591
83.716416,80,266.946432
83.207082,77,267.071748
86.092874,78,267.39616
86.588761,76,267.519449
83.78684,77,267.652999
83.448558,82,267.793899
83.319545,80,267.92381
85.857895,79,268.063158
84.110662,77,268.192786
85.13865,91,268.527809
83.345956,80,268.668729
74.624998,169,268.94303
82.851266,79,269.081283
84.372391,77,269.213159
79.35249,111,269.597641
85.644962,105,269.771068
84.266501,80,269.902822
83.943168,78,270.032669
83.374422,84,270.180202
84.292832,77,270.3067
81.141733,104,270.669636
86.479209,76,270.793694
83.690052,81,270.925877
86.190067,83,271.06986
75.855233,149,271.320517
86.218625,83,271.644118
86.113868,80,271.775291
84.458715,80,271.907063
84.442404,78,272.03696
83.734079,77,272.172421
84.205812,83,272.310817
83.646584,81,272.630725
84.252882,83,272.765681
83.302518,80,272.897984
83.17117,78,273.0271
81.412696,132,273.250144
85.118915,78,273.378442
81.759285,111,273.748978
79.863496,79,273.894532
84.079892,93,274.06377
82.382829,80,274.205635
83.193925,81,274.341146
83.12005,80,274.474093
83.532081,79,274.810439
85.150591,79,274.944191
83.87722,78,275.088337
83.299901,77,275.216594
83.10747,79,275.378518
79.631856,102,275.558801
83.769841,86,275.920149
82.550762,97,276.083844
83.85722,85,276.244679
80.890992,79,276.395053
83.97328,78,276.535181
83.349798,79,276.66747
81.959483,92,277.021515
81.288385,78,277.165321
81.017987,88,277.324116
83.232464,80,277.476043
83.100243,80,277.627205
84.073393,77,277.765554
85.072993,82,278.107519
86.394418,80,278.243244
85.877898,97,278.411079
84.597592,81,278.56652
81.965365,77,278.708476
80.610097,108,278.89718
83.899292,98,279.259866
83.00238,86,279.406265
84.401887,76,279.545827
84.484067,87,279.695382
85.79202,78,279.828083
82.879038,111,280.021235
80.63402,110,280.414952
86.563754,81,280.548837
81.772977,95,280.704578
72.990451,149,280.957929
84.65639,84,281.094072
87.238656,117,281.469903
86.357475,76,281.595252
84.435766,96,281.753461
86.398137,78,281.879529
78.435776,146,282.126361
84.950002,121,282.518531
86.189777,81,282.655088
84.182824,81,282.85067
84.276589,77,282.994366
81.079994,138,283.228353
86.788393,89,283.626067
80.937133,112,283.854136
86.766822,95,284.01215
85.327419,76,284.136988
74.788111,184,284.555251
85.182343,77,284.898478
84.357397,77,285.027584
86.362354,79,285.194574
84.191729,80,285.397053
86.496994,81,285.58421
84.473979,81,285.729244
76.044855,158,286.242975
85.547917,82,286.437885
85.39228,86,286.633115
83.61592,83,286.774617
81.601368,112,286.977785
89.465703,81,287.37894
82.623884,98,287.579306
84.332979,116,287.792961
85.125764,80,287.934796
85.804727,81,288.086204
84.652822,80,288.278518
80.865575,119,288.670723
82.094413,78,288.806197
85.958394,77,288.94367
81.790944,90,289.133321
85.383953,82,289.340026
85.189978,80,289.666416
85.846801,78,289.803954
83.717055,79,289.944875
84.605037,85,290.088774
85.248237,97,290.257847
83.60551,95,290.470332
85.938027,79,290.891608
87.022691,79,291.045386
86.649255,78,291.176234
73.849783,157,291.451582
84.545474,77,291.580949
81.42288,130,292.0341
82.330009,85,292.20228
83.600223,79,292.343211
84.98816,78,292.478452
83.862936,78,292.611727
84.093926,80,292.746681
84.261872,82,292.894369
85.286147,78,293.209439
85.720825,83,293.353509
85.981513,80,293.487329
83.624903,91,293.639328
83.875875,78,293.765857
85.457032,74,293.898279
85.162827,80,294.213649
86.343635,87,294.373309
82.816411,113,294.571289
85.434895,80,294.717672
82.56634,99,294.900329
83.110901,121,295.299919
85.167053,128,295.514614
83.958173,87,295.655383
86.449805,75,295.784192
87.354277,76,295.923063
81.356491,133,296.341525
88.302598,79,296.482524
87.236956,91,296.632027
84.904426,80,296.768327
84.796882,86,296.921589
84.148501,82,297.055788
85.677476,79,297.210126
83.602264,83,297.541546
84.756994,82,297.675925
85.139885,81,297.813928
85.619349,76,297.963435
84.75422,81,298.108623
77.965808,148,298.544102
85.314604,91,298.719226
83.944396,81,298.851027
85.457938,78,298.976875
83.245997,114,299.183195
86.394046,85,299.327795
86.233534,80,299.648022
86.496605,78,299.776869
86.52024,83,299.927028
83.80498,82,300.074378
84.845945,79,300.207814
85.391034,78,300.350358
84.907594,85,300.697165
85.401724,80,300.849928
82.232436,81,300.997461
86.450915,85,301.182199
86.401186,77,301.318071
86.090517,76,301.451659
84.863634,90,301.814217
86.776555,76,301.946416
86.023545,96,302.118075
79.661538,136,302.347204
85.794934,86,302.491902
83.163304,96,302.659991
86.822131,81,303.017923
81.88884,86,303.170366
84.107973,84,303.307314
85.118891,80,303.438257
82.896706,121,303.650128
87.32171,79,303.957629
87.790199,75,304.092763
74.535314,159,304.354205
85.661617,86,304.50191
86.212989,82,304.645939
85.176372,79,304.776397
88.440752,77,305.122753
86.660175,78,305.269392
85.013074,79,305.404896
78.62798,162,305.704757
86.604686,78,305.850401
83.222303,77,306.178185
85.351433,78,306.308714
85.440879,78,306.435168
84.139995,81,306.578371
84.29746,122,306.779202
84.708,80,306.911197
84.845545,88,307.246241
85.950418,78,307.372871
84.17728,76,307.501163
84.267228,83,307.644237
86.615484,83,307.778732
85.772464,78,307.905834
79.462694,165,308.383289
84.259709,80,308.528556
84.193192,78,308.666607
85.996508,78,308.802105
84.439281,78,308.936042
84.725584,126,309.404504
85.726785,82,309.573375
86.745888,82,309.73212
85.228512,82,309.874983
87.365972,91,310.030106
84.591187,77,310.157254
86.377303,76,310.292483
81.075616,114,310.700851
83.366748,83,310.841159
83.842053,78,310.971194
82.919899,76,311.095151
86.111317,87,311.256212
84.659291,79,311.422599
84.31745,86,311.795497
82.427447,84,311.988246
84.583501,80,312.146259
83.54947,86,312.301135
85.592543,78,312.463278
87.092453,78,312.605993
83.36165,114,313.039332
84.712893,77,313.16813
86.286738,83,313.307714
87.283515,78,313.45623
83.49018,83,313.639955
83.141552,92,313.83075
84.35282,78,314.155015
84.519361,82,314.292263
85.103884,78,314.423371
86.199063,83,314.628059
86.880394,78,314.81187
82.995529,116,315.043439
86.465987,80,315.41099
85.981427,78,315.541075
87.110557,80,315.672512
84.471158,81,315.806048
85.743102,75,315.930749
87.394823,79,316.062052
82.953621,77,316.395912
85.816471,104,316.574077
85.543273,77,316.707483
85.437364,86,316.860833
83.769738,93,317.021341
86.353265,75,317.149003
85.646635,78,317.474498
83.720775,83,317.608645
86.318012,80,317.736769
73.60667,170,318.066449
81.189324,112,318.265076
84.019642,79,318.60451
85.369421,121,318.81961
78.55767,159,319.110008
85.857575,80,319.250894
76.327449,146,319.689291
87.372654,74,319.81162
84.653125,76,319.936456
82.971004,81,320.066267
84.537943,77,320.190772
85.409022,77,320.31442
84.838857,76,320.439757
86.129556,83,320.784944
85.671472,77,320.921213
84.825787,82,321.076604
82.442374,141,321.330621
82.743503,90,321.495946
86.256656,82,321.843254
80.76454,125,322.070564
84.817718,81,322.206863
85.895317,80,322.339471
85.673716,80,322.480527
84.309971,117,322.698274
85.13891,91,323.041335
86.110079,79,323.183184
86.985312,79,323.33968
87.06432,81,323.539258
84.618784,81,323.684168
83.196643,77,323.816253
82.740573,82,324.147791
85.634553,76,324.282953
83.459019,110,324.48529
85.485043,80,324.636001
85.575023,76,324.769251
75.194892,147,325.22248
84.750376,82,325.359403
83.78388,81,325.506189
82.58541,89,325.667232
85.438935,84,325.817055
85.56352,79,325.957506
85.823233,77,326.26574
85.745476,78,326.408523
87.789972,82,326.564919
86.179862,77,326.694148
86.247073,82,326.832074
82.54732,80,326.965046
86.638891,107,327.344384
86.855596,80,327.49513
87.243042,80,327.630896
81.539688,127,327.844734
87.774587,77,327.977192
85.074443,78,328.111978
85.940191,105,328.500283
86.135505,80,328.641912
86.457778,80,328.778363
84.995461,79,328.920207
85.570197,83,329.069268
85.467926,77,329.208542
86.253113,74,329.344384
85.169919,80,329.681187
85.974998,77,329.808952
86.027344,76,329.937591
84.164509,90,330.084166
84.678547,110,330.29725
88.420072,77,330.443609
83.570304,107,330.807775
86.346662,85,330.94895
86.661529,86,331.106612
88.000388,77,331.243091
85.449316,77,331.389042
84.851252,81,331.573729
81.808582,142,332.029147
87.004792,78,332.162767
86.853335,83,332.306518
85.20912,81,332.454154
86.865886,77,332.588323
86.675791,79,332.908885
85.334816,79,333.036793
84.617457,80,333.17218
86.724865,79,333.303623
85.711692,82,333.446463
79.536413,147,333.688873
86.780984,76,334.0057
84.288912,81,334.136589
88.791004,78,334.263361
86.254136,101,334.437466
86.553219,111,334.620497
85.808371,81,334.753545
84.392976,79,335.072374
87.892135,78,335.200892
87.593883,79,335.328087
87.001568,79,335.470914
86.780099,76,335.598371
87.322934,79,335.728729
85.623106,77,336.057524
84.410512,78,336.186357
85.891677,103,336.355712
86.933189,79,336.497224
86.492745,78,336.622734
85.426887,83,336.758487
86.984015,77,337.071289
86.424063,103,337.238135
84.503194,101,337.410358
85.715167,76,337.538837
86.000497,78,337.666578
85.888771,82,337.798378
86.842296,78,338.112049
85.738438,88,338.25391
88.674309,76,338.381167
86.564851,80,338.520893
87.630691,91,338.670852
86.718431,84,338.810865
85.329148,75,339.119796
83.878577,79,339.248693
85.237169,80,339.382535
86.065683,80,339.521582
88.092582,76,339.643771
86.230196,79,339.771054
83.819408,78,339.903322
84.19365,76,340.208119
86.610452,78,340.333899
87.366641,74,340.464069
87.984914,88,340.612135
86.390249,83,340.747281
84.60961,84,340.885088
87.047712,92,341.223762
82.062175,110,341.405409
87.16862,78,341.54011
85.615554,86,341.679327
86.205017,79,341.80864
85.272736,91,341.965495
84.478215,122,342.338971
85.955388,84,342.485073
84.720698,77,342.612353
85.634692,80,342.741802
85.853642,76,342.867975
84.895919,76,342.996834
87.109781,77,343.304075
86.301968,83,343.447689
85.372599,75,343.573998
87.107779,82,343.708485
87.135876,95,343.866476
85.888545,86,344.013606
84.027805,77,344.323244
84.912338,81,344.477792
87.430375,81,344.629473
83.758999,116,344.837333
85.123237,80,344.970377
85.455717,81,345.104841
88.185256,74,345.432628
86.362367,76,345.561931
86.155989,76,345.693703
86.950884,73,345.816953
87.247247,82,345.957076
85.738277,84,346.110244
85.378043,77,346.238728
85.086338,77,346.57794
86.342895,78,346.72314
84.08053,78,346.865304
85.912014,77,347.003381
84.543877,77,347.144278
84.710721,75,347.278044
81.553959,114,347.698859
85.519559,85,347.851354
85.781624,77,347.984985
84.742479,77,348.114845
87.276712,80,348.247702
85.37607,82,348.383952
86.439117,74,348.715393
85.219931,76,348.857756
86.772086,84,349.005749
87.801221,89,349.158334
87.905082,75,349.290303
84.965433,84,349.430325
86.975022,75,349.555727
78.970466,147,350.007076
85.022096,77,350.152186
84.816743,78,350.288566
86.763707,74,350.422499
87.437335,77,350.569887
86.64608,76,350.707106
86.132584,75,351.02056
87.979837,97,351.186852
86.691786,75,351.317576
83.274072,80,351.470726
86.902068,76,351.612769
87.710564,77,351.742448
87.973253,77,352.050426
86.860281,80,352.1834
87.673316,76,352.310634
87.933402,76,352.445893
86.156889,84,352.599121
87.348963,76,352.73045
75.530396,168,353.233588
87.468154,74,353.358477
89.109679,78,353.500497
84.177469,110,353.684869
88.060123,78,353.825824
86.392918,75,353.95012
76.534385,160,354.420748
87.902019,79,354.580733
86.433118,79,354.712756
87.102391,77,354.838407
82.996059,78,354.969375
86.698221,79,355.308856
85.826887,82,355.451128
86.705319,77,355.591868
77.108785,156,355.855643
86.78869,88,356.03249
85.572402,89,356.375318
85.14369,83,356.537851
82.984448,83,356.680213
86.189951,80,356.812692
88.397879,76,356.944851
86.326849,79,357.090302
86.870407,82,357.265357
84.48209,89,357.654897
77.863151,156,357.930823
73.794529,178,358.22489
79.580161,153,358.674516
86.67983,76,358.800267
85.32292,77,358.923266
74.439919,171,359.2251
81.979787,135,359.460122
85.114957,79,359.775392
87.31636,74,359.917727
89.233923,81,360.067475
86.724577,91,360.230514
86.739149,79,360.362493
87.333843,89,360.522665
87.102839,76,360.876498
88.924549,87,361.022191
84.864636,110,361.236519
88.594373,78,361.384945
83.164007,115,361.582088
86.733974,102,361.985268
86.77295,79,362.124595
88.00447,78,362.304771
85.861351,77,362.451142
88.759139,78,362.583476
85.544727,114,362.825528
86.286139,79,363.231558
87.260198,78,363.371013
86.806193,78,363.52187
87.288271,79,363.714486
87.419397,81,363.856364
85.134961,77,363.994868
85.969287,76,364.170396
88.534499,77,364.57658
86.230366,78,364.721273
85.349059,79,364.860225
85.165642,90,365.010408
87.027293,80,365.146882
86.306828,87,365.301199
89.749546,79,365.630327
85.570228,82,365.771568
88.036497,78,365.902405
86.570916,77,366.057852
85.893424,84,366.220206
84.706584,78,366.359971
85.966815,82,366.68977
85.404207,79,366.825742
85.927261,75,366.955494
83.923442,79,367.100765
86.359931,80,367.241185
83.60301,79,367.385253
85.342594,78,367.514632
86.934959,78,367.836803
86.83851,77,367.984022
87.380533,77,368.120987
84.23011,78,368.261353
85.901615,75,368.383852
84.743369,81,368.521846
85.660375,81,368.865355
89.045426,76,368.995599
86.755319,76,369.129322
88.37192,81,369.266079
86.276479,81,369.402941
87.889238,77,369.537706
85.580382,83,369.689273
81.119726,113,370.063498
73.573741,171,370.342008
86.595479,78,370.471361
87.898636,81,370.606926
87.771028,78,370.743956
77.702225,155,371.191484
85.932652,83,371.327939
85.070862,80,371.460244
86.383711,80,371.591621
86.545023,74,371.709791
86.936015,86,372.053314
87.399055,77,372.212825
88.489042,76,372.348332
84.463381,78,372.504867
86.756186,78,372.681563
88.494283,78,372.811681
84.584945,79,372.954339
86.912434,78,373.279986
83.212918,89,373.43101
84.515037,77,373.570247
88.744578,79,373.729038
87.174793,122,373.937443
84.964114,82,374.080617
83.557744,77,374.391769
77.44274,157,374.651296
74.152533,172,374.931189
85.323903,78,375.057447
83.800984,96,375.400072
87.662832,86,375.540159
77.252202,141,375.770168
85.063816,76,375.894961
85.14388,78,376.02268
87.988961,76,376.326153
87.3999,88,376.469527
84.402486,85,376.611475
86.963185,77,376.739599
85.778618,82,376.872362
88.325231,77,376.998306
86.440416,79,377.128398
86.046996,79,377.44365
85.805591,77,377.570594
84.422143,86,377.710763
86.451712,78,377.837961
88.733604,78,377.965785
86.459271,86,378.11132
84.873556,80,378.438433
78.643523,164,378.70523
86.704579,94,378.864244
86.551653,80,378.997493
86.331769,82,379.130993
86.545577,77,379.45617
86.651934,77,379.590033
87.95166,94,379.746414
87.945229,77,379.872182
86.919317,79,380.00044
88.354124,75,380.123185
87.438942,74,380.24481
87.916581,78,380.556313
87.165762,80,380.687466
84.273567,76,380.811893
87.014201,79,380.941991
85.318066,79,381.072572
84.940339,121,381.267826
88.155389,78,381.580936
86.512204,84,381.722383
88.835336,81,381.870705
86.492639,77,381.999967
85.836379,82,382.142659
89.57332,86,382.291495
88.498394,76,382.606996
86.632616,79,382.740201
86.40924,82,382.878148
85.035256,99,383.038059
84.451681,107,383.22104
87.667805,78,383.352385
82.355281,142,383.769564
87.374359,81,383.90698
87.509231,78,384.041175
87.495528,80,384.174346
87.298974,76,384.300604
86.893685,76,384.437111
85.63825,81,384.779459
88.286104,106,384.953895
86.895001,77,385.081266
88.484727,80,385.212679
87.968593,79,385.352843
88.165277,77,385.487433
88.551673,79,385.817532
88.290371,79,385.950456
84.204053,122,386.14892
86.237019,74,386.28201
88.791133,75,386.420683
86.062527,79,386.564434
87.596881,73,386.888623
84.631249,81,387.019386
77.024551,158,387.298054
87.090749,75,387.42547
89.168865,76,387.572613
87.788359,77,387.701032
87.316242,76,388.022985
85.888649,79,388.160773
84.810327,123,388.375023
87.21349,81,388.509691
88.708652,87,388.658274
85.938226,78,388.99179
86.100252,108,389.176762
83.596337,77,389.306461
87.031383,79,389.44034
87.153608,76,389.566799
87.345395,88,389.712556
86.379663,79,390.039291
85.509505,104,390.222902
86.748762,77,390.350615
87.71311,78,390.477823
86.078536,76,390.604095
85.778598,85,390.786634
87.76979,75,390.954418
86.160828,80,391.281667
86.244128,78,391.413389
87.354423,78,391.549824
86.111627,111,391.755649
89.260729,77,391.895474
86.339192,90,392.050498
80.630739,173,392.54168
87.851065,78,392.679496
77.760087,156,392.946953
78.860391,163,393.435472
86.710969,77,393.574836
86.308973,87,393.723506
86.832807,77,393.851321
87.692465,77,393.979051
88.299706,77,394.116709
86.880086,79,394.448841
86.596767,112,394.64098
86.158995,77,394.775026
87.232429,81,394.916646
85.870137,85,395.064165
77.875061,158,395.520152
88.286551,76,395.648371
86.228754,79,395.784889
84.646687,80,395.927375
87.205522,75,396.069685
88.288429,78,396.20189
85.72401,79,396.420952
81.613274,149,396.876897
85.384479,83,397.022866
87.028526,83,397.173599
85.93086,77,397.299637
86.971781,78,397.435085
87.103596,78,397.778322
84.302562,75,397.936098
87.806675,76,398.078619
86.177989,85,398.219634
88.769374,76,398.350501
86.822456,76,398.478265
86.868788,79,398.610006
85.104763,77,398.965257
84.440442,81,399.099499
85.688251,80,399.241557
87.627997,79,399.37846
85.246839,80,399.513729
86.065495,80,399.655301
86.677993,78,400.015561
85.218254,79,400.168918
86.587209,87,400.318396
87.20614,81,400.47177
85.926539,85,400.62516
86.815813,82,400.77265
86.263506,77,400.90346
84.552419,78,401.306709
86.286428,88,401.455876
82.193964,106,401.640268
87.231297,76,401.771763
84.875693,82,401.965847
86.479616,75,402.124981
86.872787,90,402.507163
80.286973,158,402.793757
87.051318,78,402.940033
88.084709,76,403.078234
87.020494,88,403.224722
86.997301,113,403.607347
87.993512,78,403.735734
87.844616,94,403.892641
77.971235,167,404.163237
88.182097,88,404.331711
85.510357,75,404.691914
89.05055,78,404.844049
88.690533,76,404.98082
88.226857,79,405.139689
77.821738,173,405.447696
88.779539,83,405.769428
86.429834,74,405.895355
86.329093,77,406.028228
87.338706,77,406.186175
86.348735,77,406.319943
89.328605,78,406.454104
87.82703,76,406.598717
88.403365,75,406.998934
87.426355,82,407.152905
86.236953,78,407.284308
85.047818,77,407.413482
86.581388,76,407.547385
86.130191,80,407.728711
86.86206,76,408.111749
87.094674,80,408.284726
87.013611,76,408.409864
84.823303,76,408.537549
86.047236,78,408.665833
87.657325,78,408.796952
85.294663,86,408.950774
87.411019,78,409.335723
85.907193,77,409.533265
89.019749,75,409.6724
88.334517,89,409.822838
86.327158,78,409.95137
86.10148,76,410.077878
86.108247,83,410.389442
86.223622,82,410.537478
86.97263,79,410.673022
85.643944,105,410.874641
87.699648,77,411.004478
87.369906,75,411.133937
85.468298,76,411.263344
85.184654,76,411.612925
87.979244,82,411.813587
87.210315,76,411.946479
86.731056,75,412.072865
85.234847,83,412.20981
83.816016,110,412.387173
85.862698,82,412.737829
86.148664,78,412.903217
86.862818,76,413.0427
88.509194,78,413.185748
87.348113,77,413.310931
87.17655,77,413.440841
84.387535,80,413.765897
85.266178,82,413.908953
85.904863,79,414.053097
86.270551,82,414.223679
87.629128,78,414.371396
86.879825,87,414.525398
87.283882,77,414.661036
88.796278,80,415.035744
87.067589,81,415.219664
84.164241,109,415.406936
87.55948,83,415.561642
88.326549,76,415.732561
85.864244,80,415.876132
86.675213,78,416.196035
86.786493,77,416.334161
88.055482,77,416.504732
86.243953,77,416.641361
80.339398,146,416.924293
86.918353,75,417.237403
85.780342,101,417.444711
87.892397,78,417.585806
88.599492,78,417.72349
88.610398,76,417.862228
86.339171,85,418.005828
85.768227,85,418.329056
86.245189,88,418.495282
88.250827,77,418.62731
85.661055,78,418.816317
85.835417,75,418.964468
85.647397,81,419.105411
85.07745,92,419.268852
86.568249,92,419.618848
87.621617,76,419.743998
87.799888,79,419.892447
84.932126,76,420.032875
87.451592,97,420.212597
86.48328,79,420.392251
86.27629,76,420.745173
85.802215,78,420.898126
86.305392,80,421.051674
88.277635,81,421.206863
86.198273,79,421.372017
86.175705,77,421.505654
87.061038,78,421.81462
87.292199,75,421.939963
87.062793,76,422.067663
84.719826,92,422.217158
88.805855,77,422.346909
84.86076,83,422.486767
86.330786,78,422.61555
86.771949,76,422.918538
84.111255,134,423.147777
87.167355,78,423.350762
87.015081,90,423.496781
88.793143,77,423.624002
89.212153,80,423.753642
86.054272,77,424.165949
86.541315,76,424.316725
87.82784,80,424.471286
85.127624,81,424.646963
88.288767,78,424.841902
87.090725,79,424.978922
86.055294,121,425.374817
87.140109,81,425.508508
85.839538,104,425.686208
87.028696,81,425.819998
87.820467,78,425.966229
86.835669,81,426.120726
86.47094,85,426.444512
86.262344,78,426.580078
85.540792,94,426.743318
87.408478,79,426.897411
87.85731,75,427.034261
85.804472,77,427.163303
85.420904,77,427.481341
86.052663,83,427.617054
85.757663,77,427.751232
77.121075,167,428.069907
86.925699,77,428.20247
86.598917,87,428.539689
78.890483,127,428.761939
86.724186,81,428.905037
85.076702,76,429.044659
85.421871,82,429.182243
86.932698,75,429.308424
84.915042,77,429.722314
89.235719,78,429.880016
85.943259,76,430.022415
85.787915,95,430.179922
86.096097,86,430.321867
84.963257,79,430.451638
87.794259,77,430.812289
86.834825,76,430.946941
85.555952,84,431.097671
86.215276,76,431.229058
87.540694,78,431.357273
86.576279,76,431.484197
88.768031,77,431.619969
85.479911,77,431.961833
77.776444,164,432.299847
85.555058,87,432.446934
83.589148,77,432.595405
78.331824,148,433.102384
83.864078,78,433.29338
87.559158,77,433.424312
88.024169,76,433.561018
84.491767,100,433.777074
84.325615,80,433.916634
85.243981,77,434.049417
85.793293,85,434.427199
89.215694,76,434.556903
87.111655,77,434.704013
83.935917,77,434.835187
87.243654,79,434.978585
85.687061,87,435.165821
81.74659,125,435.610132
88.154694,76,435.743139
89.069099,74,435.873672
85.22677,78,436.004193
86.709404,79,436.139298
86.378148,79,436.318721
77.522482,153,436.792954
80.445284,147,437.046575
85.085869,83,437.194123
86.639996,78,437.329759
85.7703,77,437.456124
84.748306,83,437.767516
86.18902,77,437.894686
87.922888,75,438.019331
86.223982,78,438.150097
84.927947,77,438.27765
85.262057,77,438.43572
84.126462,109,438.843102
88.944407,77,438.99352
89.179943,77,439.128551
85.857488,87,439.277288
86.889623,76,439.407258
87.149494,78,439.545896
85.800567,120,439.919397
86.501592,108,440.102321
86.952499,76,440.227404
86.684278,83,440.362343
85.844592,79,440.497334
85.651584,76,440.623723
85.54731,75,440.927653
85.051777,76,441.06103
86.091941,76,441.184539
85.037602,76,441.306367
86.705527,78,441.437374
87.470303,82,441.57732
86.875625,79,441.706879
88.589582,76,442.020899
88.708893,77,442.145657
86.421832,74,442.264448
87.292591,77,442.389382
86.584137,79,442.544847
84.343885,78,442.726501
83.321546,85,443.09772
84.148491,75,443.225211
84.972249,80,443.357732
85.882266,77,443.494941
84.562565,75,443.622412
87.100839,78,443.756844
86.224146,78,443.907012
86.12798,79,444.278321
88.517219,76,444.407145
85.338327,82,444.558863
87.480487,78,444.738329
88.02365,79,444.909529
87.750448,78,445.083583
88.107403,82,445.457873
86.608583,77,445.606577
83.573662,85,445.749305
85.014619,78,445.882681
84.643031,92,446.083111
84.851677,76,446.229067
86.56883,77,446.398711
85.099886,78,446.778566
85.205687,77,446.940644
85.021882,81,447.092997
86.370622,79,447.264513
86.32393,84,447.422495
86.125999,79,447.606755
86.500151,74,447.978467
87.434744,96,448.178636
85.06613,76,448.33204
86.679546,81,448.51661
84.060451,88,448.699348
86.601996,120,448.923008
86.120435,74,449.300754
87.961228,80,449.477416
85.426233,84,449.639499
86.5255,78,449.770494
86.512248,77,449.918693
82.777146,109,450.161047
78.107588,144,450.687549
85.898911,81,450.857017
87.570662,77,451.040405
88.665231,75,451.188853
88.623219,78,451.317576
84.83722,106,451.686575
84.076017,80,451.831583
85.318968,113,452.019467
86.893079,80,452.151902
85.365422,80,452.280727
87.492497,76,452.40599
88.842418,77,452.721498
87.323324,76,452.856361
86.386873,78,452.985377
87.207555,74,453.107157
86.255218,79,453.235819
87.480129,92,453.385464
87.181859,78,453.5141
87.224184,77,453.82159
86.95369,89,453.963861
85.070978,77,454.086334
87.2579,93,454.241285
86.985835,76,454.364997
87.029456,75,454.486458
86.513653,80,454.803595
87.078123,78,454.934598
86.972718,82,455.071911
85.236657,76,455.194501
86.145935,80,455.335761
88.509114,80,455.471585
84.918798,79,455.601663
86.410699,76,455.919442
87.759701,76,456.068549
86.382834,87,456.250932
85.160273,79,456.404986
84.542016,77,456.545582
86.612538,75,456.670635
87.13877,77,456.988
88.930778,77,457.121693
86.395479,75,457.260075
87.684316,75,457.387983
85.041703,83,457.535205
86.463417,81,457.667976
85.430765,76,457.789283
86.222695,77,458.120316
86.950365,77,458.245913
86.969595,77,458.376205
85.760934,82,458.523448
85.925668,79,458.654183
84.402214,104,458.833073
87.410082,81,459.155092
86.480242,90,459.301422
87.321312,78,459.443638
86.109286,76,459.56963
86.177006,79,459.707311
88.235298,78,459.838324
86.335487,77,460.164249
88.339578,76,460.291983
87.514225,77,460.424914
87.490124,77,460.558009
78.635842,149,460.815382
87.185761,77,460.945184
86.101218,78,461.272909
87.06014,80,461.409283
86.230248,88,461.554937
85.939113,76,461.703001
86.10132,87,461.858181
84.596324,77,461.987477
85.23976,78,462.335013
87.39784,78,462.485772
88.879909,89,462.676408
87.327734,79,462.847642
85.887497,74,462.96868
85.298558,114,463.162584
85.057932,79,463.471271
87.653408,76,463.597747
86.639257,82,463.740792
88.48112,85,463.890335
87.463238,77,464.015415
86.704509,75,464.136857
83.14793,119,464.512242
88.211352,77,464.637889
86.795479,83,464.775759
87.074803,78,464.94385
86.604779,76,465.10647
86.976503,77,465.244163
87.117453,77,465.416999
88.774635,77,465.75381
86.625177,79,465.888786
86.343941,97,466.053163
86.967748,75,466.183039
86.579841,86,466.375955
86.847875,77,466.556293
85.720163,84,466.977757
88.26907,79,467.154002
84.772207,84,467.348784
87.350843,74,467.481421
85.852899,86,467.655047
86.799047,81,467.848786
85.577432,87,468.252678
87.690241,82,468.425539
85.349171,77,468.58545
87.749405,76,468.732646
84.93053,83,468.914412
87.648799,81,469.06233
87.256321,77,469.197147
87.764324,77,469.599132
85.163485,87,469.765799
87.151405,78,469.932803
87.349491,73,470.09687
85.397842,87,470.287179
87.483042,81,470.471096
86.953401,79,470.856329
87.974963,76,471.008987
84.990644,79,471.152341
89.049718,76,471.28577
86.30713,79,471.427131
87.396096,92,471.590663
87.903887,81,471.733996
87.223564,81,472.073144
88.742405,74,472.206944
87.669984,78,472.356549
86.616615,75,472.496303
86.546791,95,472.661461
87.952032,75,472.789108
88.160216,78,473.131441
86.916886,78,473.269766
76.314139,152,473.533128
87.059734,86,473.682235
87.511382,87,473.827415
87.94454,78,474.139006
90.07305,77,474.269911
85.263926,117,474.464372
86.923119,81,474.604481
87.776551,78,474.73852
78.885253,148,475.007824
76.295614,170,475.505283
88.318234,77,475.629843
87.886391,84,475.765522
86.977023,78,475.888758
88.157052,79,476.015564
88.695546,77,476.316618
79.06238,156,476.575494
87.334214,79,476.707463
85.773272,87,476.853029
89.077508,79,476.980532
87.322578,75,477.283494
85.911495,94,477.438428
78.855715,162,477.711702
87.038577,77,477.843447
86.265175,76,477.967494
84.831089,76,478.090369
88.594302,78,478.395804
86.599113,78,478.529763
87.568585,80,478.666975
86.146638,85,478.813904
85.186383,80,478.954275
86.32656,79,479.088938
87.230883,90,479.435249
87.605147,78,479.566367
86.454406,90,479.734431
84.968917,75,479.88123
90.16646,76,480.007843
89.11355,76,480.131301
88.256296,80,480.449241
87.60937,82,480.584165
86.51701,83,480.720461
88.113942,95,480.874929
87.45271,75,480.997708
87.561487,75,481.120318
89.071664,76,481.242422
78.70881,159,481.687746
88.180056,77,481.811465
85.188919,81,481.943028
85.767031,77,482.068829
88.00028,76,482.192925
85.026818,89,482.522212
86.576303,84,482.658944
87.610578,88,482.806321
87.246749,78,482.932508
86.74398,77,483.05751
84.841087,77,483.188658
88.427317,76,483.311991
83.531989,106,483.658034
85.246062,77,483.791766
87.244225,77,483.918303
87.132162,76,484.039958
86.840766,84,484.178073
87.654051,76,484.304228
78.303194,178,484.78097
88.179144,81,484.912757
85.910626,77,485.037322
86.942865,80,485.164171
86.332965,79,485.292897
86.731878,81,485.615046
84.469893,78,485.744297
85.659954,79,485.878043
87.381651,85,486.024605
86.829118,97,486.191231
85.770135,80,486.326698
85.990912,77,486.636583
85.559586,78,486.763223
86.642996,77,486.891628
86.705695,77,487.017256
87.791033,77,487.141587
86.766516,77,487.267668
88.078016,79,487.392398
88.056501,81,487.700258
86.297304,79,487.836197
85.387436,95,487.989522
86.258494,73,488.107691
88.263927,86,488.246243
87.286376,78,488.369908
87.824005,78,488.672841
86.62928,78,488.802234
87.38423,86,488.950266
89.005092,79,489.084665
87.411587,83,489.227119
87.575577,95,489.390334
87.995603,75,489.741711
87.10481,75,489.886963
88.456433,77,490.031561
87.922208,78,490.175805
84.825104,76,490.354671
87.673788,80,490.525767
87.416291,78,490.705273
86.77136,85,491.156681
86.58289,78,491.354973
85.974727,79,491.522831
85.136959,79,491.716834
85.124346,73,491.892433
86.760613,81,492.050108
86.630923,80,492.415262
85.15471,79,492.548917
86.629481,79,492.683449
87.012803,83,492.872265
88.090136,78,493.014313
86.780303,78,493.144739
86.105811,83,493.28453
85.395,86,493.616508
83.826515,134,493.839401
86.684718,88,493.988946
86.821553,78,494.129037
86.478042,84,494.27576
88.375244,77,494.62595
89.164314,81,494.759907
86.674398,78,494.893818
83.792291,83,495.032553
88.598985,77,495.170042
87.113582,77,495.303476
86.4415,78,495.432247
78.254379,155,495.877447
88.2649,96,496.03346
87.371269,87,496.17574
88.66909,77,496.307324
87.682923,80,496.445188
88.762065,86,496.766382
88.534598,77,496.889996
87.314399,78,497.014901
87.007387,77,497.13759
85.84834,106,497.317962
89.537687,74,497.443787
86.36445,77,497.749185
84.498298,79,497.879593
86.555697,76,498.001172
85.93089,77,498.126642
83.920402,128,498.417362
84.03164,118,498.683332
87.576427,120,499.18718
81.858848,156,499.513207
87.184069,108,499.750127
86.976736,77,499.897613
87.815583,76,500.254955
86.166195,79,500.445187
88.152527,75,500.583249
89.575656,77,500.727112
87.506943,74,500.889459
85.877795,79,501.039317
87.339003,74,501.207676
87.039853,79,501.597353
86.546424,85,501.792809
85.321001,79,501.969368
78.547042,156,502.307459
85.850746,78,502.473299
88.201227,82,502.883465
87.428373,78,503.035285
87.331852,84,503.224384
88.184085,78,503.398023
85.832436,78,503.569647
79.853804,152,503.886508
87.509118,78,504.266734
86.870972,77,504.391404
86.005836,82,504.52695
84.838525,75,504.684946
85.653145,92,504.878409
81.746302,142,505.20465
85.584239,75,505.583501
86.188455,77,505.779005
86.05482,83,505.953631
77.938487,155,506.288869
86.184996,79,506.463271
85.808816,78,506.838213
83.052782,112,507.069421
88.360512,80,507.247135
86.144534,93,507.446938
76.96397,183,507.841722
85.140935,78,508.1896
86.686924,80,508.330429
87.895941,78,508.463362
85.540666,100,508.657418
84.12311,80,508.803782
86.661911,84,508.942949
86.369986,79,509.349483
85.053358,79,509.542475
86.202289,77,509.71003
87.605859,78,509.886466
87.154399,80,510.075069
85.633393,76,510.256905
86.214402,76,510.616424
84.554243,110,510.855591
87.792211,84,511.02349
85.949416,76,511.170703
88.43137,75,511.298696
85.144632,102,511.470423
86.547488,76,511.79785
86.063781,79,511.951021
86.288209,77,512.080647
86.504598,81,512.216597
85.828688,78,512.349337
87.330817,76,512.4783
86.087121,80,512.622216
85.659087,85,513.016904
88.448889,76,513.143673
86.549074,78,513.290981
87.567597,78,513.454318
87.314558,84,513.618736
87.138813,76,513.754634
87.370246,77,514.101911
86.516098,77,514.234008
84.741166,92,514.388787
87.418857,82,514.534411
86.800732,81,514.701788
87.250205,78,514.847447
78.154506,157,515.397544
87.515322,78,515.578707
85.247754,92,515.784836
84.339577,83,515.975766
85.714386,101,516.182117
87.056086,89,516.562651
85.895324,81,516.704566
87.001966,78,516.837131
84.435649,77,516.96746
87.136504,86,517.142875
86.038922,74,517.264098
87.945068,78,517.39672
84.708439,86,517.729109
86.582632,85,517.869047
87.080676,90,518.019526
87.217764,81,518.154097
88.258141,80,518.287553
86.394114,80,518.421488
86.98367,79,518.728987
84.980988,79,518.86433
87.500907,75,518.982753
86.362833,82,519.12201
88.437724,75,519.268469
86.803525,77,519.427528
89.824803,88,519.755774
86.361029,78,519.884735
86.079344,78,520.016163
86.36893,76,520.143404
86.2627,79,520.277342
83.61886,87,520.422324
89.366311,78,520.551369
87.194092,79,520.862899
87.094424,77,520.988631
85.658762,77,521.115022
88.208802,76,521.239414
86.290421,82,521.373009
85.849837,125,521.575007
85.4623,77,521.882976
85.567742,74,522.002303
87.137104,78,522.132371
87.358954,79,522.26328
85.728162,83,522.398528
85.955747,78,522.528141
86.118251,80,522.839076
86.630393,86,522.978702
87.746478,75,523.100871
87.272377,84,523.239595
85.235176,109,523.412764
85.962599,77,523.538538
87.573218,77,523.840782
84.310871,77,523.964542
87.37382,76,524.086588
85.239707,78,524.211906
85.880996,85,524.350487
86.068046,79,524.480953
85.402885,76,524.601186
85.519115,83,524.946765
85.592798,80,525.081316
87.472108,76,525.20787
87.630896,79,525.339524
87.266525,76,525.467409
88.505271,77,525.596291
86.020486,79,525.922202
87.043738,76,526.047454
86.232734,88,526.188901
85.822334,75,526.310577
85.773779,89,526.456255
87.009338,76,526.580576
88.089401,78,526.709234
85.627828,80,527.013307
85.65921,76,527.135739
88.276396,79,527.267116
87.454752,81,527.397831
78.983924,166,527.672171
86.736819,78,527.973738
88.679451,78,528.100776
87.789342,77,528.2263
86.201354,77,528.348594
86.230439,98,528.508753
85.354315,75,528.630303
88.600999,76,528.755729
87.883494,78,529.063137
85.209302,89,529.20825
85.699063,78,529.333421
86.66176,74,529.454146
86.283371,79,529.58405
84.872632,91,529.731979
87.567675,80,530.042433
85.978422,81,530.175294
77.958341,142,530.408457
87.251825,86,530.547359
83.786368,81,530.682485
85.101451,76,530.984808
86.103515,76,531.109442
88.447811,78,531.237301
86.181555,79,531.36454
85.055855,80,531.500368
86.061005,75,531.624322
87.2336,77,531.753343
86.520082,75,532.051674
85.549798,79,532.180172
87.700854,78,532.307417
85.72676,80,532.436663
85.058037,88,532.57953
87.734226,75,532.702889
86.870089,81,532.835137
87.947142,76,533.148536
85.900473,79,533.274268
86.113209,77,533.399108
85.677973,79,533.530043
87.631975,76,533.653679
86.589764,84,533.794278
