# {"t_start": 1592859484.5887573, "env_id": "Acrobot-v1"} 
r,l,t
-73.0,74,1.583115
-98.0,99,1.768198
-78.0,79,1.914861
-70.0,71,2.049776
-76.0,77,2.192794
-81.0,82,2.347972
-95.0,96,2.693254
-82.0,83,2.847484
-73.0,74,2.98397
-80.0,81,3.132905
-93.0,94,3.303467
-204.0,205,3.841025
-64.0,65,3.956974
-76.0,77,4.099151
-73.0,74,4.234724
-84.0,85,4.391436
-69.0,70,4.516861
-99.0,100,4.866546
-86.0,87,5.027981
-80.0,81,5.179375
-73.0,74,5.314897
-78.0,79,5.460185
-74.0,75,5.594269
-96.0,97,5.939391
-80.0,81,6.088654
-70.0,71,6.218874
-87.0,88,6.381073
-74.0,75,6.515645
-95.0,96,6.694945
-71.0,72,6.992944
-90.0,91,7.164954
-77.0,78,7.308524
-84.0,85,7.468761
-82.0,83,7.622733
-77.0,78,7.768776
-87.0,88,7.934214
-76.0,77,8.241892
-83.0,84,8.403756
-87.0,88,8.561429
-150.0,151,8.844438
-99.0,100,9.031507
-79.0,80,9.347573
-87.0,88,9.509411
-90.0,91,9.676216
-75.0,76,9.818201
-109.0,110,10.024915
-96.0,97,10.374337
-79.0,80,10.522167
-97.0,98,10.706592
-102.0,103,10.897444
-83.0,84,11.052733
-69.0,70,11.185886
-84.0,85,11.510541
-67.0,68,11.632473
-84.0,85,11.786577
-81.0,82,11.933791
-89.0,90,12.102122
-158.0,159,12.405399
-72.0,73,12.707126
-80.0,81,12.856883
-93.0,94,13.031199
-87.0,88,13.195981
-93.0,94,13.37081
-101.0,102,13.729473
-79.0,80,13.878037
-73.0,74,14.01472
-231.0,232,14.450935
-98.0,99,14.638707
-193.0,194,15.168833
-92.0,93,15.342705
-127.0,128,15.582079
-71.0,72,15.718946
-72.0,73,16.017749
-132.0,133,16.264762
-98.0,99,16.453769
-106.0,107,16.658266
-142.0,143,17.091694
-61.0,62,17.210191
-78.0,79,17.358588
-79.0,80,17.508946
-89.0,90,17.680097
-95.0,96,17.862495
-101.0,102,18.052601
-78.0,79,18.369913
-71.0,72,18.502503
-70.0,71,18.634487
-76.0,77,18.775625
-84.0,85,18.933339
-81.0,82,19.082526
-78.0,79,19.397057
-85.0,86,19.555601
-73.0,74,19.692034
-63.0,64,19.810718
-78.0,79,19.956498
-83.0,84,20.112644
-94.0,95,20.455785
-91.0,92,20.627709
-99.0,100,20.812303
-86.0,87,20.974409
-86.0,87,21.137328
-71.0,72,21.272271
-81.0,82,21.588771
-99.0,100,21.775787
-132.0,133,22.01954
-99.0,100,22.204786
-82.0,83,22.360349
-87.0,88,22.691541
-73.0,74,22.829005
-93.0,94,23.004864
-74.0,75,23.141655
-92.0,93,23.315137
-77.0,78,23.460076
-89.0,90,23.625253
-149.0,150,24.066846
-80.0,81,24.215873
-91.0,92,24.386869
-80.0,81,24.536053
-75.0,76,24.677853
-72.0,73,24.976851
-72.0,73,25.11338
-77.0,78,25.256854
-81.0,82,25.409384
-79.0,80,25.558043
-77.0,78,25.705709
-76.0,77,25.84906
-90.0,91,26.186636
-107.0,108,26.388139
-96.0,97,26.568975
-74.0,75,26.711581
-79.0,80,26.858161
-118.0,119,27.248817
-86.0,87,27.412544
-92.0,93,27.589611
-78.0,79,27.737188
-88.0,89,27.906193
-76.0,77,28.049157
-105.0,106,28.415752
-82.0,83,28.570014
-90.0,91,28.740539
-267.0,268,29.245981
-82.0,83,29.56949
-199.0,200,29.94845
-69.0,70,30.077677
-82.0,83,30.231402
-77.0,78,30.375001
-87.0,88,30.718744
-101.0,102,30.91445
-75.0,76,31.058728
-74.0,75,31.201047
-79.0,80,31.348375
-84.0,85,31.507256
-94.0,95,31.856694
-93.0,94,32.034391
-186.0,187,32.382152
-97.0,98,32.565591
-75.0,76,32.872993
-84.0,85,33.03199
-100.0,101,33.218951
-96.0,97,33.397294
-71.0,72,33.53077
-86.0,87,33.692548
-70.0,71,33.990068
-92.0,93,34.159045
-61.0,62,34.273715
-83.0,84,34.430838
-90.0,91,34.600302
-82.0,83,34.754734
-105.0,106,35.115239
-82.0,83,35.270373
-86.0,87,35.430745
-139.0,140,35.692857
-73.0,74,35.82974
-89.0,90,36.163054
-73.0,74,36.300081
-93.0,94,36.473977
-77.0,78,36.61823
-76.0,77,36.762145
-74.0,75,36.900418
-88.0,89,37.065829
-79.0,80,37.375915
-88.0,89,37.535288
-83.0,84,37.687676
-75.0,76,37.824989
-82.0,83,37.98013
-66.0,67,38.104211
-89.0,90,38.433863
-87.0,88,38.601904
-82.0,83,38.755789
-94.0,95,38.936497
-161.0,162,39.241827
-103.0,104,39.603625
-100.0,101,39.789657
-69.0,70,39.92114
-78.0,79,40.07047
-93.0,94,40.246441
-99.0,100,40.435007
-78.0,79,40.745343
-76.0,77,40.887779
-75.0,76,41.028029
-99.0,100,41.216198
-91.0,92,41.390257
-67.0,68,41.517565
-102.0,103,41.877713
-91.0,92,42.051416
-103.0,104,42.24762
-63.0,64,42.367865
-64.0,65,42.492323
-91.0,92,42.665138
-89.0,90,42.998171
-85.0,86,43.156881
-85.0,86,43.319278
-82.0,83,43.475514
-62.0,63,43.592209
-79.0,80,43.742465
-83.0,84,44.068457
-91.0,92,44.244507
-76.0,77,44.38854
-76.0,77,44.532369
-94.0,95,44.711643
-74.0,75,44.852137
-95.0,96,45.199055
-91.0,92,45.367921
-75.0,76,45.512643
-88.0,89,45.679429
-109.0,110,45.887567
-75.0,76,46.027875
-92.0,93,46.370938
-87.0,88,46.535205
-85.0,86,46.699412
-93.0,94,46.875994
-76.0,77,47.022291
-76.0,77,47.164425
-72.0,73,47.47388
-91.0,92,47.648066
-76.0,77,47.792099
-75.0,76,47.936165
-79.0,80,48.087743
-84.0,85,48.244649
-77.0,78,48.556493
-77.0,78,48.703461
-81.0,82,48.854918
-106.0,107,49.055028
-84.0,85,49.213209
-205.0,206,49.768581
-72.0,73,49.901868
-77.0,78,50.049446
-82.0,83,50.202941
-75.0,76,50.34479
-104.0,105,50.540723
-90.0,91,50.874742
-80.0,81,51.024802
-80.0,81,51.176661
-78.0,79,51.325172
-73.0,74,51.466325
-92.0,93,51.640477
-142.0,143,52.080446
-86.0,87,52.242998
-77.0,78,52.388898
-103.0,104,52.584302
-71.0,72,52.720055
-161.0,162,53.198172
-78.0,79,53.347356
-81.0,82,53.50632
-66.0,67,53.640453
-94.0,95,53.824537
-74.0,75,53.97218
-62.0,63,54.25979
-317.0,318,54.882567
-62.0,63,55.006122
-134.0,135,55.439134
-63.0,64,55.557425
-81.0,82,55.708709
-72.0,73,55.841583
-88.0,89,56.006715
-72.0,73,56.141184
-83.0,84,56.298558
-79.0,80,56.615339
-102.0,103,56.808326
-82.0,83,56.962255
-73.0,74,57.100911
-63.0,64,57.221551
-73.0,74,57.360362
-70.0,71,57.659626
-86.0,87,57.824393
-95.0,96,58.002741
-89.0,90,58.170022
-83.0,84,58.325911
-92.0,93,58.499814
-99.0,100,58.855661
-80.0,81,59.009125
-91.0,92,59.179863
-82.0,83,59.335219
-64.0,65,59.454693
-87.0,88,59.619618
-96.0,97,59.966919
-89.0,90,60.138242
-80.0,81,60.287671
-128.0,129,60.527094
-191.0,192,61.055356
-68.0,69,61.1839
-64.0,65,61.304863
-88.0,89,61.46854
-93.0,94,61.645895
-90.0,91,61.816115
-81.0,82,62.137806
-76.0,77,62.280486
-118.0,119,62.493906
-81.0,82,62.642213
-95.0,96,62.816955
-62.0,63,62.930016
-90.0,91,63.260896
-75.0,76,63.397498
-76.0,77,63.537792
-90.0,91,63.70218
-97.0,98,63.88659
-87.0,88,64.048627
-187.0,188,64.560789
-91.0,92,64.733086
-103.0,104,64.923847
-99.0,100,65.109027
-90.0,91,65.443583
-86.0,87,65.599221
-75.0,76,65.739378
-90.0,91,65.908663
-75.0,76,66.051385
-92.0,93,66.22161
-63.0,64,66.343633
-86.0,87,66.678849
-94.0,95,66.856168
-76.0,77,66.997164
-71.0,72,67.131482
-81.0,82,67.28195
-87.0,88,67.443062
-85.0,86,67.770965
-79.0,80,67.917557
-186.0,187,68.271029
-103.0,104,68.47093
-74.0,75,68.780195
-78.0,79,68.928938
-93.0,94,69.102684
-79.0,80,69.250007
-105.0,106,69.445163
-105.0,106,69.641675
-81.0,82,69.959465
-74.0,75,70.0939
-83.0,84,70.247309
-114.0,115,70.459584
-83.0,84,70.617235
-93.0,94,70.794197
-103.0,104,71.149329
-77.0,78,71.293489
-84.0,85,71.452148
-88.0,89,71.619455
-96.0,97,71.800656
-112.0,113,73.10019
-76.0,77,73.247671
-81.0,82,73.406054
-94.0,95,73.590055
-80.0,81,73.744429
-82.0,83,73.907043
-71.0,72,74.216327
-92.0,93,74.398849
-99.0,100,74.590637
-134.0,135,74.851825
-84.0,85,75.016657
-85.0,86,75.180035
-87.0,88,75.51865
-91.0,92,75.692648
-129.0,130,75.951432
-95.0,96,76.149037
-70.0,71,76.293404
-71.0,72,76.618035
-70.0,71,76.76075
-227.0,228,77.221298
-86.0,87,77.3959
-91.0,92,77.58385
-103.0,104,77.978867
-90.0,91,78.163181
-85.0,86,78.336128
-81.0,82,78.497935
-79.0,80,78.66009
-64.0,65,78.789264
-74.0,75,79.110274
-95.0,96,79.302754
-81.0,82,79.468542
-74.0,75,79.619872
-74.0,75,79.770027
-87.0,88,79.947222
-62.0,63,80.242751
-75.0,76,80.391674
-83.0,84,80.56043
-83.0,84,80.734684
-102.0,103,80.943983
-94.0,95,81.128006
-63.0,64,81.43396
-82.0,83,81.599124
-74.0,75,81.748118
-76.0,77,81.903241
-123.0,124,82.14936
-127.0,128,82.584985
-71.0,72,82.729171
-73.0,74,82.877542
-81.0,82,83.039388
-71.0,72,83.181744
-119.0,120,83.419415
-77.0,78,83.574552
-91.0,92,83.921764
-97.0,98,84.117054
-82.0,83,84.28358
-70.0,71,84.4228
-98.0,99,84.619303
-102.0,103,84.996143
-77.0,78,85.14693
-91.0,92,85.325504
-118.0,119,85.55521
-78.0,79,85.707369
-64.0,65,85.834686
-73.0,74,86.160295
-108.0,109,86.365958
-101.0,102,86.558505
-73.0,74,86.697714
-88.0,89,86.866501
-94.0,95,87.048031
-79.0,80,87.368668
-82.0,83,87.523494
-76.0,77,87.66513
-87.0,88,87.828189
-80.0,81,87.979538
-81.0,82,88.135003
-85.0,86,88.461687
-82.0,83,88.616889
-75.0,76,88.763867
-71.0,72,88.901781
-70.0,71,89.04005
-82.0,83,89.199417
-78.0,79,89.372367
-101.0,102,89.733442
-101.0,102,89.931902
-73.0,74,90.074558
-79.0,80,90.223746
-96.0,97,90.409607
-94.0,95,90.760475
-66.0,67,90.888247
-97.0,98,91.074676
-90.0,91,91.247559
-93.0,94,91.42644
-93.0,94,91.604912
-87.0,88,91.936551
-71.0,72,92.081158
-75.0,76,92.233373
-96.0,97,92.422024
-82.0,83,92.582848
-82.0,83,92.738467
-89.0,90,93.082391
-74.0,75,93.226214
-87.0,88,93.392484
-100.0,101,93.578462
-105.0,106,93.776516
-83.0,84,93.934567
-91.0,92,94.278799
-83.0,84,94.436842
-86.0,87,94.60128
-90.0,91,94.771439
-66.0,67,94.897989
-81.0,82,95.049976
-90.0,91,95.388095
-81.0,82,95.542585
-81.0,82,95.696893
-115.0,116,95.916014
-104.0,105,96.112581
-75.0,76,96.417437
-94.0,95,96.597618
-90.0,91,96.767962
-76.0,77,96.912894
-78.0,79,97.060811
-91.0,92,97.233943
-89.0,90,97.572351
-79.0,80,97.724329
-86.0,87,97.889787
-80.0,81,98.041461
-75.0,76,98.184202
-73.0,74,98.322849
-80.0,81,98.475896
-67.0,68,98.772302
-96.0,97,98.955267
-100.0,101,99.14993
-81.0,82,99.310079
-84.0,85,99.474047
-72.0,73,99.61485
-84.0,85,99.941425
-79.0,80,100.09444
-89.0,90,100.261754
-71.0,72,100.399137
-74.0,75,100.541702
-87.0,88,100.708443
-92.0,93,101.054103
-97.0,98,101.244822
-80.0,81,101.399295
-88.0,89,101.568925
-104.0,105,101.764523
-64.0,65,101.888112
-109.0,110,102.260015
-93.0,94,102.433188
-102.0,103,102.624621
-94.0,95,102.801157
-87.0,88,102.963366
-80.0,81,103.284661
-87.0,88,103.447028
-69.0,70,103.575618
-89.0,90,103.741685
-96.0,97,103.923155
-82.0,83,104.080887
-98.0,99,104.437255
-87.0,88,104.599463
-99.0,100,104.786529
-69.0,70,104.917623
-104.0,105,105.114662
-115.0,116,105.499681
-77.0,78,105.643344
-95.0,96,105.820015
-83.0,84,105.974684
-61.0,62,106.092247
-100.0,101,106.281966
-74.0,75,106.589885
-82.0,83,106.755741
-85.0,86,106.925376
-96.0,97,107.11444
-82.0,83,107.270782
-87.0,88,107.435811
-86.0,87,107.764005
-84.0,85,107.923829
-74.0,75,108.066911
-87.0,88,108.23467
-82.0,83,108.390775
-85.0,86,108.552553
-84.0,85,108.878631
-73.0,74,109.020075
-91.0,92,109.19212
-74.0,75,109.333182
-82.0,83,109.487841
-155.0,156,109.779448
-204.0,205,110.329568
-95.0,96,110.509485
-93.0,94,110.687849
-63.0,64,110.81051
-82.0,83,111.130708
-89.0,90,111.29816
-89.0,90,111.465047
-75.0,76,111.608094
-61.0,62,111.725137
-80.0,81,111.877187
-90.0,91,112.052087
-92.0,93,112.399305
-91.0,92,112.573534
-72.0,73,112.709576
-99.0,100,112.895843
-93.0,94,113.073103
-78.0,79,113.386721
-95.0,96,113.566469
-73.0,74,113.703364
-93.0,94,113.876495
-88.0,89,114.040282
-72.0,73,114.174797
-75.0,76,114.318949
-89.0,90,114.650808
-72.0,73,114.78532
-169.0,170,115.102408
-77.0,78,115.247339
-76.0,77,115.392963
-85.0,86,115.722895
-91.0,92,115.892779
-98.0,99,116.074899
-81.0,82,116.227919
-85.0,86,116.391416
-97.0,98,116.737825
-86.0,87,116.90002
-89.0,90,117.065858
-87.0,88,117.231419
-74.0,75,117.372682
-95.0,96,117.55201
-86.0,87,117.882526
-75.0,76,118.026882
-78.0,79,118.178051
-74.0,75,118.320602
-102.0,103,118.512392
-90.0,91,118.693227
-75.0,76,119.001975
-88.0,89,119.176003
-76.0,77,119.322641
-70.0,71,119.456507
-85.0,86,119.618804
-76.0,77,119.764992
-85.0,86,119.927984
-70.0,71,120.228553
-122.0,123,120.464468
-76.0,77,120.612243
-83.0,84,120.774794
-75.0,76,120.926627
-92.0,93,121.112699
-77.0,78,121.42833
-104.0,105,121.6253
-84.0,85,121.784391
-93.0,94,121.961496
-71.0,72,122.097975
-76.0,77,122.242627
-103.0,104,122.6032
-75.0,76,122.74531
-85.0,86,122.912566
-65.0,66,123.036883
-77.0,78,123.184731
-63.0,64,123.302689
-82.0,83,123.63114
-100.0,101,123.826746
-86.0,87,123.998405
-72.0,73,124.142805
-80.0,81,124.304831
-77.0,78,124.460322
-75.0,76,124.776279
-75.0,76,124.928346
-143.0,144,125.203925
-86.0,87,125.370466
-62.0,63,125.48818
-93.0,94,125.666613
-86.0,87,125.995321
-84.0,85,126.151702
-73.0,74,126.28693
-61.0,62,126.406632
-112.0,113,126.623931
-81.0,82,126.78085
-71.0,72,127.094044
-96.0,97,127.284209
-121.0,122,127.521504
-72.0,73,127.66292
-73.0,74,127.805323
-96.0,97,127.993374
-100.0,101,128.359666
-60.0,61,128.482754
-72.0,73,128.62672
-72.0,73,128.76778
-93.0,94,128.948592
-87.0,88,129.118643
-87.0,88,129.4516
-76.0,77,129.597617
-91.0,92,129.771213
-96.0,97,129.954545
-106.0,107,130.159412
-79.0,80,130.307518
-81.0,82,130.626224
-73.0,74,130.766215
-175.0,176,131.099975
-81.0,82,131.253993
-86.0,87,131.416354
-79.0,80,131.731034
-75.0,76,131.874449
-74.0,75,132.018228
-72.0,73,132.158389
-80.0,81,132.311272
-102.0,103,132.506021
-165.0,166,132.986423
-87.0,88,133.159058
-91.0,92,133.337771
-90.0,91,133.519772
-79.0,80,133.673935
-85.0,86,134.018092
-86.0,87,134.186639
-74.0,75,134.333049
-89.0,90,134.510327
-76.0,77,134.662144
-83.0,84,134.825663
-105.0,106,135.202723
-500.0,500,136.332377
-74.0,75,136.47594
-87.0,88,136.643934
-70.0,71,136.78011
-69.0,70,136.914701
-61.0,62,137.033946
-75.0,76,137.180867
-77.0,78,137.50018
-76.0,77,137.64584
-70.0,71,137.79359
-92.0,93,137.976185
-99.0,100,138.173468
-90.0,91,138.347748
-99.0,100,138.71186
-103.0,104,138.909314
-75.0,76,139.051102
-75.0,76,139.196253
-70.0,71,139.334166
-91.0,92,139.510319
-103.0,104,139.885088
-90.0,91,140.068647
-123.0,124,140.317273
-76.0,77,140.522406
-141.0,142,141.176762
-75.0,76,141.331035
-88.0,89,141.517992
-83.0,84,141.68618
-150.0,151,141.977539
-112.0,113,142.35897
-83.0,84,142.528541
-79.0,80,142.689384
-79.0,80,142.848112
-81.0,82,143.004793
-89.0,90,143.178111
-92.0,93,143.355446
-69.0,70,143.654128
-101.0,102,143.846686
-74.0,75,143.990686
-97.0,98,144.17836
-70.0,71,144.311574
-159.0,160,144.785667
-85.0,86,144.957102
-85.0,86,145.120601
-90.0,91,145.292399
-65.0,66,145.417978
-92.0,93,145.592607
-95.0,96,145.940138
-92.0,93,146.116681
-89.0,90,146.290797
-95.0,96,146.475562
-70.0,71,146.614616
-86.0,87,146.778744
-87.0,88,147.113679
-81.0,82,147.268498
-93.0,94,147.442165
-95.0,96,147.622289
-76.0,77,147.768433
-121.0,122,148.164608
-91.0,92,148.33935
-109.0,110,148.545245
-82.0,83,148.701004
-82.0,83,148.851961
-102.0,103,149.042826
-111.0,112,149.419893
-82.0,83,149.578322
-82.0,83,149.734997
-91.0,92,149.904598
-113.0,114,150.124147
-81.0,82,150.44644
-93.0,94,150.625838
-72.0,73,150.765965
-87.0,88,150.937137
-95.0,96,151.127151
-93.0,94,151.30784
-79.0,80,151.620605
-71.0,72,151.756615
-70.0,71,151.891419
-70.0,71,152.024953
-85.0,86,152.188314
-72.0,73,152.327862
-77.0,78,152.644367
-77.0,78,152.793575
-98.0,99,152.978546
-78.0,79,153.125729
-71.0,72,153.259745
-95.0,96,153.441456
-83.0,84,153.761741
-90.0,91,153.932663
-80.0,81,154.084135
-97.0,98,154.268915
-86.0,87,154.430728
-76.0,77,154.574885
-133.0,134,154.990912
-136.0,137,155.249977
-91.0,92,155.422065
-71.0,72,155.556041
-88.0,89,155.723076
-95.0,96,156.067377
-93.0,94,156.243988
-79.0,80,156.393975
-86.0,87,156.556406
-70.0,71,156.689816
-86.0,87,156.853214
-97.0,98,157.200091
-80.0,81,157.352663
-83.0,84,157.510167
-96.0,97,157.693395
-71.0,72,157.828686
-77.0,78,157.976103
-121.0,122,158.378548
-75.0,76,158.519441
-87.0,88,158.687293
-85.0,86,158.852251
-78.0,79,159.002899
-88.0,89,159.176178
-73.0,74,159.481634
-75.0,76,159.621791
-85.0,86,159.785507
-84.0,85,159.946962
-101.0,102,160.140256
-79.0,80,160.290124
-76.0,77,160.606741
-73.0,74,160.747617
-70.0,71,160.883455
-75.0,76,161.027242
-79.0,80,161.177854
-80.0,81,161.331741
-79.0,80,161.478417
-85.0,86,161.802887
-86.0,87,161.967753
-107.0,108,162.170807
-75.0,76,162.311216
-89.0,90,162.483192
-95.0,96,162.833257
-126.0,127,163.068695
-101.0,102,163.257583
-93.0,94,163.437122
-91.0,92,163.611955
-89.0,90,163.944268
-84.0,85,164.105946
-192.0,193,164.475208
-77.0,78,164.621842
-88.0,89,164.790748
-70.0,71,165.092597
-81.0,82,165.252301
-92.0,93,165.432335
-91.0,92,165.608294
-71.0,72,165.747902
-96.0,97,165.936444
-85.0,86,166.269933
-72.0,73,166.40744
-85.0,86,166.569824
-78.0,79,166.718792
-74.0,75,166.859221
-89.0,90,167.027617
-73.0,74,167.166637
-77.0,78,167.477911
-61.0,62,167.59417
-76.0,77,167.737772
-69.0,70,167.870368
-98.0,99,168.055967
-99.0,100,168.24411
-80.0,81,168.561202
-97.0,98,168.742924
-80.0,81,168.895637
-72.0,73,169.034871
-155.0,156,169.337558
-87.0,88,169.6757
-159.0,160,169.974779
-92.0,93,170.149057
-88.0,89,170.315835
-78.0,79,170.464753
-72.0,73,170.772463
-92.0,93,170.946566
-81.0,82,171.097509
-97.0,98,171.278908
-118.0,119,171.497474
-72.0,73,171.632029
-93.0,94,171.974695
-90.0,91,172.142862
-70.0,71,172.273578
-75.0,76,172.413599
-85.0,86,172.574601
-90.0,91,172.74747
-75.0,76,173.055194
-110.0,111,173.260216
-80.0,81,173.410582
-72.0,73,173.549573
-77.0,78,173.700395
-85.0,86,173.868026
-84.0,85,174.198295
-106.0,107,174.395459
-74.0,75,174.536638
-108.0,109,174.745394
-86.0,87,174.909318
-90.0,91,175.083369
-77.0,78,175.392847
-62.0,63,175.511506
-91.0,92,175.680629
-78.0,79,175.831261
-92.0,93,176.004399
-63.0,64,176.121501
-79.0,80,176.440508
-89.0,90,176.615872
-81.0,82,176.772405
-83.0,84,176.934952
-127.0,128,177.182514
-87.0,88,177.352546
-119.0,120,177.74452
-81.0,82,177.894883
-69.0,70,178.022919
-99.0,100,178.212035
-78.0,79,178.364025
-73.0,74,178.676084
-91.0,92,178.849898
-157.0,158,179.148246
-76.0,77,179.295528
-77.0,78,179.441999
-84.0,85,179.60283
-92.0,93,179.940252
-98.0,99,180.129486
-65.0,66,180.254775
-113.0,114,180.468338
-63.0,64,180.588291
-119.0,120,180.979406
-199.0,200,181.352323
-94.0,95,181.530718
-79.0,80,181.679711
-90.0,91,181.848562
-89.0,90,182.181031
-116.0,117,182.396434
-86.0,87,182.556847
-62.0,63,182.677936
-81.0,82,182.833875
-94.0,95,183.012847
-70.0,71,183.311285
-102.0,103,183.500593
-85.0,86,183.658509
-72.0,73,183.793605
-93.0,94,183.975695
-85.0,86,184.312624
-94.0,95,184.491809
-77.0,78,184.638915
-93.0,94,184.815853
-71.0,72,184.95487
-83.0,84,185.114535
-67.0,68,185.244086
-87.0,88,185.57197
-73.0,74,185.713064
-94.0,95,185.891212
-62.0,63,186.012594
-98.0,99,186.204272
-168.0,169,186.694759
-73.0,74,186.834538
-83.0,84,186.99342
-83.0,84,187.154061
-82.0,83,187.311934
-83.0,84,187.470791
-84.0,85,187.802412
-86.0,87,187.968373
-85.0,86,188.132444
-70.0,71,188.267453
-79.0,80,188.418791
-65.0,66,188.547645
-69.0,70,188.682832
-90.0,91,189.017134
-99.0,100,189.20164
-80.0,81,189.351259
-105.0,106,189.550345
-103.0,104,189.749703
-72.0,73,190.057836
-91.0,92,190.235597
-84.0,85,190.398815
-78.0,79,190.551144
-70.0,71,190.690077
-84.0,85,190.855074
-73.0,74,191.162619
-72.0,73,191.302929
-74.0,75,191.444457
-93.0,94,191.622151
-84.0,85,191.783457
-94.0,95,191.961118
-147.0,148,192.405984
-98.0,99,192.593007
-78.0,79,192.744312
-93.0,94,192.921077
-163.0,164,193.238549
-77.0,78,193.553958
-75.0,76,193.699076
-88.0,89,193.869039
-82.0,83,194.027556
-96.0,97,194.214721
-171.0,172,194.714759
-182.0,183,195.070786
-77.0,78,195.219351
-75.0,76,195.365331
-70.0,71,195.504554
-113.0,114,195.888989
-286.0,287,196.440801
-87.0,88,196.604082
-78.0,79,196.914356
-86.0,87,197.077344
-94.0,95,197.256128
-73.0,74,197.394078
-92.0,93,197.567444
-78.0,79,197.717951
-84.0,85,198.043306
-90.0,91,198.21537
-84.0,85,198.374145
-79.0,80,198.523675
-87.0,88,198.688481
-85.0,86,198.852446
-86.0,87,199.182684
-85.0,86,199.346367
-106.0,107,199.54764
-88.0,89,199.715455
-82.0,83,199.874228
-76.0,77,200.024526
-86.0,87,200.357622
-82.0,83,200.514339
-80.0,81,200.666814
-63.0,64,200.787998
-97.0,98,200.972493
-106.0,107,201.17948
-79.0,80,201.498157
-79.0,80,201.645127
-149.0,150,201.921477
-90.0,91,202.092076
-93.0,94,202.270403
-74.0,75,202.576202
-76.0,77,202.718308
-83.0,84,202.877912
-83.0,84,203.040092
-136.0,137,203.29633
-75.0,76,203.439388
-81.0,82,203.756269
-84.0,85,203.912592
-86.0,87,204.072779
-83.0,84,204.228122
-89.0,90,204.397499
-74.0,75,204.540891
-91.0,92,204.879247
-76.0,77,205.021136
-87.0,88,205.183842
-154.0,155,205.474539
-76.0,77,205.618577
-62.0,63,205.738896
-82.0,83,206.066534
-77.0,78,206.217854
-84.0,85,206.381869
-73.0,74,206.524225
-93.0,94,206.706812
-61.0,62,206.826639
-71.0,72,207.138342
-76.0,77,207.287648
-74.0,75,207.430971
-85.0,86,207.597794
-78.0,79,207.749818
-93.0,94,207.929911
-104.0,105,208.293583
-79.0,80,208.444774
-71.0,72,208.580585
-103.0,104,208.780627
-83.0,84,208.944754
-89.0,90,209.120154
-85.0,86,209.44806
-87.0,88,209.611973
-72.0,73,209.749005
-79.0,80,209.900758
-72.0,73,210.037524
-87.0,88,210.204518
-73.0,74,210.507475
-76.0,77,210.652663
-90.0,91,210.823238
-69.0,70,210.956018
-72.0,73,211.094028
-98.0,99,211.283701
-74.0,75,211.428699
-88.0,89,211.762383
-116.0,117,211.977909
-75.0,76,212.118577
-74.0,75,212.261032
-84.0,85,212.422625
-66.0,67,212.549396
-82.0,83,212.873321
-79.0,80,213.020533
-71.0,72,213.152545
-104.0,105,213.347914
-142.0,143,213.618325
-86.0,87,213.950507
-63.0,64,214.074815
-76.0,77,214.228217
-80.0,81,214.390725
-99.0,100,214.590728
-72.0,73,214.731955
-62.0,63,214.854309
-78.0,79,215.172272
-63.0,64,215.29062
-90.0,91,215.463619
-82.0,83,215.618429
-72.0,73,215.759006
-95.0,96,215.951231
-84.0,85,216.285274
-75.0,76,216.436194
-91.0,92,216.620035
-69.0,70,216.759008
-72.0,73,216.90478
-94.0,95,217.090913
-66.0,67,217.388153
-78.0,79,217.541887
-87.0,88,217.7042
-140.0,141,217.964213
-71.0,72,218.097119
-74.0,75,218.238619
-92.0,93,218.582886
-81.0,82,218.739606
-80.0,81,218.892818
-76.0,77,219.035624
-84.0,85,219.199881
-93.0,94,219.378933
-91.0,92,219.716725
-93.0,94,219.893621
-90.0,91,220.062457
-76.0,77,220.205174
-100.0,101,220.391263
-74.0,75,220.531678
-84.0,85,220.858275
-69.0,70,220.987381
-73.0,74,221.124377
-95.0,96,221.30445
-72.0,73,221.44348
-79.0,80,221.595866
-77.0,78,221.906407
-72.0,73,222.044591
-105.0,106,222.248837
-71.0,72,222.386642
-96.0,97,222.566937
-95.0,96,222.751247
-70.0,71,223.050702
-79.0,80,223.200335
-71.0,72,223.332599
-93.0,94,223.507858
-73.0,74,223.648543
-75.0,76,223.793928
-124.0,125,224.193119
-86.0,87,224.356639
-184.0,185,224.707683
-63.0,64,224.830065
-169.0,170,225.316892
-85.0,86,225.482267
-70.0,71,225.616703
-88.0,89,225.78539
-82.0,83,225.942615
-62.0,63,226.062398
-91.0,92,226.237487
-71.0,72,226.54136
-80.0,81,226.693591
-96.0,97,226.876235
-73.0,74,227.014024
-74.0,75,227.153994
-81.0,82,227.30677
-70.0,71,227.605303
-79.0,80,227.75381
-87.0,88,227.918404
-91.0,92,228.09073
-75.0,76,228.233577
-78.0,79,228.381304
-96.0,97,228.730104
-77.0,78,228.876312
-102.0,103,229.072597
-94.0,95,229.252979
-93.0,94,229.431471
-91.0,92,229.605163
-73.0,74,229.912093
-92.0,93,230.083001
-63.0,64,230.201635
-98.0,99,230.390275
-96.0,97,230.57684
-62.0,63,230.696703
-167.0,168,231.170881
-74.0,75,231.316218
-74.0,75,231.460529
-87.0,88,231.630494
-85.0,86,231.794018
-78.0,79,232.10647
-83.0,84,232.265089
-72.0,73,232.403051
-76.0,77,232.549531
-77.0,78,232.699479
-78.0,79,232.849129
-87.0,88,233.014962
-84.0,85,233.345168
-75.0,76,233.493615
-94.0,95,233.674834
-70.0,71,233.812168
-64.0,65,233.937923
-120.0,121,234.166391
-80.0,81,234.484174
-91.0,92,234.658225
-95.0,96,234.84264
-81.0,82,234.997924
-91.0,92,235.175773
-135.0,136,235.618858
-90.0,91,235.793593
-70.0,71,235.926743
-71.0,72,236.061827
-89.0,90,236.232015
-90.0,91,236.398759
-98.0,99,236.748314
-74.0,75,236.888532
-80.0,81,237.037741
-105.0,106,237.235541
-102.0,103,237.429074
-64.0,65,237.551144
-74.0,75,237.859636
-92.0,93,238.033576
-94.0,95,238.211452
-107.0,108,238.415914
-74.0,75,238.557522
-93.0,94,238.73543
-76.0,77,239.043749
-115.0,116,239.257379
-108.0,109,239.459562
-70.0,71,239.591721
-84.0,85,239.751712
-77.0,78,240.061455
-93.0,94,240.236914
-108.0,109,240.441955
-97.0,98,240.625831
-74.0,75,240.766786
-81.0,82,240.921977
-62.0,63,241.204995
-65.0,66,241.327431
-86.0,87,241.489911
-250.0,251,241.959472
-97.0,98,242.310723
-105.0,106,242.506812
-92.0,93,242.680115
-84.0,85,242.841461
-78.0,79,242.992783
-80.0,81,243.147887
-204.0,205,243.705427
-75.0,76,243.845642
-84.0,85,244.002277
-73.0,74,244.140196
-63.0,64,244.262442
-74.0,75,244.567204
-113.0,114,244.778663
-95.0,96,244.957612
-100.0,101,245.143206
-110.0,111,245.357374
-94.0,95,245.704804
-64.0,65,245.834804
-92.0,93,246.012562
-134.0,135,246.264756
-82.0,83,246.425272
-103.0,104,246.62959
-90.0,91,246.966379
-97.0,98,247.147195
-130.0,131,247.388836
-152.0,153,247.670749
-83.0,84,247.990245
-75.0,76,248.132237
-79.0,80,248.281945
-84.0,85,248.443678
-72.0,73,248.588748
-86.0,87,248.758932
-97.0,98,249.106898
-91.0,92,249.280299
-85.0,86,249.442961
-63.0,64,249.563618
-90.0,91,249.735687
-93.0,94,249.915739
-90.0,91,250.253927
-76.0,77,250.398409
-75.0,76,250.540887
-81.0,82,250.695368
-80.0,81,250.848158
-91.0,92,251.023911
-75.0,76,251.170379
-79.0,80,251.490176
-86.0,87,251.653949
-76.0,77,251.799525
-71.0,72,251.932857
-77.0,78,252.082031
-104.0,105,252.285932
-93.0,94,252.632952
-77.0,78,252.78411
-99.0,100,252.981238
-73.0,74,253.124829
-83.0,84,253.288287
-74.0,75,253.435994
-84.0,85,253.772541
-82.0,83,253.932454
-72.0,73,254.068903
-85.0,86,254.231216
-90.0,91,254.408745
-96.0,97,254.595328
-63.0,64,254.880339
-83.0,84,255.035133
-96.0,97,255.213668
-73.0,74,255.353209
-82.0,83,255.511381
-75.0,76,255.658134
-63.0,64,255.937554
-88.0,89,256.106405
-70.0,71,256.239823
-80.0,81,256.391455
-103.0,104,256.592132
-71.0,72,256.729738
-75.0,76,256.869483
-89.0,90,257.205586
-76.0,77,257.35303
-82.0,83,257.510413
-82.0,83,257.669588
-66.0,67,257.799124
-83.0,84,257.959847
-84.0,85,258.292631
-94.0,95,258.467683
-110.0,111,258.672645
-75.0,76,258.813411
-78.0,79,258.958872
-85.0,86,259.119852
-80.0,81,259.43855
-102.0,103,259.628246
-80.0,81,259.777653
-62.0,63,259.8934
-69.0,70,260.022878
-93.0,94,260.196865
-72.0,73,260.495543
-75.0,76,260.636016
-90.0,91,260.80348
-95.0,96,260.981128
-76.0,77,261.122172
-83.0,84,261.277567
-80.0,81,261.594395
-64.0,65,261.715002
-97.0,98,261.895409
-87.0,88,262.057867
-169.0,170,262.370548
-87.0,88,262.699933
-76.0,77,262.842297
-78.0,79,262.988072
-84.0,85,263.144409
-78.0,79,263.290668
-82.0,83,263.44336
-63.0,64,263.561503
-77.0,78,263.871163
-77.0,78,264.014927
-75.0,76,264.154773
-84.0,85,264.311351
-85.0,86,264.470614
-130.0,131,264.876429
-207.0,208,265.264323
-77.0,78,265.411383
-92.0,93,265.587604
-92.0,93,265.761861
-95.0,96,266.111184
-97.0,98,266.296618
-86.0,87,266.461976
-103.0,104,266.661184
-99.0,100,266.851954
-79.0,80,267.171725
-98.0,99,267.357816
-115.0,116,267.573117
-82.0,83,267.728115
-83.0,84,267.886762
-75.0,76,268.030854
-71.0,72,268.332115
-75.0,76,268.474477
-91.0,92,268.646917
-94.0,95,268.82594
-73.0,74,268.964634
-73.0,74,269.102521
-78.0,79,269.422709
-184.0,185,269.766728
-62.0,63,269.884719
-75.0,76,270.027868
-79.0,80,270.176761
-73.0,74,270.3162
-76.0,77,270.624022
-75.0,76,270.766616
-77.0,78,270.912502
-63.0,64,271.032788
-78.0,79,271.18176
-91.0,92,271.356011
-84.0,85,271.681142
-72.0,73,271.816545
-88.0,89,271.983802
-90.0,91,272.154924
-94.0,95,272.334693
-110.0,111,272.542775
-83.0,84,272.867726
-88.0,89,273.037781
-78.0,79,273.188148
-72.0,73,273.325889
-92.0,93,273.501328
-83.0,84,273.65992
-81.0,82,273.986407
-100.0,101,274.175125
-71.0,72,274.310505
-82.0,83,274.466926
-123.0,124,274.7008
-86.0,87,274.863053
-61.0,62,275.143073
-191.0,192,275.496806
-100.0,101,275.684568
-75.0,76,275.82683
-88.0,89,276.162133
-82.0,83,276.320343
-69.0,70,276.451409
-91.0,92,276.623262
-85.0,86,276.783901
-81.0,82,276.93731
-73.0,74,277.075823
-71.0,72,277.38359
-79.0,80,277.534237
-83.0,84,277.694572
-68.0,69,277.827238
-73.0,74,277.968698
-96.0,97,278.152248
-81.0,82,278.474117
-82.0,83,278.63403
-104.0,105,278.833473
-80.0,81,278.985377
-88.0,89,279.152421
-94.0,95,279.328463
-84.0,85,279.656055
-75.0,76,279.798925
-92.0,93,279.972633
-99.0,100,280.159817
-108.0,109,280.362712
-83.0,84,280.519232
-83.0,84,280.839817
-94.0,95,281.014948
-79.0,80,281.162251
-89.0,90,281.333173
-89.0,90,281.503946
-72.0,73,281.644927
-69.0,70,281.94444
-85.0,86,282.106127
-209.0,210,282.500954
-70.0,71,282.634543
-73.0,74,282.772583
-74.0,75,283.07888
-87.0,88,283.246358
-81.0,82,283.40035
-165.0,166,283.710565
-86.0,87,283.872835
-77.0,78,284.18308
-90.0,91,284.354317
-74.0,75,284.494881
-78.0,79,284.644861
-187.0,188,285.003037
-231.0,232,285.60751
-114.0,115,285.829109
-175.0,176,286.168057
-81.0,82,286.490669
-73.0,74,286.62714
-88.0,89,286.792206
-77.0,78,286.939768
-70.0,71,287.073717
-70.0,71,287.208596
-96.0,97,287.555537
-79.0,80,287.705862
-97.0,98,287.890115
-76.0,77,288.034474
-95.0,96,288.214632
-69.0,70,288.344824
-69.0,70,288.640101
-81.0,82,288.793548
-87.0,88,288.958772
-93.0,94,289.133996
-94.0,95,289.312947
-137.0,138,289.738525
-65.0,66,289.863978
-84.0,85,290.024094
-86.0,87,290.187156
-87.0,88,290.355075
-74.0,75,290.496115
-81.0,82,290.650359
-88.0,89,290.980774
-80.0,81,291.132738
-126.0,127,291.372235
-84.0,85,291.531281
-69.0,70,291.662809
-91.0,92,291.99992
-78.0,79,292.148301
-76.0,77,292.292029
-74.0,75,292.433268
-74.0,75,292.575897
-81.0,82,292.731157
-74.0,75,292.87117
-70.0,71,293.168442
-75.0,76,293.308744
-75.0,76,293.449029
-72.0,73,293.585964
-75.0,76,293.731251
-112.0,113,293.944755
-90.0,91,294.282102
-69.0,70,294.416235
-74.0,75,294.55821
-89.0,90,294.727912
-71.0,72,294.865195
-106.0,107,295.068155
-188.0,189,295.593916
-77.0,78,295.74007
-74.0,75,295.881157
-84.0,85,296.041466
-86.0,87,296.204794
-62.0,63,296.322573
-140.0,141,296.757294
-81.0,82,296.912337
-86.0,87,297.076056
-96.0,97,297.259231
-84.0,85,297.419769
-95.0,96,297.764911
-82.0,83,297.920913
-79.0,80,298.07028
-73.0,74,298.209787
-83.0,84,298.36666
-105.0,106,298.566552
-112.0,113,298.949904
-93.0,94,299.128974
-107.0,108,299.331861
-77.0,78,299.480245
-77.0,78,299.627259
-96.0,97,299.98034
-91.0,92,300.15789
-82.0,83,300.312388
-132.0,133,300.563784
-77.0,78,300.70884
-71.0,72,300.844306
-102.0,103,301.204805
-90.0,91,301.376411
-73.0,74,301.516739
-99.0,100,301.70488
-79.0,80,301.854684
-75.0,76,301.998431
-80.0,81,302.315974
-70.0,71,302.449718
-85.0,86,302.610278
-76.0,77,302.757121
-77.0,78,302.904638
-86.0,87,303.072149
-84.0,85,303.400544
-95.0,96,303.577648
-89.0,90,303.74374
-65.0,66,303.865632
-87.0,88,304.028357
-64.0,65,304.151729
-77.0,78,304.465608
-163.0,164,304.771993
-78.0,79,304.920623
-100.0,101,305.110214
-78.0,79,305.258527
-98.0,99,305.610144
-84.0,85,305.766513
-167.0,168,306.08039
-77.0,78,306.226891
-68.0,69,306.358891
-89.0,90,306.699982
-138.0,139,306.962247
-78.0,79,307.116429
-69.0,70,307.248699
-76.0,77,307.39641
-93.0,94,307.575276
-73.0,74,307.880818
-70.0,71,308.012646
-79.0,80,308.162784
-85.0,86,308.323303
-77.0,78,308.468627
-185.0,186,308.990697
-76.0,77,309.132864
-91.0,92,309.307472
-85.0,86,309.470386
-73.0,74,309.61107
-94.0,95,309.788996
-170.0,171,310.277032
-73.0,74,310.4166
-72.0,73,310.552865
-96.0,97,310.735336
-102.0,103,310.929837
-74.0,75,312.124695
-87.0,88,312.288254
-92.0,93,312.462965
-71.0,72,312.599096
-138.0,139,312.861925
-78.0,79,313.009974
-85.0,86,313.335726
-85.0,86,313.498118
-69.0,70,313.630573
-95.0,96,313.810785
-93.0,94,313.984219
-90.0,91,314.152094
-211.0,212,314.713213
-74.0,75,314.85533
-77.0,78,315.003727
-98.0,99,315.192217
-71.0,72,315.487411
-87.0,88,315.655562
-113.0,114,315.869775
-77.0,78,316.016815
-71.0,72,316.15208
-71.0,72,316.288271
-100.0,101,316.644716
-95.0,96,316.825887
-80.0,81,316.97835
-75.0,76,317.121114
-74.0,75,317.262956
-119.0,120,317.490015
-63.0,64,317.774808
-86.0,87,317.93889
-87.0,88,318.107097
-77.0,78,318.253343
-72.0,73,318.390064
-88.0,89,318.559079
-77.0,78,318.704445
-70.0,71,319.001378
-88.0,89,319.16559
-75.0,76,319.30696
-99.0,100,319.492393
-117.0,118,319.714658
-75.0,76,320.025086
-81.0,82,320.1768
-99.0,100,320.361843
-67.0,68,320.487282
-91.0,92,320.660781
-88.0,89,320.830792
-81.0,82,321.156778
-81.0,82,321.320895
-93.0,94,321.508993
-74.0,75,321.658841
-87.0,88,321.835109
-251.0,252,322.489935
-74.0,75,322.630145
-82.0,83,322.787518
-85.0,86,322.946923
-76.0,77,323.093659
-82.0,83,323.251855
-76.0,77,323.562162
-80.0,81,323.715474
-83.0,84,323.876114
-74.0,75,324.020562
-71.0,72,324.158621
-76.0,77,324.303896
-111.0,112,324.679796
-74.0,75,324.822431
-89.0,90,324.994447
-74.0,75,325.138688
-73.0,74,325.275979
-135.0,136,325.528361
-90.0,91,325.864595
-90.0,91,326.034469
-78.0,79,326.187699
-88.0,89,326.357419
-70.0,71,326.491358
-95.0,96,326.673197
-61.0,62,326.955592
-88.0,89,327.126501
-84.0,85,327.288301
-95.0,96,327.470567
-85.0,86,327.633706
-96.0,97,327.97839
-77.0,78,328.129253
-180.0,181,328.466242
-76.0,77,328.613846
-71.0,72,328.753735
-83.0,84,328.913803
-89.0,90,329.248969
-95.0,96,329.433826
-71.0,72,329.570335
-85.0,86,329.73271
-93.0,94,329.910714
-85.0,86,330.075699
-76.0,77,330.384136
-78.0,79,330.53083
-78.0,79,330.678525
-77.0,78,330.824226
-93.0,94,331.001368
-76.0,77,331.146624
-96.0,97,331.494773
-78.0,79,331.640249
-105.0,106,331.838931
-93.0,94,332.015754
-82.0,83,332.171822
-81.0,82,332.325978
-91.0,92,332.672773
-81.0,82,332.829994
-112.0,113,333.044335
-75.0,76,333.187889
-85.0,86,333.351888
-93.0,94,333.693519
-76.0,77,333.836796
-88.0,89,334.004694
-90.0,91,334.177572
-86.0,87,334.34076
-61.0,62,334.457172
-62.0,63,334.577455
-78.0,79,334.89318
-87.0,88,335.059198
-73.0,74,335.199807
-125.0,126,335.437776
-62.0,63,335.55894
-78.0,79,335.709751
-64.0,65,335.998795
-119.0,120,336.224152
-146.0,147,336.498995
-230.0,231,337.101556
-63.0,64,337.223129
-76.0,77,337.369653
-79.0,80,337.521352
-87.0,88,337.688009
-111.0,112,337.900657
-82.0,83,338.225107
-89.0,90,338.391588
-86.0,87,338.555535
-63.0,64,338.67556
-94.0,95,338.853649
-70.0,71,338.986117
-71.0,72,339.122391
-63.0,64,339.408488
-83.0,84,339.56409
-97.0,98,339.745048
-89.0,90,339.911026
-75.0,76,340.051461
-73.0,74,340.187586
-60.0,61,340.467387
-88.0,89,340.632287
-83.0,84,340.787447
-80.0,81,340.937053
-75.0,76,341.077859
-77.0,78,341.221709
-74.0,75,341.360575
-79.0,80,341.676039
-73.0,74,341.81248
-97.0,98,341.992719
-75.0,76,342.132329
-85.0,86,342.290644
-86.0,87,342.450892
-94.0,95,342.793275
-76.0,77,342.935074
-75.0,76,343.07668
-63.0,64,343.196011
-93.0,94,343.369495
-83.0,84,343.52675
-92.0,93,343.868645
-144.0,145,344.137972
-71.0,72,344.273298
-83.0,84,344.430707
-85.0,86,344.594744
-95.0,96,344.946439
-82.0,83,345.103974
-93.0,94,345.279979
-82.0,83,345.436815
-63.0,64,345.56047
-86.0,87,345.727701
-74.0,75,346.029548
-78.0,79,346.179758
-61.0,62,346.296452
-84.0,85,346.457178
-87.0,88,346.6229
-91.0,92,346.797152
-94.0,95,346.974943
-82.0,83,347.299616
-82.0,83,347.455252
-71.0,72,347.590631
-92.0,93,347.766044
-105.0,106,347.964262
-75.0,76,348.107161
-75.0,76,348.414073
-82.0,83,348.569362
-88.0,89,348.735104
-75.0,76,348.879374
-94.0,95,349.058618
-87.0,88,349.224033
-74.0,75,349.535849
-90.0,91,349.707034
-125.0,126,349.945885
-92.0,93,350.122919
-75.0,76,350.26942
-86.0,87,350.599666
-216.0,217,351.009347
-76.0,77,351.153847
-83.0,84,351.314087
-63.0,64,351.436205
-73.0,74,351.742526
-79.0,80,351.89379
-123.0,124,352.130165
-74.0,75,352.272879
-76.0,77,352.421082
-88.0,89,352.591002
-100.0,101,352.954046
-71.0,72,353.09003
-89.0,90,353.260567
-80.0,81,353.414032
-62.0,63,353.534649
-70.0,71,353.66962
-82.0,83,353.988374
-87.0,88,354.158068
-93.0,94,354.337883
-72.0,73,354.47558
-71.0,72,354.611953
-82.0,83,354.774035
-63.0,64,354.896647
-77.0,78,355.206423
-84.0,85,355.363508
-83.0,84,355.52572
-72.0,73,355.662653
-86.0,87,355.827261
-91.0,92,356.000685
-88.0,89,356.330891
-82.0,83,356.487488
-91.0,92,356.667347
-96.0,97,356.854324
-162.0,163,357.160213
-102.0,103,357.521453
-71.0,72,357.655979
-96.0,97,357.837812
-110.0,111,358.04572
-81.0,82,358.202856
-78.0,79,358.524282
-69.0,70,358.658927
-87.0,88,358.82192
-98.0,99,359.005473
-82.0,83,359.159652
-88.0,89,359.330354
-78.0,79,359.484423
-77.0,78,359.794591
-102.0,103,359.98479
-170.0,171,360.307014
-71.0,72,360.44383
-94.0,95,360.78962
-71.0,72,360.924212
-85.0,86,361.083296
-65.0,66,361.205325
-76.0,77,361.347919
-86.0,87,361.509429
-69.0,70,361.639369
-83.0,84,361.962218
-64.0,65,362.082238
-87.0,88,362.244705
-80.0,81,362.397172
-72.0,73,362.536469
-94.0,95,362.719833
-90.0,91,363.056806
-87.0,88,363.222666
-111.0,112,363.436751
-70.0,71,363.568203
-80.0,81,363.729084
-79.0,80,363.887059
-73.0,74,364.19292
-75.0,76,364.340614
-64.0,65,364.471132
-69.0,70,364.610915
-62.0,63,364.734384
-86.0,87,364.9091
-64.0,65,365.037437
-73.0,74,365.18001
-72.0,73,365.487428
-72.0,73,365.625369
-79.0,80,365.776743
-75.0,76,365.919375
-74.0,75,366.060265
-80.0,81,366.214974
-177.0,178,366.724382
-97.0,98,366.909261
-92.0,93,367.088103
-94.0,95,367.268848
-85.0,86,367.437408
-79.0,80,367.754679
-245.0,246,368.220783
-88.0,89,368.385477
-75.0,76,368.528647
-75.0,76,368.843735
-78.0,79,368.993807
-94.0,95,369.174448
-157.0,158,369.471702
-75.0,76,369.618542
-83.0,84,369.944887
-69.0,70,370.078886
-166.0,167,370.3942
-79.0,80,370.544733
-67.0,68,370.672959
-181.0,182,371.18206
-90.0,91,371.352247
-81.0,82,371.506405
-104.0,105,371.705156
-63.0,64,371.826289
-89.0,90,372.000816
-87.0,88,372.334745
-74.0,75,372.476256
-90.0,91,372.653862
-88.0,89,372.824491
-62.0,63,372.944108
-62.0,63,373.066113
-78.0,79,373.382017
-133.0,134,373.642481
-74.0,75,373.785931
-84.0,85,373.947307
-91.0,92,374.119775
-98.0,99,374.306544
-86.0,87,374.639944
-71.0,72,374.772839
-93.0,94,374.946797
-79.0,80,375.094782
-110.0,111,375.306376
-73.0,74,375.616617
-79.0,80,375.768091
-81.0,82,375.919895
-68.0,69,376.047439
-111.0,112,376.257855
-78.0,79,376.407677
-116.0,117,376.797622
-67.0,68,376.925788
-84.0,85,377.083928
-86.0,87,377.246672
-66.0,67,377.372432
-63.0,64,377.492774
-93.0,94,377.670201
-99.0,100,378.023378
-62.0,63,378.14791
-92.0,93,378.325957
-70.0,71,378.46308
-92.0,93,378.644158
-88.0,89,378.816909
-113.0,114,379.200301
-87.0,88,379.369436
-76.0,77,379.515082
-82.0,83,379.675872
-71.0,72,379.811516
-80.0,81,379.964752
-94.0,95,380.309082
-79.0,80,380.460979
-96.0,97,380.646357
-92.0,93,380.826262
-87.0,88,381.002638
-77.0,78,381.326868
-81.0,82,381.487745
-110.0,111,381.693658
-89.0,90,381.859946
-85.0,86,382.019113
-79.0,80,382.169662
-80.0,81,382.488213
-126.0,127,382.729238
-74.0,75,382.870785
-97.0,98,383.062226
-84.0,85,383.223694
-85.0,86,383.386114
-80.0,81,383.711095
-87.0,88,383.886679
-93.0,94,384.06633
-71.0,72,384.201607
-95.0,96,384.380162
-102.0,103,384.740471
-95.0,96,384.926368
-71.0,72,385.0638
-76.0,77,385.21054
-91.0,92,385.384678
-72.0,73,385.523954
-90.0,91,385.700685
-79.0,80,386.019016
-75.0,76,386.161766
-78.0,79,386.309455
-76.0,77,386.453864
-70.0,71,386.587928
-80.0,81,386.742516
-75.0,76,387.0568
-134.0,135,387.313047
-73.0,74,387.451515
-79.0,80,387.603694
-79.0,80,387.755091
-100.0,101,387.944781
-90.0,91,388.282005
-72.0,73,388.417596
-85.0,86,388.576638
-85.0,86,388.736758
-65.0,66,388.859944
-100.0,101,389.053787
-81.0,82,389.374637
-66.0,67,389.498544
-82.0,83,389.653868
-74.0,75,389.792521
-72.0,73,389.930714
-183.0,184,390.446583
-73.0,74,390.584533
-90.0,91,390.753781
-77.0,78,390.897119
-105.0,106,391.094605
-97.0,98,391.278879
-81.0,82,391.600215
-72.0,73,391.734864
-127.0,128,391.971819
-96.0,97,392.151516
-89.0,90,392.317662
-90.0,91,392.650475
-166.0,167,392.961107
-85.0,86,393.120082
-116.0,117,393.33684
-78.0,79,393.488103
-84.0,85,393.822273
-76.0,77,393.965065
-71.0,72,394.098332
-92.0,93,394.272119
-81.0,82,394.428121
-70.0,71,394.56405
-86.0,87,394.731688
-82.0,83,395.051192
-92.0,93,395.226095
-81.0,82,395.381482
-87.0,88,395.54689
-114.0,115,395.75701
-95.0,96,396.101479
-110.0,111,396.311063
-63.0,64,396.431513
-66.0,67,396.559018
-108.0,109,396.770456
-92.0,93,396.949811
-91.0,92,397.299953
-260.0,261,397.8103
-82.0,83,397.968498
-146.0,147,398.418762
-71.0,72,398.556897
-82.0,83,398.715714
-85.0,86,398.883267
-152.0,153,399.178765
-92.0,93,399.522975
-109.0,110,399.732568
-79.0,80,399.885095
-72.0,73,400.023875
-97.0,98,400.210421
-88.0,89,400.378872
-81.0,82,400.702665
-81.0,82,400.859497
-90.0,91,401.030751
-86.0,87,401.194507
-87.0,88,401.360041
-61.0,62,401.478075
-80.0,81,401.800266
-106.0,107,402.010219
-90.0,91,402.180309
-81.0,82,402.334923
-133.0,134,402.587678
-62.0,63,402.708277
-98.0,99,403.059117
-84.0,85,403.217189
-64.0,65,403.33738
-74.0,75,403.475303
-80.0,81,403.627596
-85.0,86,403.789885
-84.0,85,404.117237
-63.0,64,404.235508
-101.0,102,404.425246
-71.0,72,404.562859
-71.0,72,404.699805
-74.0,75,404.841524
-69.0,70,404.974382
-76.0,77,405.281412
-124.0,125,405.514901
-62.0,63,405.634634
-82.0,83,405.791646
-74.0,75,405.933605
-85.0,86,406.095267
-96.0,97,406.444524
-76.0,77,406.591876
-75.0,76,406.736177
-76.0,77,406.881457
-81.0,82,407.034831
-84.0,85,407.197652
-93.0,94,408.436096
-89.0,90,408.607791
-79.0,80,408.758305
-82.0,83,408.914595
-74.0,75,409.05839
-78.0,79,409.2087
-116.0,117,409.594444
-94.0,95,409.775605
-78.0,79,409.927427
-103.0,104,410.122995
-87.0,88,410.28693
-77.0,78,410.592712
-83.0,84,410.754701
-72.0,73,410.89275
-91.0,92,411.067462
-73.0,74,411.208476
-138.0,139,411.474332
-71.0,72,411.775767
-76.0,77,411.921507
-74.0,75,412.062342
-90.0,91,412.234595
-96.0,97,412.418435
-72.0,73,412.556992
-94.0,95,412.903519
-98.0,99,413.092945
-70.0,71,413.229534
-72.0,73,413.365553
-91.0,92,413.538378
-61.0,62,413.656692
-93.0,94,414.004172
-88.0,89,414.174383
-77.0,78,414.321788
-84.0,85,414.482533
-93.0,94,414.659705
-74.0,75,414.801852
-72.0,73,414.943248
-79.0,80,415.26045
-79.0,80,415.409121
-71.0,72,415.545029
-93.0,94,415.720555
-86.0,87,415.885019
-83.0,84,416.045686
-82.0,83,416.369194
-113.0,114,416.584155
-80.0,81,416.739396
-73.0,74,416.884207
-95.0,96,417.066784
-101.0,102,417.424661
-96.0,97,417.609788
-98.0,99,417.798092
-69.0,70,417.929181
-103.0,104,418.128329
-79.0,80,418.279491
-70.0,71,418.579596
-66.0,67,418.704789
-71.0,72,418.839778
-81.0,82,418.994043
-84.0,85,419.156432
-86.0,87,419.319987
-80.0,81,419.47056
-91.0,92,419.809982
-62.0,63,419.930036
-83.0,84,420.088365
-86.0,87,420.254053
-83.0,84,420.414076
-69.0,70,420.547238
-90.0,91,420.885801
-86.0,87,421.050894
-81.0,82,421.206834
-93.0,94,421.384209
-72.0,73,421.521271
-95.0,96,421.703155
-77.0,78,422.020087
-97.0,98,422.202785
-88.0,89,422.372564
-85.0,86,422.536465
-94.0,95,422.714492
-63.0,64,422.838122
-79.0,80,423.157386
-80.0,81,423.310263
-88.0,89,423.477874
-100.0,101,423.667961
-66.0,67,423.794399
-139.0,140,424.219909
-71.0,72,424.365159
-74.0,75,424.515768
-71.0,72,424.652488
-172.0,173,424.977299
-157.0,158,425.442338
-79.0,80,425.59486
-80.0,81,425.748824
-89.0,90,425.918518
-81.0,82,426.074327
-72.0,73,426.21224
-66.0,67,426.501455
-78.0,79,426.654137
-143.0,144,426.926096
-90.0,91,427.097062
-64.0,65,427.220629
-130.0,131,427.640659
-71.0,72,427.778318
-80.0,81,427.934083
-90.0,91,428.107612
-89.0,90,428.278875
-79.0,80,428.430053
-76.0,77,428.57613
-72.0,73,428.889899
-95.0,96,429.070533
-91.0,92,429.244474
-105.0,106,429.443684
-72.0,73,429.580436
-93.0,94,429.922418
-105.0,106,430.121141
-73.0,74,430.257926
-79.0,80,430.411485
-76.0,77,430.558093
-91.0,92,430.733575
-76.0,77,430.882184
-83.0,84,431.210734
-75.0,76,431.358237
-116.0,117,431.58355
-93.0,94,431.761907
-71.0,72,431.895715
-97.0,98,432.249648
-112.0,113,432.457546
-83.0,84,432.61848
-77.0,78,432.768139
-91.0,92,432.948318
-85.0,86,433.112798
-72.0,73,433.41811
-79.0,80,433.565997
-80.0,81,433.715908
-69.0,70,433.844673
-87.0,88,434.007406
-70.0,71,434.142267
-97.0,98,434.494242
-86.0,87,434.6566
-62.0,63,434.776264
-77.0,78,434.922455
-74.0,75,435.062811
-84.0,85,435.223391
-95.0,96,435.409116
-64.0,65,435.698192
-79.0,80,435.847743
-92.0,93,436.021861
-80.0,81,436.174942
-80.0,81,436.330244
-109.0,110,436.541061
-83.0,84,436.866762
-77.0,78,437.015156
-73.0,74,437.154685
-86.0,87,437.314981
-88.0,89,437.482476
-70.0,71,437.616934
-74.0,75,437.92373
-70.0,71,438.055322
-70.0,71,438.190119
-65.0,66,438.315209
-88.0,89,438.48379
-72.0,73,438.62091
-62.0,63,438.739992
-87.0,88,439.074794
-93.0,94,439.262555
-75.0,76,439.412122
-81.0,82,439.574134
-86.0,87,439.744618
-83.0,84,439.90844
-82.0,83,440.23869
-80.0,81,440.395841
-90.0,91,440.566551
-86.0,87,440.735223
-94.0,95,440.917103
-93.0,94,441.098827
-98.0,99,441.454342
-64.0,65,441.57434
-90.0,91,441.7487
-98.0,99,441.939598
-81.0,82,442.098644
-71.0,72,442.232114
-78.0,79,442.542543
-75.0,76,442.683906
-71.0,72,442.817304
-92.0,93,442.991824
-71.0,72,443.125823
-70.0,71,443.257485
-85.0,86,443.582633
-109.0,110,443.788429
-66.0,67,443.912081
-191.0,192,444.281145
-61.0,62,444.397495
-84.0,85,444.725711
-76.0,77,444.881337
-75.0,76,445.028512
-72.0,73,445.175134
-102.0,103,445.380279
-69.0,70,445.520114
-74.0,75,445.658906
-77.0,78,445.969432
-77.0,78,446.113207
-70.0,71,446.247201
-93.0,94,446.425502
-86.0,87,446.591315
-81.0,82,446.74899
-76.0,77,447.063321
-84.0,85,447.222569
-86.0,87,447.383185
-91.0,92,447.552406
-91.0,92,447.729617
-88.0,89,447.898841
-81.0,82,448.217774
-85.0,86,448.377868
-92.0,93,448.552894
-71.0,72,448.688343
-62.0,63,448.807816
-75.0,76,448.95039
-66.0,67,449.075632
-120.0,121,449.468812
-92.0,93,449.640905
-78.0,79,449.787886
-75.0,76,449.930497
-78.0,79,450.081346
-86.0,87,450.411123
-74.0,75,450.550833
-206.0,207,450.932425
-74.0,75,451.071141
-72.0,73,451.205868
-84.0,85,451.527328
-64.0,65,451.648914
-69.0,70,451.778122
-91.0,92,451.948493
-70.0,71,452.081589
-89.0,90,452.250221
-91.0,92,452.422342
-90.0,91,452.761579
-81.0,82,452.914223
-82.0,83,453.067251
-94.0,95,453.243016
-87.0,88,453.408484
-71.0,72,453.546082
-95.0,96,453.89244
-92.0,93,454.066432
-124.0,125,454.303456
-75.0,76,454.450422
-124.0,125,454.690586
-90.0,91,455.030391
-92.0,93,455.208754
-88.0,89,455.378825
-100.0,101,455.574226
-62.0,63,455.693182
-84.0,85,455.853176
-92.0,93,456.19969
-81.0,82,456.356406
-69.0,70,456.494051
-73.0,74,456.634164
-72.0,73,456.776971
-68.0,69,456.910147
-95.0,96,457.260056
-112.0,113,457.475939
-184.0,185,457.830734
-70.0,71,457.965844
-72.0,73,458.105852
-73.0,74,458.412419
-157.0,158,458.71687
-82.0,83,458.876123
-61.0,62,458.993563
-82.0,83,459.152099
-60.0,61,459.268963
-76.0,77,459.578792
-78.0,79,459.726069
-76.0,77,459.869774
-78.0,79,460.017134
-63.0,64,460.142596
-75.0,76,460.287824
-79.0,80,460.439327
-88.0,89,460.773462
-77.0,78,460.918572
-78.0,79,461.066149
-97.0,98,461.248371
-155.0,156,461.543356
-187.0,188,462.061611
-62.0,63,462.180701
-61.0,62,462.298172
-77.0,78,462.447064
-87.0,88,462.614986
-76.0,77,462.926475
-83.0,84,463.08473
-67.0,68,463.212579
-75.0,76,463.35525
-64.0,65,463.483023
-79.0,80,463.638418
-100.0,101,463.834232
-81.0,82,464.158052
-72.0,73,464.297611
-96.0,97,464.480097
-62.0,63,464.603599
-80.0,81,464.755809
-92.0,93,464.936457
-198.0,199,465.480792
-88.0,89,465.6502
-93.0,94,465.832723
-82.0,83,465.991835
-78.0,79,466.143094
-116.0,117,466.532267
-103.0,104,466.727622
-125.0,126,466.964146
-78.0,79,467.113046
-110.0,111,467.495234
-99.0,100,467.683838
-75.0,76,467.826614
-99.0,100,468.013776
-72.0,73,468.152833
-83.0,84,468.317494
-89.0,90,468.658223
-97.0,98,468.843887
-82.0,83,469.002984
-86.0,87,469.166937
-62.0,63,469.290711
-105.0,106,469.498114
-88.0,89,469.838974
-63.0,64,469.961056
-94.0,95,470.146033
-94.0,95,470.328736
-69.0,70,470.461773
-97.0,98,470.650494
-79.0,80,470.9716
-81.0,82,471.12874
-64.0,65,471.253962
-86.0,87,471.421693
-82.0,83,471.580578
-77.0,78,471.72868
-70.0,71,471.864482
-64.0,65,472.150125
-96.0,97,472.334622
-88.0,89,472.503328
-118.0,119,472.732716
-83.0,84,472.893059
-82.0,83,473.219307
-63.0,64,473.339158
-89.0,90,473.508502
-89.0,90,473.682182
-83.0,84,473.842532
-97.0,98,474.030546
-91.0,92,474.374232
-92.0,93,474.548024
-71.0,72,474.682726
-92.0,93,474.857252
-87.0,88,475.02474
-73.0,74,475.167906
-87.0,88,475.506898
-72.0,73,475.6441
-91.0,92,475.816826
-93.0,94,475.996893
-77.0,78,476.147123
-92.0,93,476.323359
-79.0,80,476.64554
-92.0,93,476.82287
-84.0,85,476.98212
-91.0,92,477.154315
-71.0,72,477.291323
-104.0,105,477.495332
-125.0,126,477.914608
-80.0,81,478.070708
-82.0,83,478.229215
-98.0,99,478.416137
-96.0,97,478.598774
-91.0,92,478.937
-97.0,98,479.11834
-68.0,69,479.247243
-87.0,88,479.414205
-92.0,93,479.590603
-64.0,65,479.713478
-100.0,101,480.068168
-127.0,128,480.307192
-74.0,75,480.447743
-160.0,161,480.749994
-61.0,62,480.870061
-70.0,71,481.171534
-78.0,79,481.319881
-64.0,65,481.441034
-76.0,77,481.587248
-82.0,83,481.745216
-80.0,81,481.898833
-70.0,71,482.031246
-79.0,80,482.346514
-74.0,75,482.485884
-86.0,87,482.648645
-75.0,76,482.789892
-95.0,96,482.975089
-71.0,72,483.11604
-67.0,68,483.246034
-80.0,81,483.566497
-72.0,73,483.707861
-64.0,65,483.833781
-75.0,76,483.98085
-77.0,78,484.12885
-84.0,85,484.29274
-83.0,84,484.61972
-86.0,87,484.787614
-67.0,68,484.915924
-81.0,82,485.070641
-127.0,128,485.311309
-75.0,76,485.454875
-95.0,96,485.801987
-85.0,86,485.962002
-85.0,86,486.122222
-104.0,105,486.319576
-72.0,73,486.458358
-94.0,95,486.642464
-79.0,80,486.960697
-62.0,63,487.07868
-93.0,94,487.252818
-85.0,86,487.413082
-84.0,85,487.573024
-102.0,103,487.767915
-78.0,79,488.079318
-89.0,90,488.247725
-69.0,70,488.379815
-81.0,82,488.535216
-99.0,100,488.729042
-92.0,93,488.912232
-69.0,70,489.209631
-80.0,81,489.362882
-86.0,87,489.529796
-84.0,85,489.692873
-82.0,83,489.849919
-147.0,148,490.304327
-70.0,71,490.439277
-75.0,76,490.58591
-72.0,73,490.725806
-95.0,96,490.908316
-74.0,75,491.052593
-72.0,73,491.192797
-70.0,71,491.491985
-109.0,110,491.700747
-99.0,100,491.89521
-75.0,76,492.041219
-71.0,72,492.181873
-82.0,83,492.345275
-89.0,90,492.680681
-83.0,84,492.844312
-91.0,92,493.024124
-73.0,74,493.163097
-86.0,87,493.331266
-74.0,75,493.47688
-72.0,73,493.780065
-74.0,75,493.921262
-92.0,93,494.099163
-88.0,89,494.26971
-91.0,92,494.440848
-76.0,77,494.591153
-77.0,78,494.907205
-88.0,89,495.082172
-91.0,92,495.26143
-81.0,82,495.417847
-75.0,76,495.561727
-82.0,83,495.719508
-79.0,80,496.038705
-161.0,162,496.348125
-95.0,96,496.530513
-84.0,85,496.694305
-81.0,82,496.853915
-78.0,79,497.170956
-75.0,76,497.314812
-75.0,76,497.456546
-83.0,84,497.616187
-73.0,74,497.756537
-71.0,72,497.895704
-60.0,61,498.012028
-85.0,86,498.342747
-81.0,82,498.4986
-95.0,96,498.680607
-82.0,83,498.839904
-94.0,95,499.021402
-76.0,77,499.172076
-87.0,88,499.508892
-97.0,98,499.694881
-71.0,72,499.832632
-213.0,214,500.242921
-81.0,82,500.398963
-76.0,77,500.714958
-80.0,81,500.870862
-69.0,70,501.003703
-91.0,92,501.178794
-110.0,111,501.390635
-92.0,93,501.734564
-83.0,84,501.897279
-75.0,76,502.042359
-77.0,78,502.192576
-93.0,94,502.373179
-170.0,171,502.703737
-96.0,97,503.058097
-91.0,92,503.235229
-88.0,89,503.404735
-74.0,75,503.54698
-96.0,97,503.73408
-170.0,171,504.227513
-63.0,64,504.347338
-85.0,86,504.508598
-80.0,81,504.666073
-98.0,99,504.859737
-95.0,96,505.214011
-81.0,82,505.369477
-80.0,81,505.525046
-89.0,90,505.702961
-76.0,77,505.851999
-82.0,83,506.014699
-77.0,78,506.170322
-93.0,94,506.524132
-121.0,122,506.762697
-92.0,93,506.943743
-68.0,69,507.074537
-103.0,104,507.278628
-89.0,90,507.622286
-80.0,81,507.782134
-63.0,64,507.908362
-74.0,75,508.056681
-81.0,82,508.220362
-86.0,87,508.392469
-152.0,153,508.856295
-85.0,86,509.017553
-86.0,87,509.181173
-83.0,84,509.340183
-93.0,94,509.517218
-92.0,93,509.861476
-89.0,90,510.041719
-93.0,94,510.222391
-71.0,72,510.357681
-72.0,73,510.494845
-75.0,76,510.637466
-70.0,71,510.771071
-82.0,83,511.094062
-88.0,89,511.264685
-87.0,88,511.433029
-62.0,63,511.552507
-74.0,75,511.697513
-77.0,78,511.84684
-80.0,81,512.171649
-74.0,75,512.315638
-78.0,79,512.466932
-90.0,91,512.650691
-80.0,81,512.812025
-70.0,71,512.947429
-85.0,86,513.109734
-91.0,92,513.457335
-67.0,68,513.592715
-76.0,77,513.744673
-74.0,75,513.890357
-65.0,66,514.015716
-87.0,88,514.185508
-69.0,70,514.487654
-83.0,84,514.648318
-200.0,201,515.031733
-92.0,93,515.213589
-80.0,81,515.36899
-166.0,167,515.865098
-67.0,68,515.995517
-94.0,95,516.176977
-96.0,97,516.361997
-80.0,81,516.518607
-74.0,75,516.833063
-68.0,69,516.966378
-82.0,83,517.123144
-83.0,84,517.282997
-88.0,89,517.454216
-81.0,82,517.612798
-89.0,90,517.952792
-81.0,82,518.108052
-78.0,79,518.262895
-70.0,71,518.404424
-85.0,86,518.576945
-84.0,85,518.746526
-74.0,75,518.894753
-77.0,78,519.210004
-97.0,98,519.404787
-92.0,93,519.587161
-93.0,94,519.77454
-105.0,106,519.984641
-80.0,81,520.306942
-188.0,189,520.682746
-79.0,80,520.840802
-126.0,127,521.085733
-69.0,70,521.218229
-82.0,83,521.549045
-75.0,76,521.699822
-62.0,63,521.822631
-82.0,83,521.988751
-90.0,91,522.164618
-124.0,125,522.408821
-94.0,95,522.758347
-68.0,69,522.890666
-61.0,62,523.009949
-77.0,78,523.162228
-82.0,83,523.322675
-69.0,70,523.457855
-87.0,88,523.790397
-74.0,75,523.936424
-80.0,81,524.089447
-70.0,71,524.226537
-123.0,124,524.467968
-74.0,75,524.613088
-81.0,82,524.942467
-90.0,91,525.123267
-86.0,87,525.294749
-82.0,83,525.450784
-73.0,74,525.592891
-62.0,63,525.716867
-75.0,76,525.864409
-89.0,90,526.205283
-74.0,75,526.349899
-224.0,225,526.779828
-73.0,74,526.920577
-74.0,75,527.227675
-185.0,186,527.580308
-123.0,124,527.813947
-79.0,80,527.965506
-72.0,73,528.106194
-91.0,92,528.445383
-122.0,123,528.676368
-93.0,94,528.855349
-81.0,82,529.014861
-90.0,91,529.189034
-82.0,83,529.511104
-73.0,74,529.654881
-88.0,89,529.823973
-96.0,97,530.007588
-132.0,133,530.260163
-117.0,118,530.642891
-73.0,74,530.78412
-96.0,97,530.968793
-81.0,82,531.126089
-92.0,93,531.30287
-65.0,66,531.426903
-76.0,77,531.57421
-88.0,89,531.91229
-75.0,76,532.063129
-132.0,133,532.32348
-82.0,83,532.485259
-88.0,89,532.659072
-63.0,64,532.946665
-91.0,92,533.118783
-86.0,87,533.279953
-82.0,83,533.433506
-77.0,78,533.578229
-83.0,84,533.733179
-74.0,75,533.87347
-88.0,89,534.203479
-134.0,135,534.452685
-75.0,76,534.592956
-148.0,149,534.871308
-88.0,89,535.206534
-92.0,93,535.378768
-79.0,80,535.528994
-81.0,82,535.682291
-82.0,83,535.843603
-125.0,126,536.088073
-66.0,67,536.383895
-93.0,94,536.558022
-91.0,92,536.73133
-87.0,88,536.899276
-82.0,83,537.056496
-143.0,144,537.494347
-82.0,83,537.650581
-77.0,78,537.796248
-89.0,90,537.966853
-81.0,82,538.121601
-100.0,101,538.311882
-83.0,84,538.635906
-71.0,72,538.769782
-86.0,87,538.931046
-96.0,97,539.1099
-69.0,70,539.242167
-65.0,66,539.366218
-62.0,63,539.483836
-89.0,90,539.815163
-78.0,79,539.961089
-86.0,87,540.121685
-76.0,77,540.265464
-61.0,62,540.382274
-93.0,94,540.558888
-76.0,77,540.868609
-77.0,78,541.012732
-80.0,81,541.164782
-82.0,83,541.321238
-75.0,76,541.465779
-73.0,74,541.609023
-79.0,80,541.763302
-91.0,92,542.11278
-128.0,129,542.365175
-77.0,78,542.517808
-90.0,91,542.696242
-91.0,92,542.879443
-100.0,101,543.246793
-70.0,71,543.386563
-97.0,98,543.579522
-109.0,110,543.796091
-85.0,86,543.964922
-79.0,80,544.117831
-95.0,96,544.462207
-81.0,82,544.614736
-94.0,95,544.792674
-82.0,83,544.949888
-104.0,105,545.148601
-75.0,76,545.459189
-105.0,106,545.659783
-74.0,75,545.804123
-73.0,74,545.945843
-70.0,71,546.082922
-100.0,101,546.278207
-91.0,92,546.621857
-73.0,74,546.762334
-70.0,71,546.896249
-68.0,69,547.027853
-78.0,79,547.178069
-75.0,76,547.324445
-61.0,62,547.446822
-104.0,105,547.806352
-85.0,86,547.971294
-81.0,82,548.12768
-95.0,96,548.307635
-75.0,76,548.45202
-75.0,76,548.596908
-115.0,116,548.989056
-65.0,66,549.112123
-85.0,86,549.284626
-170.0,171,549.609241
-72.0,73,549.750582
-129.0,130,550.159926
-96.0,97,550.339654
-79.0,80,550.487555
-96.0,97,550.667167
-74.0,75,550.808767
-79.0,80,552.007513
-93.0,94,552.185019
-75.0,76,552.328476
-93.0,94,552.50796
-62.0,63,552.627843
-98.0,99,552.816127
-82.0,83,553.13794
-95.0,96,553.320063
-108.0,109,553.529009
-76.0,77,553.680733
-88.0,89,553.854298
-78.0,79,554.013149
-70.0,71,554.318159
-92.0,93,554.503867
-82.0,83,554.669447
-76.0,77,554.829977
-96.0,97,555.045089
-74.0,75,555.206298
-71.0,72,555.400552
-92.0,93,555.760977
-85.0,86,555.93587
-92.0,93,556.125864
-72.0,73,556.273017
-91.0,92,556.452598
-85.0,86,556.787307
-100.0,101,556.988806
-72.0,73,557.136053
-85.0,86,557.305096
-86.0,87,557.47902
-112.0,113,557.702049
-125.0,126,558.114003
-87.0,88,558.284171
-149.0,150,558.573402
-83.0,84,558.731071
-104.0,105,558.935082
-77.0,78,559.249933
-98.0,99,559.438972
-99.0,100,559.629077
-80.0,81,559.78007
-70.0,71,559.915226
-70.0,71,560.050269
-72.0,73,560.351432
-75.0,76,560.496817
-77.0,78,560.650191
-92.0,93,560.834965
-88.0,89,561.003625
-127.0,128,561.410642
-86.0,87,561.575742
-90.0,91,561.744074
-85.0,86,561.902748
-77.0,78,562.047369
-63.0,64,562.171712
-77.0,78,562.322595
-74.0,75,562.652649
-103.0,104,562.852145
-90.0,91,563.026386
-96.0,97,563.212417
-66.0,67,563.342778
-84.0,85,563.532763
-82.0,83,563.859748
-88.0,89,564.034877
-88.0,89,564.220743
-82.0,83,564.383388
-75.0,76,564.531231
-99.0,100,564.724948
-85.0,86,565.05108
-77.0,78,565.199614
-63.0,64,565.321531
-100.0,101,565.515966
-61.0,62,565.634422
-96.0,97,565.81714
-89.0,90,566.153656
-89.0,90,566.325027
-82.0,83,566.482801
-122.0,123,566.719515
-88.0,89,566.8945
-95.0,96,567.251734
-85.0,86,567.420181
-91.0,92,567.599258
-78.0,79,567.751669
-89.0,90,567.924013
-88.0,89,568.09039
-90.0,91,568.431974
-84.0,85,568.611704
-72.0,73,568.768509
-80.0,81,568.931109
-122.0,123,569.185719
-94.0,95,569.368025
-92.0,93,569.70644
-98.0,99,569.889654
-78.0,79,570.036971
-87.0,88,570.205941
-80.0,81,570.360165
-94.0,95,570.704673
-91.0,92,570.875371
-89.0,90,571.042143
-98.0,99,571.227256
-75.0,76,571.371402
-158.0,159,571.837744
-76.0,77,571.981083
-95.0,96,572.166636
-72.0,73,572.306956
-72.0,73,572.450245
-83.0,84,572.612271
-84.0,85,572.77479
-93.0,94,573.117117
-106.0,107,573.314657
-85.0,86,573.475808
-67.0,68,573.606521
-62.0,63,573.726638
-117.0,118,574.116648
-77.0,78,574.265823
-99.0,100,574.454313
-82.0,83,574.610711
-66.0,67,574.736622
-100.0,101,574.931141
-78.0,79,575.247085
-91.0,92,575.425771
-74.0,75,575.569338
-90.0,91,575.742332
-96.0,97,575.923644
-71.0,72,576.061498
-143.0,144,576.500874
-79.0,80,576.652536
-264.0,265,577.155395
-87.0,88,577.320678
-77.0,78,577.634695
-78.0,79,577.783494
-95.0,96,577.963695
-78.0,79,578.11255
-86.0,87,578.277509
-182.0,183,578.794492
-73.0,74,578.931202
-85.0,86,579.093587
-83.0,84,579.25323
-80.0,81,579.406027
-83.0,84,579.564199
-90.0,91,579.901806
-73.0,74,580.040375
-69.0,70,580.169989
-78.0,79,580.322852
-72.0,73,580.463893
-76.0,77,580.613829
-123.0,124,581.012828
-91.0,92,581.18903
-92.0,93,581.364708
-91.0,92,581.540856
-63.0,64,581.663069
-74.0,75,581.80631
-64.0,65,582.094283
-158.0,159,582.391579
-76.0,77,582.538087
-61.0,62,582.657613
-77.0,78,582.805685
-131.0,132,583.226123
-79.0,80,583.378209
-73.0,74,583.520459
-171.0,172,583.852455
-92.0,93,584.027362
-84.0,85,584.355085
-92.0,93,584.527176
-79.0,80,584.678613
-79.0,80,584.830326
-97.0,98,585.015728
-74.0,75,585.156513
-82.0,83,585.482899
-72.0,73,585.621213
-75.0,76,585.762059
-86.0,87,585.923138
-91.0,92,586.094532
-74.0,75,586.23806
-95.0,96,586.424793
-83.0,84,586.752059
-85.0,86,586.915595
-71.0,72,587.049515
-75.0,76,587.194209
-73.0,74,587.335729
-137.0,138,587.765244
-63.0,64,587.883919
-102.0,103,588.074062
-88.0,89,588.239084
-87.0,88,588.401736
-80.0,81,588.553084
-81.0,82,588.87435
-91.0,92,589.045743
-70.0,71,589.176661
-93.0,94,589.352575
-93.0,94,589.528018
-82.0,83,589.686004
-77.0,78,590.00564
-94.0,95,590.18418
-86.0,87,590.346636
-88.0,89,590.515971
-93.0,94,590.696064
-87.0,88,590.866696
-88.0,89,591.204334
-183.0,184,591.549626
-77.0,78,591.696509
-62.0,63,591.814471
-69.0,70,591.9477
-87.0,88,592.278876
-138.0,139,592.540753
-97.0,98,592.727721
-73.0,74,592.866857
-76.0,77,593.01198
-76.0,77,593.157236
-72.0,73,593.461941
-85.0,86,593.62465
-73.0,74,593.766409
-90.0,91,593.942065
-127.0,128,594.18486
-79.0,80,594.334813
-84.0,85,594.662191
-93.0,94,594.838146
-79.0,80,594.990692
-93.0,94,595.172036
-70.0,71,595.305004
-79.0,80,595.46047
-61.0,62,595.741935
-83.0,84,595.901854
-86.0,87,596.06447
-82.0,83,596.226185
-90.0,91,596.40276
-79.0,80,596.555862
-75.0,76,596.874662
-226.0,227,597.32874
-98.0,99,597.525605
-105.0,106,597.730965
-79.0,80,598.053112
-80.0,81,598.209736
-73.0,74,598.346954
-68.0,69,598.474507
-78.0,79,598.6238
-89.0,90,598.795503
-73.0,74,598.936328
-94.0,95,599.288035
-76.0,77,599.438965
-95.0,96,599.62493
-81.0,82,599.782709
-105.0,106,599.986864
-76.0,77,600.299012
-103.0,104,600.495862
-88.0,89,600.663557
-77.0,78,600.808783
-97.0,98,600.996844
-91.0,92,601.173567
-85.0,86,601.502151
-89.0,90,601.672646
-62.0,63,601.792662
-89.0,90,601.96413
-82.0,83,602.122713
-138.0,139,602.384987
-74.0,75,602.694141
-89.0,90,602.865667
-92.0,93,603.038033
-74.0,75,603.176995
-75.0,76,603.315796
-71.0,72,603.449641
-90.0,91,603.785249
-73.0,74,603.92451
-94.0,95,604.100142
-71.0,72,604.232896
-90.0,91,604.401083
-99.0,100,604.591964
-78.0,79,604.907506
-91.0,92,605.080086
-63.0,64,605.203841
-75.0,76,605.349467
-89.0,90,605.519729
-98.0,99,605.708436
-95.0,96,606.055351
-85.0,86,606.215014
-81.0,82,606.369865
-90.0,91,606.540994
-95.0,96,606.728189
-81.0,82,606.88264
-100.0,101,607.236742
-63.0,64,607.355243
-80.0,81,607.507539
-73.0,74,607.647408
-73.0,74,607.788324
-98.0,99,607.977041
-87.0,88,608.315163
-80.0,81,608.464631
-65.0,66,608.586938
-89.0,90,608.756122
-212.0,213,609.164326
-73.0,74,609.470439
-76.0,77,609.612771
-70.0,71,609.74413
-100.0,101,609.929706
-87.0,88,610.092432
-67.0,68,610.220903
-95.0,96,610.562537
-80.0,81,610.714661
-88.0,89,610.8819
-77.0,78,611.029114
-76.0,77,611.176383
-90.0,91,611.351739
-94.0,95,611.703697
-93.0,94,611.877386
-185.0,186,612.229442
-74.0,75,612.372587
-70.0,71,612.509961
-103.0,104,612.876249
-115.0,116,613.090032
-81.0,82,613.241347
-81.0,82,613.395784
-88.0,89,613.56695
-70.0,71,613.70383
-77.0,78,614.018602
-88.0,89,614.182819
-93.0,94,614.360195
-79.0,80,614.512269
-94.0,95,614.696346
-86.0,87,615.028908
-84.0,85,615.190548
-70.0,71,615.326575
-90.0,91,615.500135
-90.0,91,615.674299
-81.0,82,615.828608
-120.0,121,616.227208
-84.0,85,616.38647
-92.0,93,616.562045
-78.0,79,616.711972
-95.0,96,616.892338
-62.0,63,617.011979
-83.0,84,617.34195
-82.0,83,617.495102
-98.0,99,617.678584
-69.0,70,617.808427
-95.0,96,617.991357
-85.0,86,618.153676
-62.0,63,618.43832
-64.0,65,618.562151
-71.0,72,618.699514
-92.0,93,618.875228
-72.0,73,619.014128
-83.0,84,619.174493
-71.0,72,619.310926
-184.0,185,619.827519
-73.0,74,619.966558
-84.0,85,620.127603
-93.0,94,620.30422
-107.0,108,620.505907
-93.0,94,620.84979
-81.0,82,621.004714
-90.0,91,621.175405
-100.0,101,621.366438
-72.0,73,621.504461
-90.0,91,621.843014
-92.0,93,622.019017
-93.0,94,622.194692
-73.0,74,622.334563
-72.0,73,622.474503
-92.0,93,622.651674
-91.0,92,622.992816
-71.0,72,623.130312
-101.0,102,623.322399
-78.0,79,623.473545
-234.0,235,623.922098
-191.0,192,624.450702
-89.0,90,624.620216
-91.0,92,624.795943
-88.0,89,624.965846
-81.0,82,625.285273
-88.0,89,625.453249
-96.0,97,625.636256
-82.0,83,625.795342
-89.0,90,625.965356
-101.0,102,626.15731
-89.0,90,626.492708
-86.0,87,626.660997
-70.0,71,626.797646
-88.0,89,626.96461
-111.0,112,627.175389
-75.0,76,627.318025
-90.0,91,627.657387
-74.0,75,627.799567
-78.0,79,627.949676
-92.0,93,628.122539
-92.0,93,628.297429
-82.0,83,628.455254
-85.0,86,628.786973
-87.0,88,628.952934
-87.0,88,629.117234
-167.0,168,629.436124
-88.0,89,629.607683
-85.0,86,629.94075
-62.0,63,630.058616
-74.0,75,630.201861
-77.0,78,630.349756
-87.0,88,630.514689
-70.0,71,630.647973
-72.0,73,630.951392
-78.0,79,631.100252
-74.0,75,631.242135
-92.0,93,631.418461
-82.0,83,631.575864
-92.0,93,631.751261
-89.0,90,632.088948
-87.0,88,632.253015
-94.0,95,632.432162
-70.0,71,632.565538
-93.0,94,632.743033
-71.0,72,632.879349
-88.0,89,633.216187
-72.0,73,633.350847
-75.0,76,633.491026
-87.0,88,633.655964
-76.0,77,633.800426
-84.0,85,633.96082
-75.0,76,634.105356
-80.0,81,634.426054
-84.0,85,634.582989
-147.0,148,634.8571
-87.0,88,635.019413
-88.0,89,635.183587
-128.0,129,635.59417
-84.0,85,635.751575
-86.0,87,635.912281
-63.0,64,636.030933
-74.0,75,636.169823
-76.0,77,636.31587
-95.0,96,636.662763
-87.0,88,636.826048
-88.0,89,636.998421
-277.0,278,637.698582
-73.0,74,637.83745
-87.0,88,638.000574
-63.0,64,638.119248
-92.0,93,638.29667
-87.0,88,638.46436
-84.0,85,638.629238
-85.0,86,638.956744
-84.0,85,639.118916
-96.0,97,639.313183
-70.0,71,639.450223
-69.0,70,639.582756
-120.0,121,639.978518
-75.0,76,640.123269
-88.0,89,640.292267
-62.0,63,640.414645
-76.0,77,640.560387
-77.0,78,640.709555
-70.0,71,640.845704
-113.0,114,641.22647
-75.0,76,641.370635
-95.0,96,641.551718
-85.0,86,641.713948
-102.0,103,641.90883
-62.0,63,642.028969
-76.0,77,642.340848
-79.0,80,642.490449
-64.0,65,642.61539
-88.0,89,642.78074
-78.0,79,642.931358
-72.0,73,643.065418
-96.0,97,643.414795
-108.0,109,643.617436
-76.0,77,643.764635
-100.0,101,643.960473
-78.0,79,644.112641
-85.0,86,644.277721
-87.0,88,644.614089
-85.0,86,644.780105
-76.0,77,644.928151
-73.0,74,645.069922
-92.0,93,645.248664
-92.0,93,645.422454
-83.0,84,645.748796
-62.0,63,645.865445
-73.0,74,646.002711
-87.0,88,646.167243
-84.0,85,646.3296
-69.0,70,646.460655
-83.0,84,646.618491
-76.0,77,646.93116
-94.0,95,647.113586
-76.0,77,647.260347
-92.0,93,647.437519
-106.0,107,647.640566
-71.0,72,647.945511
-93.0,94,648.121447
-75.0,76,648.262329
-99.0,100,648.452794
-122.0,123,648.689531
-62.0,63,648.810671
-77.0,78,649.124204
-64.0,65,649.244726
-72.0,73,649.382529
-81.0,82,649.535259
-81.0,82,649.687908
-127.0,128,649.928715
-75.0,76,650.239877
-156.0,157,650.529964
-94.0,95,650.707937
-70.0,71,650.841523
-86.0,87,651.002378
-71.0,72,651.134908
-92.0,93,651.475385
-92.0,93,651.646976
-130.0,131,651.889861
-93.0,94,652.07015
-92.0,93,652.250514
-78.0,79,652.573052
-96.0,97,652.766724
-76.0,77,652.915488
-95.0,96,653.09871
-78.0,79,653.246703
-92.0,93,653.423921
-69.0,70,653.720549
-100.0,101,653.909692
-82.0,83,654.068177
-85.0,86,654.235108
-200.0,201,654.797156
-73.0,74,654.936256
-70.0,71,655.070122
-67.0,68,655.198928
-109.0,110,655.407132
-84.0,85,655.575965
-63.0,64,655.699529
-138.0,139,656.12623
-75.0,76,656.275636
-76.0,77,656.425262
-93.0,94,656.604836
-103.0,104,656.797477
-93.0,94,657.140091
-84.0,85,657.301034
-210.0,211,657.705533
-86.0,87,657.876445
-82.0,83,658.196362
-69.0,70,658.328047
-70.0,71,658.459458
-84.0,85,658.616561
-102.0,103,658.808386
-67.0,68,658.936301
-71.0,72,659.074681
-104.0,105,659.446082
-109.0,110,659.649352
-74.0,75,659.788527
-81.0,82,659.94161
-123.0,124,660.176192
-86.0,87,660.508451
-77.0,78,660.659447
-66.0,67,660.787
-84.0,85,660.95487
-84.0,85,661.1207
-89.0,90,661.292629
-105.0,106,661.661799
-88.0,89,661.832638
-81.0,82,661.989777
-67.0,68,662.120558
-74.0,75,662.263301
-221.0,222,662.845839
-89.0,90,663.01402
-81.0,82,663.171448
-72.0,73,663.308742
-88.0,89,663.47805
-81.0,82,663.636801
-77.0,78,663.952981
-88.0,89,664.124534
-69.0,70,664.260986
-82.0,83,664.41985
-88.0,89,664.591832
-85.0,86,664.756702
-81.0,82,665.081034
-91.0,92,665.25111
-108.0,109,665.454858
-77.0,78,665.602788
-85.0,86,665.764004
-87.0,88,665.928975
-79.0,80,666.247604
-94.0,95,666.422942
-70.0,71,666.553709
-80.0,81,666.708999
-73.0,74,666.845793
-61.0,62,666.963772
-86.0,87,667.29617
-78.0,79,667.445483
-91.0,92,667.616144
-85.0,86,667.778667
-70.0,71,667.91373
-77.0,78,668.063224
-134.0,135,668.484342
-65.0,66,668.606523
-81.0,82,668.766386
-61.0,62,668.882424
-120.0,121,669.116162
-91.0,92,669.292105
-97.0,98,669.648526
-124.0,125,669.884072
-78.0,79,670.033917
-93.0,94,670.213156
-92.0,93,670.392068
-90.0,91,670.732886
-93.0,94,670.917207
-73.0,74,671.059857
-77.0,78,671.208769
-92.0,93,671.384243
-88.0,89,671.55519
-95.0,96,671.910298
-91.0,92,672.084177
-82.0,83,672.241459
-82.0,83,672.398227
-77.0,78,672.549774
-93.0,94,672.731074
-77.0,78,673.045581
-87.0,88,673.208645
-61.0,62,673.326067
-70.0,71,673.459
-71.0,72,673.595354
-101.0,102,673.787203
-69.0,70,673.919704
-93.0,94,674.26341
-84.0,85,674.422708
-70.0,71,674.556147
-97.0,98,674.745238
-60.0,61,674.862978
-74.0,75,675.005705
-75.0,76,675.317108
-73.0,74,675.457166
-109.0,110,675.666636
-78.0,79,675.817282
-85.0,86,675.97946
-72.0,73,676.117157
-73.0,74,676.422168
-95.0,96,676.607474
-80.0,81,676.762598
-74.0,75,676.905204
-74.0,75,677.048118
-107.0,108,677.251852
-76.0,77,677.561885
-93.0,94,677.744574
-75.0,76,677.88829
-74.0,75,678.028475
-110.0,111,678.238465
-83.0,84,678.398599
-70.0,71,678.697467
-88.0,89,678.864087
-72.0,73,679.002109
-72.0,73,679.140211
-62.0,63,679.2601
-84.0,85,679.421553
-110.0,111,679.630606
-72.0,73,679.936095
-94.0,95,680.115971
-73.0,74,680.256018
-88.0,89,680.423657
-96.0,97,680.606985
-270.0,271,681.283896
-75.0,76,681.428673
-76.0,77,681.572636
-85.0,86,681.734122
-83.0,84,681.892663
-79.0,80,682.208713
-86.0,87,682.373582
-89.0,90,682.542532
-160.0,161,682.844865
-64.0,65,682.968128
-75.0,76,683.282202
-93.0,94,683.459729
-72.0,73,683.596289
-86.0,87,683.759284
-80.0,81,683.91394
-96.0,97,684.096979
-71.0,72,684.397671
-74.0,75,684.536222
-80.0,81,684.686013
-79.0,80,684.833576
-90.0,91,685.002172
-75.0,76,685.142425
-80.0,81,685.293582
-96.0,97,685.638966
-71.0,72,685.771757
-71.0,72,685.904573
-95.0,96,686.082152
-72.0,73,686.218135
-75.0,76,686.362921
-190.0,191,686.895921
-101.0,102,687.087196
-76.0,77,687.232215
-64.0,65,687.356376
-70.0,71,687.490877
-155.0,156,687.954252
-71.0,72,688.089986
-69.0,70,688.220836
-125.0,126,688.459082
-100.0,101,688.650545
-70.0,71,688.953798
-78.0,79,689.104089
-75.0,76,689.246553
-74.0,75,689.390042
-69.0,70,689.522526
-77.0,78,689.670489
-71.0,72,689.808553
-71.0,72,690.110878
-80.0,81,690.262661
-71.0,72,690.401484
-76.0,77,690.547239
-89.0,90,690.716559
-71.0,72,690.851116
-75.0,76,691.157048
-90.0,91,691.326638
-97.0,98,691.507776
-70.0,71,691.639118
-74.0,75,691.777694
-78.0,79,691.923948
-87.0,88,692.254142
-90.0,91,692.424059
-87.0,88,692.58624
-99.0,100,692.770617
-77.0,78,692.914901
-77.0,78,693.059027
-63.0,64,693.176686
-73.0,74,693.484471
-70.0,71,693.615195
-63.0,64,693.733249
-138.0,139,693.990072
-79.0,80,694.142022
-93.0,94,694.319762
-89.0,90,694.661086
-91.0,92,694.834735
-69.0,70,694.967573
-77.0,78,695.118783
-103.0,104,695.315351
-85.0,86,695.645793
-86.0,87,695.808975
-72.0,73,695.943701
-90.0,91,696.111864
-71.0,72,696.246197
-73.0,74,696.38857
-72.0,73,696.530395
-72.0,73,696.835984
-76.0,77,696.981701
-62.0,63,697.100583
-80.0,81,697.252868
-76.0,77,697.400715
-71.0,72,697.537735
-97.0,98,697.720765
-82.0,83,698.044584
-71.0,72,698.18314
-75.0,76,698.328021
-77.0,78,698.476558
-61.0,62,698.596718
-64.0,65,698.724157
-70.0,71,698.861885
-62.0,63,699.995403
-88.0,89,700.164176
-70.0,71,700.29996
-79.0,80,700.450662
-80.0,81,700.604858
-69.0,70,700.738017
-75.0,76,701.045738
-88.0,89,701.21357
-71.0,72,701.350473
-86.0,87,701.517537
-70.0,71,701.655316
-71.0,72,701.794258
-87.0,88,701.964145
-69.0,70,702.263819
-177.0,178,702.600746
-75.0,76,702.74499
-74.0,75,702.886691
-86.0,87,703.053237
-87.0,88,703.389625
-80.0,81,703.540673
-130.0,131,703.792765
-77.0,78,703.941211
-74.0,75,704.080755
-75.0,76,704.224624
-75.0,76,704.532895
-75.0,76,704.678526
-87.0,88,704.846668
-87.0,88,705.015739
-84.0,85,705.177671
-97.0,98,705.361818
-78.0,79,705.678681
-72.0,73,705.813013
-92.0,93,705.983906
-79.0,80,706.13133
-71.0,72,706.266433
-77.0,78,706.416095
-73.0,74,706.722532
-82.0,83,706.878958
-73.0,74,707.016235
-72.0,73,707.154029
-69.0,70,707.286115
-92.0,93,707.463461
-77.0,78,707.611205
-63.0,64,707.899873
-89.0,90,708.065939
-71.0,72,708.198698
-77.0,78,708.342952
-91.0,92,708.512118
-71.0,72,708.64463
-88.0,89,708.972436
-73.0,74,709.110691
-73.0,74,709.246924
-72.0,73,709.382644
-78.0,79,709.534439
-86.0,87,709.702119
-79.0,80,709.855376
-95.0,96,710.205918
-62.0,63,710.32217
-85.0,86,710.481246
-91.0,92,710.654813
-70.0,71,710.787019
-87.0,88,710.953083
-90.0,91,711.295586
-68.0,69,711.425627
-77.0,78,711.571877
-85.0,86,711.733813
-84.0,85,711.892692
-74.0,75,712.034566
-78.0,79,712.18517
-115.0,116,712.570058
-75.0,76,712.711331
-80.0,81,712.860736
-177.0,178,713.193468
-60.0,61,713.308403
-75.0,76,713.618401
-82.0,83,713.771531
-61.0,62,713.886191
-76.0,77,714.028738
-88.0,89,714.193124
-77.0,78,714.339791
-95.0,96,714.685075
-77.0,78,714.828664
-104.0,105,715.022622
-70.0,71,715.153341
-78.0,79,715.298803
-68.0,69,715.436821
-68.0,69,715.73627
-93.0,94,715.922663
-69.0,70,716.058579
-70.0,71,716.191652
-90.0,91,716.362338
-72.0,73,716.502177
-76.0,77,716.651021
-75.0,76,716.96426
-131.0,132,717.214888
-80.0,81,717.368928
-70.0,71,717.503279
-81.0,82,717.65814
-78.0,79,717.808809
-79.0,80,718.128042
-77.0,78,718.272959
-76.0,77,718.415933
-76.0,77,718.561019
-62.0,63,718.680639
-83.0,84,718.84053
-107.0,108,719.208801
-91.0,92,719.379878
-70.0,71,719.514785
-85.0,86,719.679343
-95.0,96,719.861382
-77.0,78,720.01175
-73.0,74,720.320261
-77.0,78,720.464938
-72.0,73,720.59987
-77.0,78,720.744251
-70.0,71,720.876227
-77.0,78,721.020155
-89.0,90,721.186375
-88.0,89,721.521046
-79.0,80,721.668748
-69.0,70,721.797773
-80.0,81,721.947355
-95.0,96,722.126776
-75.0,76,722.274833
-81.0,82,722.602898
-83.0,84,722.75918
-85.0,86,722.925833
-119.0,120,723.149359
-89.0,90,723.319202
-85.0,86,723.485858
-68.0,69,723.786661
-78.0,79,723.932645
-77.0,78,724.07662
-92.0,93,724.247634
-83.0,84,724.404946
-80.0,81,724.557873
-71.0,72,724.866858
-74.0,75,725.010118
-99.0,100,725.199754
-73.0,74,725.339076
-77.0,78,725.487266
-74.0,75,725.629782
-89.0,90,725.96509
-75.0,76,726.107818
-71.0,72,726.244136
-91.0,92,726.417206
-107.0,108,726.623052
-77.0,78,726.772872
-88.0,89,727.114708
-76.0,77,727.257082
-71.0,72,727.390224
-61.0,62,727.504933
-79.0,80,727.652722
-76.0,77,727.800472
-93.0,94,727.982325
-76.0,77,728.294894
-70.0,71,728.428405
-92.0,93,728.602861
-168.0,169,728.920062
-120.0,121,729.154443
-78.0,79,729.470026
-76.0,77,729.615439
-99.0,100,729.804449
-97.0,98,729.989228
-72.0,73,730.126581
-62.0,63,730.245906
-79.0,80,730.563201
-71.0,72,730.698207
-88.0,89,730.865705
-86.0,87,731.029635
-68.0,69,731.159948
-91.0,92,731.332586
-86.0,87,731.663756
-109.0,110,731.868593
-94.0,95,732.045454
-82.0,83,732.2006
-70.0,71,732.333704
-89.0,90,732.504101
-94.0,95,732.851269
-84.0,85,733.011804
-83.0,84,733.169416
-89.0,90,733.339377
-62.0,63,733.458529
-62.0,63,733.576567
-77.0,78,733.888692
-84.0,85,734.051073
-87.0,88,734.217851
-78.0,79,734.366279
-86.0,87,734.533051
-77.0,78,734.68406
-79.0,80,734.836405
-98.0,99,735.191699
-92.0,93,735.366112
-77.0,78,735.514109
-70.0,71,735.649569
-80.0,81,735.801969
-86.0,87,735.9704
-91.0,92,736.31057
-73.0,74,736.452159
-70.0,71,736.588553
-85.0,86,736.752398
-87.0,88,736.920615
-76.0,77,737.068944
-96.0,97,737.424712
-77.0,78,737.571462
-73.0,74,737.710425
-71.0,72,737.845503
-77.0,78,737.990998
-93.0,94,738.16835
-78.0,79,738.485973
-77.0,78,738.632821
-73.0,74,738.770828
-63.0,64,738.892976
-70.0,71,739.026306
-60.0,61,739.1403
-86.0,87,739.306262
-84.0,85,739.633708
-102.0,103,739.823953
-80.0,81,739.974399
-87.0,88,740.136992
-79.0,80,740.284252
-63.0,64,740.402389
-64.0,65,740.688363
-82.0,83,740.844734
-71.0,72,740.977336
-92.0,93,741.150052
-92.0,93,741.323032
-71.0,72,741.459388
-71.0,72,741.595858
-78.0,79,741.913392
-77.0,78,742.056707
-81.0,82,742.20847
-84.0,85,742.367291
-84.0,85,742.528405
-69.0,70,742.660194
-79.0,80,742.975793
-89.0,90,743.142606
-88.0,89,743.306939
-96.0,97,743.487372
-99.0,100,743.679809
-92.0,93,743.856942
-88.0,89,744.188565
-78.0,79,744.334467
-85.0,86,744.496531
-70.0,71,744.632714
-63.0,64,744.751886
-72.0,73,744.886527
-70.0,71,745.188622
-83.0,84,745.345927
-87.0,88,745.508173
-73.0,74,745.644598
-70.0,71,745.776457
-80.0,81,745.929945
-208.0,209,746.493965
-73.0,74,746.633517
-87.0,88,746.797878
-84.0,85,746.954642
-83.0,84,747.117174
-69.0,70,747.250702
-76.0,77,747.565771
-72.0,73,747.703758
-99.0,100,747.894416
-98.0,99,748.078487
-76.0,77,748.229464
-85.0,86,748.393991
-85.0,86,748.719348
-90.0,91,748.886569
-94.0,95,749.064552
-70.0,71,749.200475
-89.0,90,749.3703
-81.0,82,749.524013
-85.0,86,749.861983
-76.0,77,750.012559
-70.0,71,750.148586
-89.0,90,750.321575
-141.0,142,750.588155
-62.0,63,750.872542
-109.0,110,751.080412
-72.0,73,751.219185
-73.0,74,751.361151
-79.0,80,751.51223
-78.0,79,751.661621
-77.0,78,751.807537
-77.0,78,752.122002
-69.0,70,752.255376
-74.0,75,752.397152
-91.0,92,752.571705
-83.0,84,752.732714
-71.0,72,752.869932
-139.0,140,753.303518
-84.0,85,753.463332
-80.0,81,753.616055
-70.0,71,753.748725
-74.0,75,753.892009
-97.0,98,754.076333
-86.0,87,754.405551
-80.0,81,754.558897
-60.0,61,754.673888
-72.0,73,754.811955
-87.0,88,754.977575
-71.0,72,755.114159
-64.0,65,755.400686
-69.0,70,755.533579
-85.0,86,755.692481
-86.0,87,755.85388
-79.0,80,756.005597
-78.0,79,756.154365
-88.0,89,756.322006
-75.0,76,756.630513
-128.0,129,756.87074
-72.0,73,757.007421
-83.0,84,757.16853
-71.0,72,757.303964
-69.0,70,757.434901
-68.0,69,757.732302
-80.0,81,757.885433
-78.0,79,758.031883
-77.0,78,758.177437
-104.0,105,758.373995
-70.0,71,758.507183
-89.0,90,758.843844
-78.0,79,758.993446
-82.0,83,759.149206
-74.0,75,759.290772
-101.0,102,759.482073
-84.0,85,759.64204
-87.0,88,759.97595
-80.0,81,760.128103
-68.0,69,760.25893
-69.0,70,760.39078
-83.0,84,760.5498
-80.0,81,760.704175
-86.0,87,760.86868
-78.0,79,761.183591
-75.0,76,761.325978
-70.0,71,761.460198
-73.0,74,761.600644
-84.0,85,761.759543
-71.0,72,761.896009
-77.0,78,762.209512
-73.0,74,762.350122
-81.0,82,762.505462
-63.0,64,762.625639
-82.0,83,762.782687
-97.0,98,762.966688
-80.0,81,763.119945
-190.0,191,763.64308
-79.0,80,763.790336
-76.0,77,763.932451
-181.0,182,764.434216
-77.0,78,764.581836
-71.0,72,764.721214
-84.0,85,764.88483
-71.0,72,765.022344
-73.0,74,765.162615
-60.0,61,765.277684
-91.0,92,765.615731
-78.0,79,765.765147
-89.0,90,765.93277
-81.0,82,766.087957
-76.0,77,766.233026
-83.0,84,766.390673
-70.0,71,766.525465
-92.0,93,766.865141
-82.0,83,767.022611
-80.0,81,767.175325
-70.0,71,767.307848
-76.0,77,767.455225
-91.0,92,767.628835
-84.0,85,767.954599
-97.0,98,768.140745
-87.0,88,768.306017
-82.0,83,768.464197
-92.0,93,768.641032
-76.0,77,768.782882
-91.0,92,769.119413
-77.0,78,769.263355
-71.0,72,769.400549
-71.0,72,769.539857
-75.0,76,769.68791
-91.0,92,769.866259
-70.0,71,770.174358
-91.0,92,770.344805
-79.0,80,770.492936
-88.0,89,770.662779
-91.0,92,770.838777
-112.0,113,771.054479
-78.0,79,771.370516
-84.0,85,771.532535
-86.0,87,771.700343
-78.0,79,771.850871
-78.0,79,771.999079
-94.0,95,772.180221
-104.0,105,772.5505
-88.0,89,772.722422
-87.0,88,772.886667
-110.0,111,773.094384
-72.0,73,773.232219
-63.0,64,773.35455
-78.0,79,773.670532
-86.0,87,773.838002
-70.0,71,773.973542
-69.0,70,774.109345
-126.0,127,774.351433
-69.0,70,774.480074
-87.0,88,774.814697
-88.0,89,774.983292
-91.0,92,775.156217
-70.0,71,775.291961
-80.0,81,775.449796
-78.0,79,775.600852
-93.0,94,775.941776
-78.0,79,776.087541
-79.0,80,776.235411
-73.0,74,776.372
-81.0,82,776.522827
-79.0,80,776.671116
-75.0,76,776.978798
-86.0,87,777.139194
-85.0,86,777.296941
-79.0,80,777.444789
-85.0,86,777.603632
-80.0,81,777.753225
-68.0,69,778.045773
-78.0,79,778.193036
-70.0,71,778.323701
-81.0,82,778.475448
-77.0,78,778.621832
-85.0,86,778.788493
-81.0,82,778.946973
-77.0,78,779.262921
-79.0,80,779.410465
-77.0,78,779.554453
-92.0,93,779.725486
-69.0,70,779.854635
-79.0,80,780.003453
-79.0,80,780.32454
-69.0,70,780.453607
-83.0,84,780.609436
-87.0,88,780.774764
-90.0,91,780.944097
-99.0,100,781.133876
-85.0,86,781.464617
-70.0,71,781.596166
-71.0,72,781.72962
-79.0,80,781.883072
-77.0,78,782.03053
-88.0,89,782.201979
-82.0,83,782.36222
-77.0,78,782.677125
-79.0,80,782.830592
-78.0,79,782.97768
-87.0,88,783.143176
-76.0,77,783.287954
-79.0,80,783.438946
-99.0,100,783.795761
-73.0,74,783.937369
-79.0,80,784.088772
-78.0,79,784.240808
-77.0,78,784.388798
-82.0,83,784.544055
-77.0,78,784.860436
-70.0,71,784.994162
-79.0,80,785.144987
-80.0,81,785.298843
-76.0,77,785.44427
-79.0,80,785.595098
-62.0,63,785.715995
-84.0,85,786.042219
-98.0,99,786.22816
-82.0,83,786.38556
-80.0,81,786.539752
-103.0,104,786.742938
-85.0,86,786.907399
-72.0,73,787.211761
-101.0,102,787.405856
-76.0,77,787.554713
-77.0,78,787.698419
-85.0,86,787.863017
-73.0,74,788.003087
-89.0,90,788.339827
-78.0,79,788.490874
-103.0,104,788.69145
-77.0,78,788.842746
-71.0,72,788.976605
-78.0,79,789.130444
-85.0,86,789.459684
-83.0,84,789.615294
-78.0,79,789.761257
-86.0,87,789.923652
-90.0,91,790.098954
-93.0,94,790.284564
-78.0,79,790.60272
-81.0,82,790.75524
-80.0,81,790.905719
-89.0,90,791.07499
-81.0,82,791.230221
-108.0,109,791.435705
-69.0,70,791.736008
-79.0,80,791.885976
-79.0,80,792.035879
-78.0,79,792.182235
-76.0,77,792.325798
-85.0,86,792.485414
-77.0,78,792.799422
-70.0,71,792.931886
-72.0,73,793.066326
-80.0,81,793.215692
-84.0,85,793.371962
-87.0,88,793.538513
-63.0,64,793.659955
-70.0,71,793.958803
-77.0,78,794.103383
-78.0,79,794.250506
-73.0,74,794.389972
-82.0,83,794.546672
-85.0,86,794.709927
-77.0,78,794.856541
-86.0,87,795.1957
-68.0,69,795.330496
-81.0,82,795.485856
-86.0,87,795.650338
-77.0,78,795.798029
-70.0,71,795.931406
-70.0,71,796.229764
-79.0,80,796.381694
-79.0,80,796.531482
-100.0,101,796.722847
-77.0,78,796.868991
-85.0,86,797.029907
-82.0,83,798.237187
-83.0,84,798.397629
-94.0,95,798.577143
-86.0,87,798.740151
-77.0,78,798.886534
-71.0,72,799.021942
-79.0,80,799.342394
-91.0,92,799.516136
-72.0,73,799.654232
-78.0,79,799.803002
-71.0,72,799.938658
-88.0,89,800.107125
-98.0,99,800.460774
-71.0,72,800.601925
-68.0,69,800.731456
-91.0,92,800.908128
-90.0,91,801.078611
-72.0,73,801.216747
-78.0,79,801.366181
-83.0,84,801.691606
-83.0,84,801.851219
-97.0,98,802.038347
-85.0,86,802.201334
-84.0,85,802.362236
-77.0,78,802.508963
-68.0,69,802.805607
-88.0,89,802.969424
-79.0,80,803.119359
-79.0,80,803.27021
-80.0,81,803.421523
-70.0,71,803.555834
-73.0,74,803.862689
-84.0,85,804.03307
-80.0,81,804.191638
-79.0,80,804.346825
-86.0,87,804.514109
-77.0,78,804.66215
-82.0,83,804.823268
-79.0,80,805.153769
-85.0,86,805.311863
-86.0,87,805.47434
-76.0,77,805.618798
-86.0,87,805.781873
-80.0,81,805.933568
-77.0,78,806.247675
-78.0,79,806.393486
-111.0,112,806.599803
-78.0,79,806.745273
-90.0,91,806.914174
-73.0,74,807.053376
-79.0,80,807.369807
-77.0,78,807.513254
-62.0,63,807.629431
-74.0,75,807.767518
-84.0,85,807.927914
-82.0,83,808.084061
-214.0,215,808.6507
-85.0,86,808.814747
-77.0,78,808.964076
-77.0,78,809.113808
-82.0,83,809.271322
-72.0,73,809.574144
-77.0,78,809.71776
-97.0,98,809.898591
-69.0,70,810.02793
-72.0,73,810.162534
-86.0,87,810.327926
-72.0,73,810.46277
-71.0,72,810.766051
-84.0,85,810.922845
-77.0,78,811.066689
-85.0,86,811.230164
-89.0,90,811.403827
-81.0,82,811.561593
-80.0,81,811.879504
-79.0,80,812.026464
-79.0,80,812.17337
-77.0,78,812.317048
-85.0,86,812.475352
-87.0,88,812.641129
-63.0,64,812.928643
-86.0,87,813.089433
-90.0,91,813.257267
-132.0,133,813.506609
-73.0,74,813.649741
-77.0,78,813.80074
-76.0,77,814.114661
-76.0,77,814.261305
-77.0,78,814.407634
-78.0,79,814.558916
-80.0,81,814.712655
-78.0,79,814.864929
-70.0,71,815.000831
-78.0,79,815.315353
-72.0,73,815.452791
-77.0,78,815.599132
-85.0,86,815.760519
-78.0,79,815.908939
-84.0,85,816.068566
-97.0,98,816.419904
-90.0,91,816.591972
-79.0,80,816.744554
-76.0,77,816.890865
-90.0,91,817.060495
-68.0,69,817.189117
-77.0,78,817.504054
-77.0,78,817.650665
-138.0,139,817.912561
-69.0,70,818.044142
-90.0,91,818.214879
-71.0,72,818.349858
-76.0,77,818.66061
-129.0,130,818.904421
-85.0,86,819.065967
-78.0,79,819.217475
-77.0,78,819.364793
-72.0,73,819.504006
-82.0,83,819.827037
-68.0,69,819.956861
-79.0,80,820.110636
-77.0,78,820.260071
-71.0,72,820.39529
-84.0,85,820.555119
-79.0,80,820.874476
-133.0,134,821.124583
-78.0,79,821.272972
-85.0,86,821.435305
-122.0,123,821.666238
-83.0,84,821.996598
-71.0,72,822.131882
-71.0,72,822.269332
-80.0,81,822.425906
-86.0,87,822.595556
-77.0,78,822.743984
-180.0,181,823.257183
-79.0,80,823.409117
-80.0,81,823.560734
-84.0,85,823.722004
-71.0,72,823.857523
-217.0,218,824.437222
-77.0,78,824.583464
-76.0,77,824.731708
-76.0,77,824.879368
-80.0,81,825.032973
-87.0,88,825.200534
-87.0,88,825.534934
-88.0,89,825.702482
-86.0,87,825.865435
-82.0,83,826.022366
-82.0,83,826.181422
-82.0,83,826.341081
-92.0,93,826.686257
-79.0,80,826.837109
-77.0,78,826.984206
-79.0,80,827.136203
-70.0,71,827.272127
-103.0,104,827.468062
-74.0,75,827.775547
-75.0,76,827.917991
-78.0,79,828.065971
-83.0,84,828.226168
-85.0,86,828.390387
-84.0,85,828.550823
-79.0,80,828.871711
-78.0,79,829.020998
-93.0,94,829.20307
-90.0,91,829.38014
-77.0,78,829.531907
-89.0,90,829.701933
-87.0,88,830.032762
-79.0,80,830.180771
-72.0,73,830.317982
-77.0,78,830.463807
-64.0,65,830.585259
-80.0,81,830.740121
-84.0,85,830.899973
-93.0,94,831.243248
-86.0,87,831.406908
-74.0,75,831.546911
-77.0,78,831.692066
-71.0,72,831.826719
-81.0,82,831.981246
-77.0,78,832.292602
-73.0,74,832.429387
-92.0,93,832.599863
-77.0,78,832.743936
-71.0,72,832.876548
-84.0,85,833.034663
-86.0,87,833.363252
-72.0,73,833.49782
-62.0,63,833.614417
-72.0,73,833.748727
-89.0,90,833.914308
-79.0,80,834.065448
-64.0,65,834.18861
-77.0,78,834.50246
-78.0,79,834.649143
-92.0,93,834.820613
-69.0,70,834.949382
-77.0,78,835.092414
-69.0,70,835.222809
-77.0,78,835.372047
-70.0,71,835.677941
-80.0,81,835.833838
-85.0,86,835.996788
-72.0,73,836.135655
-85.0,86,836.298687
-87.0,88,836.465702
-64.0,65,836.756153
-77.0,78,836.903062
-72.0,73,837.037346
-89.0,90,837.202674
-84.0,85,837.362201
-84.0,85,837.52142
-69.0,70,837.653522
-76.0,77,837.963043
-119.0,120,838.183524
-63.0,64,838.301191
-94.0,95,838.477511
-80.0,81,838.629462
-85.0,86,838.956163
-78.0,79,839.103769
-72.0,73,839.237984
-82.0,83,839.394469
-77.0,78,839.540591
-86.0,87,839.703323
-79.0,80,839.85358
-90.0,91,840.188396
-78.0,79,840.338137
-71.0,72,840.473054
-85.0,86,840.634083
-77.0,78,840.778392
-83.0,84,840.936019
-83.0,84,841.260154
-88.0,89,841.426288
-75.0,76,841.567932
-84.0,85,841.725096
-88.0,89,841.891967
-77.0,78,842.038493
-63.0,64,842.324082
-93.0,94,842.502565
-71.0,72,842.639274
-78.0,79,842.790405
-77.0,78,842.939298
-77.0,78,843.08833
-76.0,77,843.236566
-86.0,87,843.566797
-92.0,93,843.742513
-79.0,80,843.893446
-72.0,73,844.032554
-80.0,81,844.184518
-84.0,85,844.347898
-78.0,79,844.668833
-96.0,97,844.852076
-78.0,79,845.002317
-77.0,78,845.151397
-77.0,78,845.298389
-64.0,65,845.424494
-105.0,106,845.797425
-85.0,86,845.960695
-77.0,78,846.110523
-82.0,83,846.269635
-85.0,86,846.431579
-63.0,64,846.553389
-77.0,78,846.707394
-89.0,90,847.047693
-78.0,79,847.201862
-79.0,80,847.35253
-75.0,76,847.49769
-110.0,111,847.704688
-70.0,71,847.838021
-77.0,78,848.152901
-92.0,93,848.328737
-83.0,84,848.491389
-69.0,70,848.625261
-80.0,81,848.775408
-90.0,91,848.946655
-85.0,86,849.275942
-72.0,73,849.411471
-96.0,97,849.589952
-77.0,78,849.73939
-89.0,90,849.911639
-83.0,84,850.070848
-74.0,75,850.380934
-70.0,71,850.516014
-73.0,74,850.65845
-71.0,72,850.797008
-72.0,73,850.939216
-70.0,71,851.074394
-64.0,65,851.196754
-78.0,79,851.513826
-77.0,78,851.660823
-90.0,91,851.830868
-89.0,90,852.002105
-71.0,72,852.138748
-70.0,71,852.274497
-86.0,87,852.610768
-260.0,261,853.095609
-78.0,79,853.244145
-72.0,73,853.380635
-73.0,74,853.522015
-77.0,78,853.835409
-71.0,72,853.971597
-76.0,77,854.11673
-77.0,78,854.263052
-76.0,77,854.407763
-71.0,72,854.542522
-88.0,89,854.882519
-71.0,72,855.018096
-70.0,71,855.153124
-70.0,71,855.288534
-80.0,81,855.443588
-90.0,91,855.618644
-86.0,87,855.783501
-92.0,93,856.130472
-87.0,88,856.300351
-84.0,85,856.464358
-82.0,83,856.621835
-82.0,83,856.784792
-88.0,89,856.955094
-77.0,78,858.132749
-72.0,73,858.271425
-72.0,73,858.408521
-71.0,72,858.544711
-84.0,85,858.703403
-100.0,101,858.892038
-71.0,72,859.201549
-68.0,69,859.334661
-82.0,83,859.494869
-76.0,77,859.64025
-116.0,117,859.860435
-80.0,81,860.015429
-100.0,101,860.377378
-86.0,87,860.541243
-71.0,72,860.676279
-76.0,77,860.822813
-82.0,83,860.979871
-64.0,65,861.102425
-102.0,103,861.46818
-95.0,96,861.644756
-73.0,74,861.78148
-121.0,122,862.009242
-71.0,72,862.144638
-92.0,93,862.319962
-82.0,83,862.6407
-83.0,84,862.796285
-71.0,72,862.929598
-83.0,84,863.087118
-72.0,73,863.224694
-79.0,80,863.374435
-70.0,71,863.671036
-71.0,72,863.806753
-69.0,70,863.939197
-70.0,71,864.07436
-71.0,72,864.208958
-84.0,85,864.373771
-210.0,211,864.939073
-70.0,71,865.073206
-73.0,74,865.211306
-72.0,73,865.348832
-72.0,73,865.488228
-73.0,74,865.628895
-71.0,72,865.768338
-78.0,79,866.080775
-93.0,94,866.257401
-88.0,89,866.427935
-71.0,72,866.564333
-200.0,201,867.111291
-76.0,77,867.25602
-99.0,100,867.446847
-77.0,78,867.596818
-70.0,71,867.732791
-96.0,97,867.921177
-194.0,195,868.456278
-71.0,72,868.588864
-70.0,71,868.722987
-97.0,98,868.906474
-71.0,72,869.042098
-72.0,73,869.346975
-78.0,79,869.500319
-71.0,72,869.634879
-101.0,102,869.828799
-83.0,84,869.986049
-96.0,97,870.167311
-89.0,90,870.503644
-72.0,73,870.639768
-68.0,69,870.771147
-72.0,73,870.908352
-64.0,65,871.029881
-76.0,77,871.175713
-79.0,80,871.326877
-73.0,74,871.636672
-83.0,84,871.798382
-79.0,80,871.94934
-71.0,72,872.08647
-78.0,79,872.237358
-72.0,73,872.374825
-72.0,73,872.512094
-79.0,80,872.840379
-70.0,71,872.976222
-227.0,228,873.40626
-71.0,72,873.541979
-72.0,73,873.679528
-86.0,87,874.010098
-69.0,70,874.139979
-76.0,77,874.284286
-90.0,91,874.455454
-93.0,94,874.632688
-74.0,75,874.774945
-82.0,83,875.100771
-63.0,64,875.221034
-201.0,202,875.600626
-76.0,77,875.746606
-72.0,73,875.883823
-87.0,88,876.217613
-71.0,72,876.353886
-90.0,91,876.524252
-77.0,78,876.67135
-87.0,88,876.836731
-73.0,74,876.976747
-84.0,85,877.301902
-103.0,104,877.500061
-71.0,72,877.634792
-71.0,72,877.771712
-64.0,65,877.893691
-69.0,70,878.024334
-71.0,72,878.160043
-70.0,71,878.457567
-71.0,72,878.594413
-99.0,100,878.783648
-78.0,79,878.932368
-70.0,71,879.067065
-72.0,73,879.206847
-72.0,73,879.345075
-70.0,71,879.645813
-94.0,95,879.820862
-70.0,71,879.954709
-311.0,312,880.712558
-72.0,73,880.851743
-79.0,80,881.00019
-72.0,73,881.135895
-77.0,78,881.283513
-68.0,69,881.412531
-87.0,88,881.575114
-72.0,73,881.874707
-84.0,85,882.031701
-80.0,81,882.181382
-77.0,78,882.325957
-100.0,101,882.513138
-77.0,78,882.660015
-77.0,78,882.973755
-88.0,89,883.142677
-63.0,64,883.268034
-71.0,72,883.406137
-71.0,72,883.542965
-72.0,73,883.680609
-70.0,71,883.816095
-81.0,82,884.138607
-70.0,71,884.269566
-70.0,71,884.40044
-88.0,89,884.564884
-95.0,96,884.744486
-72.0,73,884.881977
-77.0,78,885.194572
-76.0,77,885.339062
-76.0,77,885.481473
-73.0,74,885.621186
-85.0,86,885.78305
-77.0,78,885.927484
-86.0,87,886.091689
-72.0,73,886.398535
-83.0,84,886.554582
-78.0,79,886.7041
-76.0,77,886.850222
-76.0,77,886.99587
-84.0,85,887.155415
-71.0,72,887.454691
-73.0,74,887.593919
-76.0,77,887.736686
-64.0,65,887.857366
-74.0,75,887.997549
-73.0,74,888.137927
-84.0,85,888.300503
-71.0,72,888.601082
-77.0,78,888.745897
-76.0,77,888.88987
-83.0,84,889.048759
-72.0,73,889.18692
-77.0,78,889.335317
-84.0,85,889.498724
-83.0,84,889.826424
-64.0,65,889.950213
-72.0,73,890.088081
-78.0,79,890.239488
-72.0,73,890.375471
-129.0,130,890.619475
-78.0,79,890.938517
-84.0,85,891.099558
-74.0,75,891.239852
-83.0,84,891.397971
-93.0,94,891.573947
-82.0,83,891.728771
-93.0,94,892.07269
-183.0,184,892.418595
-79.0,80,892.570538
-72.0,73,892.709764
-76.0,77,892.855467
-72.0,73,893.158157
-77.0,78,893.305065
-90.0,91,893.476081
-85.0,86,893.639019
-65.0,66,893.763132
-89.0,90,893.931797
-103.0,104,894.305507
-88.0,89,894.473249
-72.0,73,894.610629
-90.0,91,894.782973
-93.0,94,894.958293
-86.0,87,895.12246
-77.0,78,895.441551
-82.0,83,895.598747
-73.0,74,895.737119
-78.0,79,895.88564
-78.0,79,896.033183
-102.0,103,896.228209
-83.0,84,896.5509
-71.0,72,896.686617
-73.0,74,896.828005
-76.0,77,896.973907
-73.0,74,897.113586
-90.0,91,897.28547
-80.0,81,897.440652
-81.0,82,897.764196
-64.0,65,897.887213
-73.0,74,898.030373
-83.0,84,898.193341
-73.0,74,898.336121
-70.0,71,898.472949
-83.0,84,898.63182
-65.0,66,898.925235
-64.0,65,899.044915
-64.0,65,899.165103
-71.0,72,899.301406
-84.0,85,899.466356
-99.0,100,899.659723
-83.0,84,899.981687
-89.0,90,900.149844
-77.0,78,900.299647
-80.0,81,900.451396
-84.0,85,900.611346
-78.0,79,900.758752
-94.0,95,901.102536
-92.0,93,901.277494
-79.0,80,901.427864
-74.0,75,901.568887
-79.0,80,901.718377
-85.0,86,901.88362
-77.0,78,902.032878
-77.0,78,902.35512
-77.0,78,902.502022
-112.0,113,902.716091
-76.0,77,902.862661
-98.0,99,903.051368
-77.0,78,903.36298
-72.0,73,903.498525
-86.0,87,903.658705
-80.0,81,903.810385
-76.0,77,903.952906
-86.0,87,904.121455
-91.0,92,904.297734
-95.0,96,904.646334
-92.0,93,904.826522
-223.0,224,905.24909
-83.0,84,905.405699
-74.0,75,905.711664
-72.0,73,905.849473
-103.0,104,906.044142
-71.0,72,906.179702
-73.0,74,906.319659
-77.0,78,906.466364
-78.0,79,906.784299
-81.0,82,906.938631
-90.0,91,907.111049
-77.0,78,907.257752
-95.0,96,907.442392
-156.0,157,907.90406
-90.0,91,908.076282
-76.0,77,908.217805
-96.0,97,908.398916
-95.0,96,908.580852
-79.0,80,908.736684
-72.0,73,909.043498
-73.0,74,909.191231
-90.0,91,909.364134
-84.0,85,909.526165
-108.0,109,909.731554
-78.0,79,909.880429
-95.0,96,910.235333
-78.0,79,910.381349
-77.0,78,910.524779
-91.0,92,910.696437
-85.0,86,910.858552
-81.0,82,911.013885
-72.0,73,911.317098
-83.0,84,911.471587
-72.0,73,911.606312
-143.0,144,911.873055
-76.0,77,912.017268
-64.0,65,912.138143
-84.0,85,912.467516
-75.0,76,912.607916
-72.0,73,912.745208
-76.0,77,912.888908
-81.0,82,913.042898
-76.0,77,913.188154
-84.0,85,913.346765
-77.0,78,913.65748
-83.0,84,913.815949
-88.0,89,913.98644
-83.0,84,914.14305
-72.0,73,914.280159
-91.0,92,914.453806
-78.0,79,914.768857
-125.0,126,915.005254
-73.0,74,915.144275
-72.0,73,915.284628
-85.0,86,915.446324
-90.0,91,915.615771
-81.0,82,915.932835
-73.0,74,916.070301
-84.0,85,916.230563
-73.0,74,916.371068
-76.0,77,916.516104
-71.0,72,916.652934
-132.0,133,917.071135
-95.0,96,917.248782
-86.0,87,917.41613
-69.0,70,917.551095
-69.0,70,917.686572
-72.0,73,917.829953
-84.0,85,918.161938
-65.0,66,918.289433
-211.0,212,918.692373
-88.0,89,918.864094
-92.0,93,919.042371
-73.0,74,919.352479
-106.0,107,919.54968
-77.0,78,919.69805
-111.0,112,919.907253
-84.0,85,920.065938
-90.0,91,920.402769
-79.0,80,920.552273
-72.0,73,920.694389
-71.0,72,920.833138
-77.0,78,920.981798
-84.0,85,921.143908
-76.0,77,921.290083
-83.0,84,921.611811
-86.0,87,921.775996
-77.0,78,921.92324
-93.0,94,922.101042
-72.0,73,922.237868
-81.0,82,922.391408
-76.0,77,922.700985
-83.0,84,922.860048
-75.0,76,923.004417
-96.0,97,923.188654
-73.0,74,923.328198
-91.0,92,923.501854
-77.0,78,923.814792
-105.0,106,924.017881
-86.0,87,924.181875
-66.0,67,924.308665
-87.0,88,924.474664
-65.0,66,924.601694
-76.0,77,924.914199
-86.0,87,925.074725
-71.0,72,925.208551
-89.0,90,925.378238
-92.0,93,925.553454
-88.0,89,925.721754
-77.0,78,926.033855
-94.0,95,926.209567
-90.0,91,926.378368
-72.0,73,926.513902
-81.0,82,926.668681
-77.0,78,926.815946
-81.0,82,927.134747
-76.0,77,927.285518
-104.0,105,927.485791
-72.0,73,927.623329
-214.0,215,928.027328
-72.0,73,928.331692
-77.0,78,928.475467
-92.0,93,928.647095
-64.0,65,928.766314
-76.0,77,928.911254
-103.0,104,929.107754
-77.0,78,929.421279
-89.0,90,929.590373
-102.0,103,929.784562
-87.0,88,929.9486
-86.0,87,930.112829
-72.0,73,930.25047
-72.0,73,930.55379
-64.0,65,930.675704
-84.0,85,930.83568
-89.0,90,931.006002
-73.0,74,931.144804
-72.0,73,931.282937
-80.0,81,931.435997
-90.0,91,931.775677
-87.0,88,931.944029
-72.0,73,932.079293
-90.0,91,932.252614
-109.0,110,932.464177
-82.0,83,932.625961
-85.0,86,932.955204
-74.0,75,933.09447
-98.0,99,933.27664
-78.0,79,933.422181
-72.0,73,933.556252
-76.0,77,933.698305
-84.0,85,934.02373
-79.0,80,934.170073
-91.0,92,934.339406
-89.0,90,934.505244
-91.0,92,934.675603
-80.0,81,934.825467
-91.0,92,935.161867
-94.0,95,935.341395
-89.0,90,935.511894
-82.0,83,935.669222
-77.0,78,935.818199
-72.0,73,935.958546
-78.0,79,936.274476
-95.0,96,936.455541
-94.0,95,936.633332
-72.0,73,936.77001
-180.0,181,937.110502
-78.0,79,937.427046
-72.0,73,937.56535
-91.0,92,937.738066
-500.0,500,938.852195
-76.0,77,938.995445
-72.0,73,939.13536
-84.0,85,939.296271
-74.0,75,939.60535
-82.0,83,939.761765
-95.0,96,939.94245
-95.0,96,940.122976
-83.0,84,940.281547
-500.0,500,941.385151
-112.0,113,941.602036
-191.0,192,942.129323
-72.0,73,942.266346
-129.0,130,942.509764
-72.0,73,942.646642
-108.0,109,943.018138
-114.0,115,943.236862
-109.0,110,943.445366
-100.0,101,943.634885
-119.0,120,943.86106
-73.0,74,944.171095
-194.0,195,944.531078
-94.0,95,944.710015
-90.0,91,944.883869
-75.0,76,945.027813
-75.0,76,946.369825
-119.0,120,946.593143
-82.0,83,946.748208
-94.0,95,946.926496
-86.0,87,947.088568
-500.0,500,948.191874
-500.0,500,949.299647
-79.0,80,949.449957
-86.0,87,949.781837
-96.0,97,949.96446
-83.0,84,950.121719
-78.0,79,950.270741
-91.0,92,950.445191
-500.0,500,951.55936
-77.0,78,951.70554
-93.0,94,952.051463
-94.0,95,952.229982
-500.0,500,953.329555
-86.0,87,953.492406
-94.0,95,953.670168
-86.0,87,953.834856
-87.0,88,954.172622
-500.0,500,955.109681
-149.0,150,955.560474
-500.0,500,956.667886
-500.0,500,957.76673
-500.0,500,958.860426
-500.0,500,959.965835
-87.0,88,960.129204
-193.0,194,960.488965
-78.0,79,960.636204
-188.0,189,961.158106
-500.0,500,962.269701
-500.0,500,963.372693
-500.0,500,964.473575
-500.0,500,965.565388
-500.0,500,966.668692
-500.0,500,967.766414
-500.0,500,968.871109
-500.0,500,969.980367
-194.0,195,970.344468
-500.0,500,971.455617
-126.0,127,971.69947
-132.0,133,971.946316
-500.0,500,973.045078
-89.0,90,973.383263
-500.0,500,974.494241
-95.0,96,974.670493
-500.0,500,975.758276
-500.0,500,976.863366
-500.0,500,977.950561
-500.0,500,979.059511
-500.0,500,980.1501
-500.0,500,981.250884
-500.0,500,982.35501
-500.0,500,983.456956
-500.0,500,984.554883
-500.0,500,985.660515
-500.0,500,986.766397
-500.0,500,987.706274
-500.0,500,988.806845
-500.0,500,989.906504
-500.0,500,991.011118
-500.0,500,992.109622
-75.0,76,992.418257
-500.0,500,993.516757
-500.0,500,994.45677
-500.0,500,995.558006
-500.0,500,996.669342
-500.0,500,997.767895
-500.0,500,998.86048
-500.0,500,999.96142
-500.0,500,1001.075379
-500.0,500,1002.165119
-500.0,500,1003.266619
-137.0,138,1003.690671
-500.0,500,1008.533751
-500.0,500,1009.64561
-500.0,500,1010.754968
-500.0,500,1011.694351
-500.0,500,1012.798339
-500.0,500,1013.912973
-500.0,500,1015.009898
-500.0,500,1016.133425
-500.0,500,1017.23836
-500.0,500,1018.338533
-500.0,500,1019.473545
-500.0,500,1020.578769
-500.0,500,1021.692851
-500.0,500,1022.812222
-500.0,500,1023.907755
-500.0,500,1025.005007
-500.0,500,1026.09484
-500.0,500,1027.195955
-500.0,500,1028.288878
-500.0,500,1029.404099
-500.0,500,1030.513154
-500.0,500,1031.613934
-500.0,500,1032.727259
-500.0,500,1033.871958
-500.0,500,1034.98184
-500.0,500,1036.090148
-500.0,500,1037.183945
-500.0,500,1038.280703
-500.0,500,1039.387131
-500.0,500,1040.492283
-500.0,500,1041.604286
-500.0,500,1042.703662
-500.0,500,1043.792338
-500.0,500,1044.901151
-500.0,500,1045.99648
-500.0,500,1047.1032
-500.0,500,1048.212519
-500.0,500,1049.313339
-500.0,500,1050.41081
-500.0,500,1051.513811
-500.0,500,1052.612906
-500.0,500,1053.723293
-500.0,500,1054.831471
-500.0,500,1055.981205
-500.0,500,1057.080354
-500.0,500,1058.018696
-500.0,500,1059.105246
-500.0,500,1060.195201
-500.0,500,1061.30447
-500.0,500,1062.414083
-500.0,500,1063.515769
-500.0,500,1064.630696
-500.0,500,1065.742093
-500.0,500,1066.844808
-500.0,500,1067.951367
-500.0,500,1069.055997
