# {"t_start": 1592862431.1437864, "env_id": "Pendulum-v0"} 
r,l,t
-1013.358172,200,1.755287
-994.923599,200,2.099646
-867.681153,200,2.625167
-931.887044,200,2.974952
-846.047952,200,3.323279
-1011.855501,200,3.841905
-1173.502705,200,4.18473
-1056.195344,200,4.700022
-1370.820822,200,5.042246
-995.465624,200,5.397089
-975.800195,200,5.913389
-978.385752,200,6.259402
-1499.927751,200,6.777052
-1076.26639,200,7.122673
-1536.188964,200,7.467304
-1073.600939,200,7.979735
-1580.608831,200,8.334009
-989.411562,200,8.858743
-1322.287794,200,9.219464
-895.877319,200,9.572689
-867.125687,200,10.091327
-941.667924,200,10.455629
-923.107483,200,10.819518
-1128.802254,200,11.351168
-987.336795,200,11.715743
-1389.605778,200,12.239554
-1013.629498,200,12.602173
-864.909188,200,12.94796
-1554.554158,200,13.467702
-1033.089733,200,13.816541
-867.516337,200,14.339203
-1025.427308,200,14.687545
-1060.545279,200,15.036148
-874.955607,200,15.54875
-1066.463829,200,15.895402
-881.730491,200,16.40443
-882.585894,200,16.754032
-1583.317997,200,17.105067
-1043.008864,200,17.621692
-1686.346389,200,17.977233
-1188.670768,200,18.495509
-895.230265,200,18.849337
-1544.151354,200,19.204615
-881.365027,200,19.724478
-988.71559,200,20.077722
-1037.290613,200,20.424336
-1078.251857,200,20.941332
-1004.870787,200,21.285954
-972.054251,200,21.802679
-1594.858678,200,22.147607
-991.76452,200,22.487671
-878.589617,200,23.003849
-943.28943,200,23.358811
-1102.575935,200,23.877688
-953.278202,200,24.227577
-1024.029619,200,24.570753
-967.521346,200,25.08395
-1184.890132,200,25.4354
-1085.173485,200,25.953325
-815.848961,200,26.310314
-1468.027824,200,26.660279
-943.37023,200,27.173946
-1023.64057,200,27.514645
-879.188854,200,27.857428
-989.531069,200,28.375854
-931.0151,200,28.72904
-1000.636441,200,29.250216
-1387.236277,200,29.592088
-1079.100545,200,29.933394
-1043.175355,200,30.453305
-1455.24388,200,30.807121
-1124.379266,200,31.319189
-1197.367907,200,31.669924
-1049.77834,200,32.016219
-1007.222374,200,32.526509
-1007.168461,200,32.872259
-1019.565287,200,33.392106
-880.924399,200,33.743454
-1013.598539,200,34.094823
-974.219954,200,34.612969
-1028.646912,200,34.957266
-986.662635,200,35.488425
-1003.747158,200,35.836579
-1064.951434,200,36.18445
-1094.240464,200,36.6969
-872.864297,200,37.034432
-1114.350155,200,37.375825
-1623.19946,200,37.893654
-998.890222,200,38.250971
-1264.4817,200,38.766062
-1265.267902,200,39.114812
-1074.897058,200,39.459113
-886.183294,200,39.975317
-1002.665718,200,40.324479
-1053.072365,200,40.83958
-1046.758674,200,41.187417
-1007.283025,200,41.53181
-964.51603,200,42.051974
-1418.170771,200,42.405073
-1528.601612,200,42.922525
-1036.785815,200,43.26744
-1012.773698,200,43.611599
-859.900512,200,44.134875
-1084.241932,200,44.485102
-1125.128792,200,44.997418
-1411.891278,200,45.344043
-995.259042,200,45.691296
-1459.290579,200,46.212742
-884.807637,200,46.562279
-1372.444096,200,46.908711
-1009.731345,200,47.421318
-941.506615,200,47.774497
-971.368955,200,48.284945
-1007.531408,200,48.633775
-922.797171,200,48.987259
-1289.94211,200,49.509952
-1083.743103,200,49.858495
-949.222645,200,50.37827
-1005.17417,200,50.726337
-892.702984,200,51.070789
-1169.535208,200,51.586866
-1293.818579,200,51.938443
-1041.896911,200,52.465256
-982.582838,200,52.819308
-1256.604701,200,53.185299
-1101.943348,200,53.708882
-1295.614988,200,54.058485
-1531.523909,200,54.405884
-875.423079,200,54.916588
-1055.885432,200,55.268564
-1050.236586,200,55.78343
-1630.80925,200,56.12411
-996.33851,200,56.462012
-1019.526379,200,56.969966
-993.47967,200,57.314027
-1283.96974,200,57.837566
-1081.588079,200,58.187212
-1251.588817,200,58.538578
-1462.552812,200,59.059218
-1035.938288,200,59.412034
-1017.896724,200,59.931934
-900.30638,200,60.287934
-1096.496397,200,60.631604
-971.947478,200,61.148193
-1021.875761,200,61.500108
-960.428909,200,62.019246
-1006.865119,200,62.373358
-1448.511516,200,62.723914
-1001.333603,200,63.297698
-989.104584,200,63.672749
-1014.945918,200,64.04125
-1095.194295,200,64.691533
-884.415152,200,65.066281
-1369.058717,200,65.662892
-1071.223163,200,66.075706
-1010.454279,200,66.425376
-1018.439265,200,66.937923
-1075.094662,200,67.284618
-1109.70076,200,67.801293
-1103.045723,200,68.147255
-1092.380383,200,68.491304
-1184.023865,200,69.009167
-1019.224882,200,69.361162
-1003.612164,200,69.878841
-942.4688,200,70.227633
-979.474999,200,70.576598
-1389.77655,200,71.091128
-1350.942283,200,71.441851
-1008.377866,200,71.96307
-1098.32718,200,72.314468
-1100.610194,200,72.662678
-963.059133,200,73.182958
-998.636754,200,73.53185
-1058.907433,200,73.878578
-1104.688008,200,74.413434
-1132.305347,200,74.772508
-1248.662345,200,75.294389
-1150.685411,200,75.6404
-998.714877,200,75.987636
-1043.957053,200,76.50986
-887.216688,200,76.871786
-1182.648169,200,77.397425
-943.316536,200,77.751572
-1054.257966,200,78.095452
-1010.583328,200,80.236073
-1240.799991,200,80.588567
-896.325055,200,81.102959
-983.195478,200,81.453212
-978.947307,200,81.79701
-957.843338,200,82.318138
-1123.07325,200,82.676276
-993.815735,200,83.026203
-981.853602,200,83.544653
-1079.500746,200,83.897707
-1004.143928,200,84.420253
-979.3658,200,84.764706
-1345.178682,200,85.114903
-1512.018057,200,85.633357
-1001.563682,200,85.976601
-882.305595,200,86.508636
-1077.656747,200,86.860266
-1120.699615,200,87.212165
-1005.783294,200,87.732697
-1003.396366,200,88.090011
-1086.307897,200,88.60908
-1013.80975,200,88.961983
-867.593728,200,89.327911
-1012.062067,200,89.848955
-1015.217158,200,90.191463
-928.312682,200,90.71161
-1112.011726,200,91.064998
-1180.604814,200,91.421401
-987.43413,200,91.946256
-1084.263549,200,92.30492
-1014.505516,200,92.655365
-875.032631,200,93.174396
-969.578443,200,93.520972
-1165.228203,200,94.038654
-1119.135885,200,94.388167
-1667.604797,200,94.748023
-1026.077259,200,95.277061
-1159.191073,200,95.634529
-1017.481892,200,96.16094
-1119.146893,200,96.506028
-1022.741287,200,96.865647
-1024.985574,200,97.383005
-1009.497159,200,97.731474
-1149.663439,200,98.260457
-1571.347555,200,98.606879
-888.111295,200,98.959776
-880.259531,200,99.478987
-1120.178124,200,99.828337
-938.130657,200,100.349401
-1020.66784,200,100.703915
-997.031493,200,101.05856
-1255.057329,200,101.57497
-1105.330909,200,101.920964
-1379.862108,200,102.269577
-982.851673,200,102.786114
-1175.091993,200,103.142509
-995.371807,200,103.661636
-982.248282,200,104.012847
-1567.547579,200,104.367417
-1271.190343,200,104.889819
-872.417524,200,105.234133
-1285.621375,200,105.757756
-955.897167,200,106.117356
-1038.768595,200,106.46369
-978.290261,200,106.979871
-979.327239,200,107.335867
-887.220218,200,107.852151
-1084.338013,200,108.204693
-1064.481709,200,108.558419
-952.53268,200,109.080705
-916.67047,200,109.432393
-1093.774327,200,109.777428
-1754.356136,200,110.298461
-965.640233,200,110.640043
-1164.442142,200,111.149702
-1248.71366,200,111.501801
-1005.871077,200,111.852619
-985.188455,200,112.366831
-1088.154449,200,112.720611
-966.090742,200,113.249444
-979.252489,200,113.603372
-1085.671193,200,113.946923
-1022.485977,200,114.462278
-1018.056798,200,114.812676
-971.340248,200,115.328707
-1281.226933,200,115.67989
-1000.531086,200,116.029923
-1291.500765,200,116.548464
-1064.605453,200,116.892376
-1073.327615,200,117.410308
-1367.207762,200,117.753933
-967.109012,200,118.101479
-1034.779878,200,118.615932
-1017.343927,200,118.966658
-1081.441318,200,119.31631
-910.63959,200,119.835149
-1045.366647,200,120.186328
-1114.663816,200,120.70248
-1070.500759,200,121.053892
-880.521238,200,121.402144
-1020.340607,200,121.923439
-1102.041665,200,122.278869
-965.110277,200,122.799795
-1272.131107,200,123.156898
-1158.30969,200,123.501422
-964.973693,200,124.015261
-860.603892,200,124.365942
-973.467945,200,124.898642
-1137.349718,200,125.250884
-1072.720187,200,125.606606
-1007.938942,200,126.123799
-1204.103474,200,126.47902
-1832.124727,200,126.997833
-970.035,200,127.352911
-1223.696,200,127.705594
-1281.840889,200,128.229322
-977.891838,200,128.584169
-1050.640854,200,128.93482
-871.297123,200,129.449217
-1004.342341,200,129.792644
-995.410586,200,130.307306
-872.485383,200,130.660943
-1251.588978,200,131.014905
-977.479031,200,131.53029
-914.135311,200,131.880836
-935.560909,200,132.397906
-1264.503048,200,132.747023
-973.7057,200,133.09447
-971.032399,200,133.609361
-997.125901,200,133.955977
-1048.535924,200,134.478241
-878.085352,200,134.827912
-1158.051487,200,135.177152
-948.180762,200,135.692544
-869.946163,200,136.047765
-873.132894,200,136.392053
-1009.006361,200,136.90957
-1009.649731,200,137.251607
-997.036432,200,137.769766
-1061.692803,200,138.119294
-996.031038,200,138.472514
-1204.294032,200,138.990024
-1247.017881,200,139.342525
-1103.081707,200,139.858113
-892.276765,200,140.208215
-1367.527258,200,140.556888
-1179.200519,200,141.089293
-1052.939643,200,141.448458
-975.946016,200,141.971806
-1084.359105,200,142.32443
-938.494764,200,142.676772
-999.216206,200,143.199284
-981.420707,200,143.541812
-967.707483,200,144.05579
-1184.569486,200,144.40561
-1631.711231,200,144.757161
-1003.011252,200,145.269646
-998.178228,200,145.622051
-1157.136022,200,145.9666
-915.457247,200,146.478321
-990.367166,200,146.829214
-989.733295,200,147.343765
-908.63042,200,147.696403
-1481.408804,200,148.049444
-981.395346,200,148.56908
-1128.018769,200,148.921199
-1114.070358,200,149.440643
-1013.517901,200,149.803249
-889.945433,200,150.1547
-1450.193908,200,150.664104
-1070.815058,200,151.022233
-1192.900808,200,151.545118
-1045.720216,200,151.899537
-940.307936,200,152.260288
-1000.733903,200,152.785604
-1073.189707,200,153.150336
-1252.004189,200,153.670942
-1135.686856,200,154.024568
-1087.57651,200,154.375747
-859.862663,200,154.896918
-1272.491245,200,155.248794
-990.448215,200,155.597838
-1038.307533,200,156.119513
-1072.921657,200,156.472627
-1004.458314,200,156.987884
-1311.944999,200,157.333466
-1147.068217,200,157.676798
-991.105627,200,158.189753
-1075.935623,200,158.541186
-977.061154,200,159.055397
-983.442041,200,159.403887
-972.541788,200,159.759476
-869.8888,200,160.280015
-984.07142,200,160.626267
-870.095671,200,161.151333
-986.665789,200,161.521122
-1083.558588,200,161.87853
-1001.170013,200,162.40207
-1080.025232,200,162.755095
-1020.090036,200,163.104783
-990.764685,200,163.627294
-982.329493,200,163.982898
-987.143455,200,164.504467
-1004.395087,200,164.856136
-1562.805088,200,165.210174
-1091.122024,200,165.742122
-1007.125953,200,166.102336
-1047.001233,200,166.627622
-1002.257217,200,166.982085
-1003.868341,200,167.332363
-883.510547,200,167.863188
-1006.421146,200,168.21234
-1196.462032,200,168.726211
-1019.784407,200,169.082955
-978.640425,200,169.43671
-1005.086705,200,169.958271
-1096.677614,200,170.314345
-886.128532,200,170.836301
-1001.004415,200,171.182997
-1078.40716,200,171.539275
-864.722263,200,172.05697
-1013.924348,200,172.410195
-847.122175,200,172.758948
-1074.357037,200,173.278825
-1150.362016,200,173.636951
-981.08344,200,174.162178
-882.032399,200,174.512921
-922.571087,200,174.861709
-1096.438984,200,175.378579
-1007.00544,200,175.723546
-1106.695928,200,176.239979
-1091.461016,200,176.591594
-1111.582279,200,176.942366
-999.38996,200,177.458871
-1345.847665,200,177.809072
-884.725234,200,178.327889
-986.981674,200,178.68247
-1264.580808,200,179.034567
-999.241985,200,179.553038
-1095.051005,200,179.89905
-885.23884,200,180.413278
-1172.388233,200,180.766927
-993.641576,200,181.121177
-1148.093518,200,181.643792
-1130.772202,200,181.993215
-1232.571484,200,182.347034
-870.283648,200,182.864169
-992.37035,200,183.214219
-1077.915377,200,183.722117
-997.472449,200,184.072283
-867.661082,200,184.423383
-1028.597688,200,184.948178
-1035.183559,200,185.295046
-1169.956872,200,185.807729
-985.749213,200,186.163019
-1071.29058,200,186.511464
-857.844196,200,187.027273
-897.130258,200,187.386507
-1011.876681,200,187.914683
-1037.155351,200,188.270325
-1065.10472,200,188.615447
-977.998906,200,189.133522
-1011.211928,200,189.482957
-1150.816861,200,189.828049
-968.788901,200,190.344281
-1059.343811,200,190.695497
-1271.748241,200,192.820744
-978.839329,200,193.170059
-1065.209605,200,193.516493
-898.976128,200,194.035829
-1032.176196,200,194.378945
-1004.856555,200,194.893498
-1158.746372,200,195.241511
-1034.029881,200,195.593453
-1094.96197,200,196.107087
-1013.96716,200,196.455206
-970.081807,200,196.972895
-1252.327751,200,197.318282
-1004.876104,200,197.66787
-843.725348,200,198.182201
-1435.79273,200,198.528709
-1016.822153,200,199.045933
-1320.474118,200,199.389882
-966.347981,200,199.734585
-1092.438793,200,200.258331
-1076.345038,200,200.610785
-994.088149,200,200.960953
-1056.814945,200,201.474526
-1046.734387,200,201.819156
-1002.464529,200,202.330168
-1161.231231,200,202.680185
-1024.973698,200,203.022645
-884.361271,200,203.543848
-1020.642628,200,203.896111
-1017.544907,200,204.407931
-845.749607,200,204.755242
-1014.216616,200,205.100331
-967.551411,200,205.614244
-960.270243,200,205.964032
-967.963616,200,206.492276
-1088.617201,200,206.839835
-867.505836,200,207.19504
-1004.072038,200,207.715312
-886.735759,200,208.060515
-990.119941,200,208.587153
-999.154077,200,208.941672
-996.371177,200,209.299037
-1093.68951,200,209.825416
-877.615592,200,210.173767
-873.101429,200,210.529574
-1009.518969,200,211.062333
-1013.568438,200,211.416467
-1000.14805,200,211.936367
-977.494982,200,212.287802
-1076.358918,200,212.638653
-964.740668,200,213.159849
-966.461728,200,213.505087
-992.624564,200,214.02756
-1143.938718,200,214.377033
-1003.540027,200,214.722661
-870.034824,200,215.235686
-1005.081177,200,215.590245
-1030.526116,200,216.114892
-1260.268892,200,216.481101
-998.883666,200,216.848944
-854.934624,200,217.376463
-1054.905646,200,217.73225
-834.199433,200,218.09742
-1349.322695,200,218.617613
-1012.455256,200,218.965642
-1017.7235,200,219.484822
-1158.391899,200,219.838391
-1197.545174,200,220.185003
-865.11779,200,220.700853
-861.291933,200,221.047824
-1113.729118,200,221.570361
-1187.701822,200,221.920577
-1089.196055,200,222.273752
-1084.862293,200,222.794253
-985.024228,200,223.14119
-887.788697,200,223.658249
-978.304706,200,224.00947
-894.841482,200,224.35952
-750.375719,200,224.874132
-1298.690696,200,225.223492
-880.288884,200,225.737251
-965.656801,200,226.087087
-1055.754541,200,226.440108
-1068.563472,200,226.958282
-1177.647236,200,227.307177
-956.391255,200,227.6508
-1076.632944,200,228.169323
-1152.068752,200,228.512816
-979.231905,200,229.032686
-876.920452,200,229.385593
-857.721693,200,229.73798
-1008.057357,200,230.266193
-964.13247,200,230.610201
-991.82851,200,231.13085
-1106.177991,200,231.48085
-893.135999,200,231.836255
-970.718484,200,232.356112
-1395.051567,200,232.707451
-957.995841,200,233.221041
-988.558187,200,233.573658
-958.438657,200,233.932316
-963.791888,200,234.458287
-1128.009475,200,234.813774
-988.664121,200,235.325119
-1163.542356,200,235.671122
-1034.969912,200,236.023164
-978.157682,200,236.544451
-1000.181104,200,236.889547
-864.834958,200,237.23434
-1089.010985,200,237.757964
-949.50187,200,238.109838
-965.326396,200,238.625505
-1054.454409,200,238.982199
-1110.660472,200,239.338654
-1108.406227,200,239.862308
-1114.313542,200,240.215804
-960.153488,200,240.73625
-1132.518294,200,241.091486
-1019.436209,200,241.445625
-1068.806114,200,241.959323
-1011.903064,200,242.312769
-1001.171186,200,242.824926
-1097.240389,200,243.177099
-1071.056426,200,243.529655
-1683.39762,200,244.045906
-1332.447555,200,244.397731
-1005.850275,200,244.758957
-1553.416643,200,245.277571
-1022.834077,200,245.627703
-880.349548,200,246.146914
-1214.098352,200,246.508806
-986.646801,200,246.860356
-989.248087,200,247.378765
-870.119902,200,247.73313
-951.821767,200,248.262653
-1302.903842,200,248.616636
-1109.286704,200,248.970498
-996.164561,200,249.486086
-1004.124049,200,249.83296
-1088.232909,200,250.341713
-871.022507,200,250.686327
-1098.648528,200,251.035239
-1007.211731,200,251.550645
-1193.872532,200,251.893708
-1022.992092,200,252.414078
-976.93018,200,252.761037
-1005.421128,200,253.115749
-999.74988,200,253.633574
-1097.805616,200,253.986197
-1112.643223,200,254.337684
-865.633714,200,254.8597
-862.759618,200,255.214276
-874.068257,200,255.74336
-999.66082,200,256.093697
-1018.41052,200,256.448316
-1290.466583,200,256.971009
-986.789276,200,257.319013
-958.041732,200,257.837038
-979.461119,200,258.187427
-893.493567,200,258.541576
-1107.922987,200,259.062622
-1109.25139,200,259.409524
-1106.12216,200,259.922835
-1012.394564,200,260.276706
-999.398758,200,260.629117
-978.322109,200,261.15196
-1132.681917,200,261.50172
-887.241879,200,262.012664
-990.008978,200,262.363375
-1041.677449,200,262.717042
-1181.675224,200,263.238605
-1114.900184,200,263.583433
-1190.88741,200,263.926195
-990.121637,200,264.438655
-1141.48676,200,264.783714
-1162.763018,200,265.300337
-1294.041806,200,265.655803
-972.058666,200,266.005314
-1012.1479,200,266.53333
-993.291182,200,266.879277
-977.563043,200,267.397183
-1001.518397,200,267.745142
-1176.936069,200,268.089634
-1143.670927,200,268.602702
-1075.966392,200,268.95754
-1069.417823,200,269.471243
-1003.441051,200,269.820003
-1011.66641,200,270.160124
-1008.429715,200,270.67715
-974.519921,200,271.034975
-1047.445895,200,271.392318
-1577.729971,200,271.909937
-1669.391811,200,272.258727
-985.247892,200,274.403009
-1066.499561,200,274.755466
-1068.4084,200,275.098087
-1012.493521,200,275.614542
-973.777419,200,275.962184
-1072.462511,200,276.490633
-1074.750826,200,276.842095
-1013.00886,200,277.193104
-1095.774479,200,277.714303
-1074.915964,200,278.05755
-1094.840509,200,278.579767
-1192.699894,200,278.933886
-1183.789657,200,279.285043
-1326.632803,200,279.799305
-848.144673,200,280.153236
-859.431379,200,280.67686
-869.304368,200,281.042138
-1077.786992,200,281.397096
-1166.417967,200,281.921721
-1182.910252,200,282.273678
-1291.515525,200,282.62422
-898.678982,200,283.136801
-1004.579018,200,283.483221
-1829.04804,200,284.008795
-749.435547,200,284.363356
-858.352391,200,284.717579
-1181.054678,200,285.232183
-1092.597667,200,285.580612
-1071.177221,200,286.090963
-1619.490965,200,286.436883
-1398.500749,200,286.788913
-978.052027,200,287.307971
-1118.464652,200,287.650251
-991.647116,200,288.162067
-1025.823538,200,288.519232
-969.32638,200,288.868551
-1273.493134,200,289.387075
-999.682729,200,289.734741
-988.180923,200,290.262816
-997.270155,200,290.610947
-1004.526155,200,290.963153
-1108.586965,200,291.483097
-1200.213235,200,291.824022
-865.850771,200,292.17189
-1139.91007,200,292.6887
-1415.479203,200,293.037438
-880.477044,200,293.553952
-1068.17292,200,293.905722
-1364.896081,200,294.249295
-1129.815008,200,294.769909
-1088.918875,200,295.121731
-1186.930265,200,295.637866
-963.145119,200,295.983747
-1290.794519,200,296.343796
-1005.008986,200,296.869186
-1058.178965,200,297.216669
-1101.831589,200,297.732122
-1083.103212,200,298.085163
-909.575443,200,298.430379
-939.597903,200,298.944053
-984.41999,200,299.298739
-883.527338,200,299.646887
-975.016113,200,300.172591
-1022.171242,200,300.523744
-973.599832,200,301.047365
-1076.882248,200,301.395491
-883.340372,200,301.744439
-865.493313,200,302.270313
-940.245956,200,302.61975
-1000.409193,200,303.141838
-1053.681383,200,303.493878
-1174.218034,200,303.846751
-987.809499,200,304.367229
-1172.101323,200,304.716008
-1104.103327,200,305.241171
-971.470185,200,305.585578
-1001.461187,200,305.937402
-956.841196,200,306.462072
-1159.444618,200,306.807426
-1259.624055,200,307.323252
-972.578034,200,307.674137
-1008.868063,200,308.024179
-991.443674,200,308.543217
-989.38403,200,308.896422
-1152.956873,200,309.257635
-1009.216399,200,309.777102
-1296.23055,200,310.130331
-979.350739,200,310.647832
-900.36495,200,310.996489
-737.182226,200,311.348327
-1000.764027,200,311.863084
-983.210844,200,312.218555
-1213.492752,200,312.740162
-966.755417,200,313.09068
-1377.095578,200,313.443103
-948.652499,200,313.958349
-1079.097973,200,314.307746
-1172.599437,200,314.822922
-1205.861862,200,315.176018
-976.725119,200,315.538347
-997.34643,200,316.056437
-1001.349052,200,316.407414
-1008.22417,200,316.922244
-1674.951396,200,317.273148
-983.482991,200,317.618601
-1014.743956,200,318.133167
-1068.304488,200,318.478723
-1021.998749,200,318.830315
-1281.494079,200,319.346838
-1010.513846,200,319.69438
-1346.94603,200,320.211623
-953.742308,200,320.565357
-1097.49427,200,320.911676
-986.499336,200,321.428574
-967.322465,200,321.78184
-1045.421408,200,322.30755
-1014.102423,200,322.663057
-1193.013653,200,323.012764
-1263.393389,200,323.530747
-1180.664527,200,323.891583
-1275.24493,200,324.408036
-1003.500143,200,324.750272
-1227.004077,200,325.100371
-1004.325445,200,325.615757
-1020.231622,200,325.959898
-1007.431013,200,326.307563
-1008.219041,200,326.824328
-1380.758541,200,327.166379
-1014.850906,200,327.687011
-1003.333685,200,328.042988
-969.191803,200,328.390499
-1104.546042,200,328.906905
-986.997825,200,329.273001
-1060.605533,200,329.79295
-973.083008,200,330.146526
-1004.451673,200,330.497033
-1240.961417,200,331.015329
-1087.913585,200,331.358237
-981.077659,200,331.877529
-1047.948778,200,332.230244
-840.010332,200,332.6032
-981.68798,200,333.132751
-965.67594,200,333.474495
-1017.625221,200,333.998913
-1023.501264,200,334.354871
-1048.15411,200,334.715782
-1135.378522,200,335.235156
-1291.207595,200,335.588714
-1186.735726,200,335.939582
-1084.158802,200,336.453502
-939.207172,200,336.799162
-1190.577078,200,337.319155
-1062.786911,200,337.671826
-960.25442,200,338.022916
-1007.849137,200,338.539455
-1008.399765,200,338.884306
-1116.880718,200,339.398544
-1154.783843,200,339.744952
-982.563633,200,340.091839
-883.577895,200,340.606445
-1209.94052,200,340.951917
-1033.845691,200,341.468261
-966.649791,200,341.815707
-889.815398,200,342.167817
-978.384482,200,342.686069
-1006.763506,200,343.041145
-971.402427,200,345.188155
-972.665865,200,345.539886
-979.96839,200,345.89051
-1271.473786,200,346.413519
-1061.293249,200,346.754642
-1155.558532,200,347.105091
-1048.603693,200,347.624599
-959.132633,200,347.976126
-948.140458,200,348.502791
-832.055996,200,348.855966
-978.773517,200,349.205832
-937.797477,200,349.723081
-971.707028,200,350.071247
-940.976365,200,350.585554
-964.181767,200,350.938399
-1186.376728,200,351.290634
-1055.253195,200,351.807748
-949.291346,200,352.15748
-991.179909,200,352.667345
-1306.209597,200,353.015802
-964.189367,200,353.365937
-1023.137523,200,353.88113
-1227.069636,200,354.227004
-985.073303,200,354.578212
-1148.479936,200,355.102394
-1061.427901,200,355.453275
-865.84989,200,355.975507
-895.965565,200,356.328248
-1100.547214,200,356.678685
-1012.054782,200,357.198783
-1024.514392,200,357.546074
-977.099622,200,358.065239
-971.479011,200,358.415038
-1523.81062,200,358.762292
-958.270169,200,359.281063
-1002.055427,200,359.626581
-992.562146,200,360.15276
-1054.580638,200,360.504337
-878.041046,200,360.85411
-872.039345,200,361.372397
-855.284033,200,361.726142
-985.476902,200,362.241657
-962.130738,200,362.596456
-1091.697425,200,362.951105
-1201.089826,200,363.4656
-1011.515935,200,363.816101
-1598.901252,200,364.166602
-1338.36204,200,364.682585
-1672.916984,200,365.040909
-1013.185125,200,365.565504
-984.971317,200,365.928241
-1004.40861,200,366.291451
-965.482463,200,366.810814
-1099.937522,200,367.154391
-962.643301,200,367.668715
-1096.878742,200,368.02212
-989.343536,200,368.376923
-965.958151,200,368.890937
-1000.942937,200,369.239573
-1292.450257,200,369.751401
-860.318384,200,370.096419
-998.778037,200,370.446705
-1039.659246,200,370.969128
-1354.190826,200,371.316057
-1099.745974,200,371.828757
-867.170888,200,372.18385
-869.530939,200,372.53882
-921.616746,200,373.054255
-958.538741,200,373.403898
-1166.036959,200,373.753269
-1130.366558,200,374.280978
-982.000922,200,374.63345
-994.216942,200,375.152244
-955.588344,200,375.503737
-936.18894,200,375.860861
-869.526266,200,376.381572
-959.910169,200,376.738792
-873.753852,200,377.260509
-888.771047,200,377.617158
-958.805813,200,377.974648
-1272.592317,200,378.496687
-1117.13506,200,378.845962
-867.559342,200,379.362498
-945.021712,200,379.715327
-858.052068,200,380.065906
-1156.189437,200,380.584984
-860.920019,200,380.943053
-1350.686174,200,381.295559
-1000.272308,200,381.811803
-1563.3776,200,382.160521
-1299.286625,200,382.678528
-952.483597,200,383.031253
-1007.066001,200,383.377493
-1251.215366,200,383.889669
-1271.005398,200,384.241896
-962.092129,200,384.762578
-981.661141,200,385.115388
-810.785989,200,385.464251
-928.019107,200,385.982307
-987.452693,200,386.332902
-1289.932748,200,386.850658
-966.523638,200,387.198593
-1011.220214,200,387.542748
-879.952136,200,388.056978
-883.174012,200,388.403849
-878.948717,200,388.917899
-1053.911841,200,389.270696
-1061.970824,200,389.621392
-1115.461544,200,390.139919
-1478.236747,200,390.480405
-1017.026068,200,390.827609
-987.941247,200,391.345972
-956.496128,200,391.699205
-904.362391,200,392.220329
-1026.416593,200,392.568266
-987.556955,200,392.921275
-1106.566525,200,393.438421
-754.867164,200,393.790324
-1065.015619,200,394.313565
-958.55485,200,394.657146
-987.005078,200,395.004576
-983.007318,200,395.523435
-876.15922,200,395.886084
-998.792044,200,396.406454
-873.147691,200,396.754734
-980.540175,200,397.098571
-995.23807,200,397.610294
-1110.149221,200,397.962334
-886.223454,200,398.479048
-1031.845882,200,398.828768
-887.556383,200,399.175888
-926.502158,200,399.69368
-1006.5905,200,400.044957
-870.659373,200,400.393205
-1380.358852,200,400.909532
-1163.92736,200,401.258236
-860.41979,200,401.786315
-1168.454944,200,402.141068
-1008.40543,200,402.487277
-1047.90913,200,403.005913
-1016.386893,200,403.351205
-1016.04167,200,403.868916
-953.265235,200,404.216613
-870.405992,200,404.561325
-995.765616,200,405.079188
-869.915628,200,405.428731
-1275.865685,200,405.948657
-759.250127,200,406.309513
-1169.073635,200,406.659359
-1215.817306,200,407.183531
-857.507246,200,407.538183
-1018.769562,200,407.892686
-1063.029281,200,408.420413
-1313.503603,200,408.768965
-1181.242294,200,409.292114
-1193.166611,200,409.642328
-1088.952235,200,409.997297
-861.959055,200,410.516809
-1156.347343,200,410.869052
-999.951479,200,411.387642
-1011.447551,200,411.731885
-1089.551661,200,412.078123
-990.175969,200,412.595459
-1159.245501,200,412.948219
-1091.318148,200,413.46318
-1107.864014,200,413.808164
-988.860801,200,414.158137
-867.325941,200,414.690605
-972.374093,200,415.047211
-1003.952503,200,415.568659
-936.538064,200,415.931364
-875.27808,200,416.283367
-1225.039474,200,416.795041
-1008.527564,200,417.143936
-1154.941465,200,417.490915
-862.364865,200,418.016845
-1072.032065,200,418.366735
-968.660001,200,418.885275
-1150.5381,200,419.233616
-868.515781,200,419.587616
-994.325596,200,420.110382
-1139.915617,200,420.46582
-1189.69379,200,420.991097
-972.099022,200,421.33547
-999.141875,200,421.684793
-978.344327,200,422.200145
-952.264282,200,422.544998
-1267.774162,200,423.068699
-994.270704,200,423.421115
-1108.755563,200,423.776598
-883.37172,200,424.292977
-1005.723863,200,424.638996
-1008.977656,200,425.155717
-843.051483,200,425.508223
-1011.47047,200,425.856598
-860.435667,200,426.367765
-1184.340734,200,426.714972
-1610.200492,200,427.061908
-993.376412,200,427.573102
-984.882197,200,427.923518
-1464.267874,200,428.443688
-1097.089282,200,428.808949
-1004.493611,200,429.165962
-1352.604034,200,429.694436
-1005.527296,200,430.059525
-998.470471,200,430.589484
-965.565597,200,430.946866
-865.824436,200,431.292736
-1138.909952,200,431.814034
-994.762758,200,432.160592
-966.557957,200,432.678857
-964.845969,200,433.032623
-969.694648,200,433.38431
-874.0902,200,433.901642
-1180.408718,200,434.259588
-1016.877317,200,434.613497
-1141.851659,200,435.131342
-1005.397547,200,435.482516
-996.853467,200,435.996649
-1167.954864,200,436.343307
-1284.176976,200,436.697869
-1366.659015,200,437.213935
-1004.549146,200,437.569883
-857.019319,200,438.085824
-1109.656608,200,438.43938
-1179.483876,200,438.789012
-868.749781,200,439.302841
-1019.773935,200,439.649992
-1508.149825,200,440.171245
-1144.864169,200,440.52511
-1190.205441,200,440.871803
-968.519049,200,441.394788
-970.218668,200,441.749606
-879.309899,200,442.274906
-1392.398649,200,442.630159
-1194.451257,200,442.979684
-990.850955,200,443.499284
-990.134485,200,443.848789
-1286.01085,200,444.206463
-857.428884,200,444.730797
-1244.495886,200,445.079701
-960.4527,200,445.597502
-1192.802656,200,445.950541
-1263.146101,200,446.298587
-1029.97509,200,446.814431
-1671.518375,200,447.161467
-1013.327583,200,447.683542
-1036.401198,200,448.029697
-1183.44594,200,448.390602
-982.165233,200,448.914229
-1184.138789,200,449.26437
-995.158578,200,449.791474
-1044.825083,200,450.141969
-988.132296,200,450.499307
-873.39197,200,451.016912
-1138.509468,200,451.365258
-1257.135047,200,451.882686
-967.793462,200,452.239366
-989.826184,200,452.583882
-1032.535778,200,453.09423
-935.149992,200,453.450032
-1024.845153,200,453.801952
-1565.293315,200,454.322967
-1132.551604,200,454.672383
-1180.877399,200,456.803705
-1206.385457,200,457.154016
-890.291236,200,457.506379
-1089.810259,200,458.025122
-1001.738783,200,458.376535
-1079.82559,200,458.889767
-902.510981,200,459.24351
-1002.702651,200,459.590836
-891.126904,200,460.107857
-968.795656,200,460.46823
-1291.733258,200,460.986072
-1067.745071,200,461.344873
-893.513399,200,461.697859
-1589.952761,200,462.215893
-1105.96329,200,462.577134
-1054.379285,200,462.938133
-1302.691388,200,463.462897
-1023.375817,200,463.818021
-1054.193868,200,464.339523
-896.321146,200,464.680385
-1070.519195,200,465.031807
-1256.404362,200,465.545305
-1082.152004,200,465.90079
-984.131182,200,466.418382
-870.450522,200,466.765474
-1000.733208,200,467.124438
-1376.871936,200,467.643476
-1328.588267,200,467.992497
-999.738388,200,468.513987
-879.70505,200,468.859578
-1081.182859,200,469.217995
-1097.088452,200,469.736909
-998.371724,200,470.086296
-769.071918,200,470.603723
-873.618632,200,470.952588
-1006.630435,200,471.306942
-1427.636392,200,471.830184
-976.313131,200,472.181537
-961.195941,200,472.534889
-1005.585889,200,473.057726
-1005.858256,200,473.403676
-989.584029,200,473.929156
-1154.896045,200,474.281479
-989.406568,200,474.626411
-1013.240753,200,475.145308
-1077.531299,200,475.503781
-944.945179,200,476.02992
-1405.587073,200,476.377446
-991.632682,200,476.723898
-1053.867307,200,477.243539
-1027.70214,200,477.591612
-1120.119206,200,478.110744
-968.835345,200,478.467257
-1009.464306,200,478.811226
-1016.737847,200,479.328231
-992.086079,200,479.67762
-973.195689,200,480.187216
-1026.055092,200,480.535669
-999.328329,200,480.886685
-1008.376989,200,481.40128
-868.166029,200,481.752375
-902.81486,200,482.103423
-904.919687,200,482.621277
-905.451755,200,482.968741
-1083.439713,200,483.487803
-849.6843,200,483.833282
-1141.358331,200,484.184673
-1062.613303,200,484.69686
-1070.567905,200,485.051659
-943.527962,200,485.569179
-763.454342,200,485.920115
-981.430627,200,486.265847
-1378.853989,200,486.78435
-1205.014174,200,487.135179
-974.826152,200,487.64661
-1001.849834,200,488.000896
-1229.190032,200,488.35412
-927.014195,200,488.883195
-1360.928027,200,489.236536
-999.807798,200,489.589343
-872.212843,200,490.104427
-1113.445218,200,490.457932
-994.900395,200,490.971514
-1181.274191,200,491.322673
-1255.086184,200,491.668575
-1060.565829,200,492.188871
-1095.266952,200,492.534993
-1047.598209,200,493.054093
-1198.397933,200,493.402077
-887.346284,200,493.752799
-990.090457,200,494.266067
-991.314971,200,494.621047
-881.736426,200,495.136062
-1034.328108,200,495.48786
-948.81015,200,495.840016
-997.800055,200,496.356686
-1545.337272,200,496.700349
-860.346239,200,497.214475
-1003.607392,200,497.560145
-987.740536,200,497.90785
-1054.756636,200,498.433459
-910.594632,200,498.778473
-1060.025675,200,499.133253
-913.723898,200,499.647355
-1061.681,200,499.993363
-989.040345,200,500.508495
-900.430417,200,500.863176
-1105.230306,200,501.212832
-1146.518731,200,501.723949
-942.496825,200,502.07832
-1241.240234,200,502.596869
-1281.695717,200,502.948954
-1082.705344,200,503.303869
-865.490089,200,503.82858
-995.815475,200,504.180415
-1122.642055,200,504.695191
-968.11252,200,505.048857
-892.258427,200,505.405529
-949.265582,200,505.923065
-1348.385581,200,506.275353
-1036.137172,200,506.797375
-995.353459,200,507.147099
-1113.215101,200,507.497789
-1185.978151,200,508.023742
-991.611641,200,508.383307
-1067.834239,200,508.732926
-1072.95887,200,509.258828
-1295.13512,200,509.608295
-1037.075055,200,510.124733
-1196.83309,200,510.478464
-926.677535,200,510.826525
-1317.748498,200,511.332608
-1190.049069,200,511.67325
-978.313014,200,512.187686
-1088.822925,200,512.538928
-1061.680572,200,512.884718
-1386.536613,200,513.409763
-911.71861,200,513.763426
-974.65227,200,514.276548
-961.174338,200,514.63123
-1159.597732,200,514.982846
-1414.521451,200,515.500911
-1040.269683,200,515.850515
-978.956478,200,516.197813
-980.023151,200,516.712484
-902.980343,200,517.061091
-1086.032146,200,517.589452
-979.424335,200,517.942293
-1086.972978,200,518.298155
-1019.845991,200,518.815791
-1196.093841,200,519.170841
-899.025471,200,519.688635
-1109.134975,200,520.037658
-1172.088964,200,520.383215
-1061.013687,200,520.897428
-995.102433,200,521.240698
-864.844543,200,521.756463
-929.753486,200,522.103359
-1018.395209,200,522.453437
-944.831392,200,522.973269
-865.289579,200,523.32201
-946.141423,200,523.839194
-999.50975,200,524.182819
-889.27843,200,524.533222
-1293.229801,200,525.056508
-878.826404,200,525.404262
-1031.620757,200,525.757239
-1273.102715,200,526.273068
-986.602167,200,526.625561
-1587.189467,200,527.140723
-1381.536208,200,527.492971
-1077.397332,200,527.843269
-1370.426258,200,528.362785
-875.070409,200,528.715121
-977.152961,200,529.249877
-1071.195206,200,529.595415
-1049.204156,200,529.950027
-1091.7454,200,530.475865
-978.864182,200,530.834022
-1197.819366,200,531.357871
-871.88713,200,531.713324
-928.513366,200,532.0733
-1081.107579,200,532.59573
-1016.680085,200,532.951673
-810.643716,200,533.475258
-1094.989178,200,533.830112
-865.880212,200,534.198281
-981.698217,200,534.714955
-1058.140691,200,535.069288
-945.755305,200,535.421603
-956.036921,200,535.93894
-1297.551489,200,536.29172
-1031.754788,200,536.811026
-947.781519,200,537.152378
-1026.661363,200,537.501405
-928.476934,200,538.017283
-852.201451,200,538.376054
-1032.354861,200,538.899105
-1184.269514,200,539.258649
-926.609027,200,539.621454
-1330.652307,200,540.139791
-986.595232,200,540.488888
-1152.569791,200,541.008642
-982.081508,200,541.357758
-916.936007,200,541.710129
-1093.697865,200,542.225229
-1094.113246,200,542.57484
-1072.963134,200,542.921904
-1022.779026,200,543.441006
-993.067774,200,543.796016
-1200.587383,200,544.308213
-1131.03778,200,544.656302
-1030.928552,200,545.005047
-871.251492,200,545.51378
-1012.370736,200,545.859957
-975.577288,200,546.383555
-964.364092,200,546.739056
-1106.347335,200,547.085424
-994.375697,200,547.604113
-984.186396,200,547.959575
-1088.329398,200,548.476167
-1259.85123,200,548.827997
-962.812039,200,549.168617
-1077.425664,200,549.684997
-990.00892,200,550.035443
-1274.354998,200,550.55222
-961.350068,200,550.904873
-992.890298,200,551.249914
-1078.479031,200,551.761829
-974.766351,200,552.11495
-860.39722,200,552.467273
-977.968318,200,552.979727
-979.367488,200,553.330747
-872.968492,200,553.848779
-975.32969,200,554.194231
-1115.656227,200,554.549864
-1007.264858,200,555.064665
-1525.109136,200,555.410738
-976.955503,200,555.927566
-1115.072149,200,556.269352
-866.833472,200,556.615106
-973.353588,200,557.13369
-1360.106898,200,557.484708
-1327.481218,200,558.002487
-995.661701,200,558.3539
-1052.576719,200,558.703462
-906.957467,200,559.224498
-1486.054985,200,559.577745
-973.807457,200,560.101739
-1138.344858,200,560.454331
-972.037083,200,560.804418
-1127.642158,200,561.317552
-961.154215,200,561.659688
-1298.475222,200,562.0074
-1271.180454,200,562.52442
-1149.671559,200,562.868738
-1578.752546,200,563.384789
-1028.77043,200,563.743299
-1097.264314,200,564.095629
-995.441233,200,564.61634
-1179.821142,200,564.971317
-861.154526,200,565.485631
-1087.34035,200,565.845852
-1087.244596,200,566.20056
-1065.029266,200,566.718454
-953.672997,200,567.062795
-1164.050137,200,567.580397
-1280.493014,200,567.929967
-1146.801406,200,568.282361
-1329.493288,200,568.799858
-968.949872,200,569.151692
-1118.929124,200,569.497739
-853.521991,200,570.02187
-1003.917524,200,570.366946
-879.710956,200,570.88302
-985.541122,200,571.227447
-884.237671,200,571.568022
-1465.047468,200,572.086436
-969.888678,200,572.438783
-1362.164764,200,572.958522
-1051.250821,200,573.305742
-1147.247184,200,573.656687
-1171.262168,200,574.174982
-864.718312,200,574.527938
-1368.426357,200,575.048548
-1080.841519,200,575.398505
-1073.301454,200,575.749513
-1054.967819,200,576.26554
-974.746014,200,576.615789
-1186.828404,200,577.134079
-964.913257,200,577.476889
-978.100903,200,577.819773
-1172.583597,200,578.336522
-926.750968,200,578.685619
-1102.576259,200,579.049237
-960.439716,200,579.567917
-995.599839,200,579.913518
-874.302784,200,582.070436
-872.633057,200,582.420704
-1032.397564,200,582.77983
-1376.664863,200,583.299094
-1378.100218,200,583.65111
-1024.700313,200,584.173094
-974.64202,200,584.523114
-1170.682918,200,584.875807
-974.589691,200,585.403018
-990.099284,200,585.756425
-1380.56847,200,586.2706
-946.169015,200,586.615177
-995.00477,200,586.9639
-887.381464,200,587.480951
-1032.407463,200,587.837166
-885.210711,200,588.367741
-932.616687,200,588.728095
-1194.219173,200,589.076827
-1069.665161,200,589.588098
-856.773887,200,589.9327
-1044.418339,200,590.282683
-1023.849032,200,590.79825
-930.266508,200,591.141295
-997.467222,200,591.660049
-1002.069794,200,592.011966
-1066.192285,200,592.362762
-1122.044136,200,592.884988
-1003.569718,200,593.246075
-1081.915698,200,593.768868
-1025.082659,200,594.116946
-1109.264605,200,594.470391
-1011.347608,200,594.994448
-1002.523749,200,595.347068
-884.352568,200,595.864122
-1065.469599,200,596.216493
-1002.849491,200,596.570057
-881.19974,200,597.093216
-1135.161743,200,597.447253
-927.511395,200,597.804209
-1132.87119,200,598.327516
-1169.87445,200,598.677701
-1348.531974,200,599.194374
-1115.112138,200,599.54669
-1014.726309,200,599.897504
-878.059874,200,600.424675
-1392.923364,200,600.774158
-1086.322936,200,601.292834
-987.255349,200,601.635403
-1124.91176,200,601.980274
-1004.423705,200,602.500804
-863.959668,200,602.85851
-1322.340437,200,603.37671
-1008.272662,200,603.731014
-1199.738026,200,604.082408
-1276.51306,200,604.598345
-838.770522,200,604.952211
-898.999678,200,605.474455
-1068.953522,200,605.823677
-988.449404,200,606.173463
-1656.13402,200,606.693009
-958.73395,200,607.052714
-989.20123,200,607.413005
-1060.541838,200,607.931798
-1085.582772,200,608.286251
-1012.104017,200,608.798816
-910.155501,200,609.151842
-990.422866,200,609.501027
-1293.488604,200,610.022425
-1095.124942,200,610.380353
-1101.888062,200,610.909976
-1173.782742,200,611.270608
-1084.76024,200,611.654166
-1111.146122,200,612.17302
-1109.968376,200,612.521574
-922.043123,200,613.037872
-1122.216964,200,613.387723
-1030.97967,200,613.740252
-990.629736,200,614.267829
-1109.564791,200,614.619547
-1129.31498,200,615.135911
-1026.779809,200,615.492728
-1099.905737,200,615.844769
-1128.449424,200,616.37587
-974.122483,200,616.723035
-1363.536507,200,617.082632
-1005.899652,200,617.599772
-1032.359647,200,617.941725
-1133.162693,200,618.459035
-980.050138,200,618.803671
-888.134925,200,619.160117
-951.614294,200,619.676909
-1282.181375,200,620.031069
-1161.995537,200,620.551177
-1093.45605,200,620.902249
-1250.157697,200,621.254644
-1574.115081,200,621.775656
-1009.383929,200,622.128632
-1028.986902,200,622.648894
-984.441003,200,622.995463
-1182.188701,200,623.341383
-880.057446,200,623.859346
-1094.84992,200,624.208773
-1002.497491,200,624.555713
-912.614427,200,625.070426
-1019.048969,200,625.417609
-1037.178242,200,625.934503
-1142.179602,200,626.28704
-1325.102581,200,626.632139
-1117.512353,200,627.152138
-1402.315208,200,627.503632
-1049.962397,200,628.019448
-1092.676795,200,628.370814
-1129.203476,200,628.716821
-1024.668755,200,629.239707
-1126.856394,200,629.591031
-966.756782,200,630.115429
-1068.573424,200,630.464563
-974.241637,200,630.817951
-942.44832,200,631.335936
-925.891809,200,631.699249
-1391.276859,200,632.224862
-1363.484093,200,632.569014
-1496.066656,200,632.91671
-1135.134817,200,633.437751
-1096.253614,200,633.790974
-1119.383987,200,634.138107
-1535.993849,200,634.659162
-1138.603174,200,635.02777
-976.101158,200,635.555441
-1108.625223,200,635.916321
-1112.713555,200,636.272722
-1152.643777,200,636.794126
-1249.428282,200,637.134742
-1021.114599,200,639.280298
-1102.247514,200,639.634518
-1292.050468,200,639.995488
-1014.31623,200,640.518197
-1106.408019,200,640.863591
-1003.418272,200,641.380993
-1156.923725,200,641.735791
-1000.975796,200,642.093756
-1106.954391,200,642.609962
-1052.437984,200,642.96482
-1023.116753,200,643.485153
-1331.454314,200,643.833729
-1038.188222,200,644.179202
-896.883745,200,644.705859
-1345.680971,200,645.066284
-1112.404799,200,645.424948
-1177.840975,200,645.946552
-1204.676609,200,646.309351
-1126.13826,200,646.829595
-1009.498465,200,647.194378
-1031.889669,200,647.560099
-1173.024364,200,648.08491
-1029.740254,200,648.428898
-1014.967597,200,648.952151
-1358.75684,200,649.303445
-1122.769581,200,649.659966
-1237.660895,200,650.177919
-1092.421028,200,650.52322
-1098.714337,200,651.042547
-1094.026646,200,651.387902
-1144.499005,200,651.736183
-1573.906058,200,652.255425
-1154.40792,200,652.608853
-1240.275947,200,652.955426
-1186.407374,200,653.474499
-1057.485187,200,653.821074
-1088.336592,200,654.337702
-1179.10783,200,654.683175
-963.111471,200,655.034792
-1154.16373,200,655.542361
-1173.761805,200,655.883701
-1144.005569,200,656.398487
-1239.804696,200,656.745172
-1092.995614,200,657.088615
-1134.525614,200,657.606863
-1227.804346,200,657.95167
-1122.05684,200,658.466561
-1329.303016,200,658.822923
-1138.83438,200,659.172683
-1138.879516,200,659.688904
-1217.32127,200,660.044817
-1429.393417,200,660.56442
-1157.950795,200,660.911077
-1570.711825,200,661.263484
-1222.128587,200,661.782579
-1158.354836,200,662.136971
-1107.154559,200,662.485445
-1027.582284,200,662.999999
-1160.977689,200,663.344087
-1173.104037,200,663.85877
-1253.238096,200,664.210392
-1171.314857,200,664.563824
-1241.517753,200,665.08022
-1197.121252,200,665.430441
-1274.931486,200,665.943775
-1212.027535,200,666.290498
-1204.293532,200,666.637687
-1070.948765,200,667.157087
-1498.80551,200,667.51102
-1153.900905,200,668.02983
-1133.385757,200,668.379915
-1209.276428,200,668.732765
-1178.429848,200,669.252332
-1039.311984,200,669.606506
-1151.095676,200,670.125147
-1434.006045,200,670.476662
-1381.469245,200,670.827286
-1152.473963,200,671.33952
-1128.717414,200,671.685105
-1351.133723,200,672.032448
-1179.796791,200,672.549814
-1324.258123,200,672.897015
-1385.014078,200,673.416161
-1301.440344,200,673.766904
-1143.45704,200,674.121471
-1314.557793,200,674.64138
-1182.601225,200,674.988622
-1199.637777,200,675.507877
-1190.877743,200,675.851954
-1256.36818,200,676.197666
-1266.309263,200,676.714124
-1329.228441,200,677.064994
-1425.824381,200,677.576869
-1251.426863,200,677.933338
-1235.727112,200,678.283776
-1293.568848,200,678.807924
-1268.859983,200,679.158903
-1190.713485,200,679.5179
-1318.585194,200,680.037487
-1145.645156,200,680.392884
-1308.620156,200,680.9097
-1233.854771,200,681.260949
-1349.177966,200,681.614846
-1331.431571,200,682.13749
-1313.379501,200,682.495272
-1306.409076,200,683.024361
-1585.379361,200,683.371475
-1250.652185,200,683.721556
-1316.963359,200,684.252568
-1137.415417,200,684.602242
-1319.840844,200,685.119419
-1309.310955,200,685.47418
-1303.507468,200,685.826537
-1257.139436,200,686.349966
-1323.460583,200,686.705172
-1341.255695,200,687.220423
-1246.377608,200,687.565911
-1435.266599,200,687.913161
-1402.681378,200,688.433724
-1283.332183,200,688.780524
-1273.352918,200,689.135204
-1334.076928,200,689.657081
-1257.719778,200,690.003855
-1418.660452,200,690.522286
-1350.819294,200,690.875296
-1354.284155,200,691.22134
-1229.055354,200,691.740853
-1441.9586,200,692.085574
-1416.785041,200,692.609262
-1568.660297,200,692.959785
-1387.90656,200,693.315089
-1257.516839,200,693.842007
-1387.433088,200,694.196116
-1370.157553,200,694.713804
-1328.250875,200,695.068888
-1439.699881,200,695.42612
-1310.528632,200,697.582365
-1422.218202,200,697.946635
-1355.698601,200,698.474813
-1158.486402,200,698.840826
-1371.697539,200,699.202635
-1396.768662,200,699.733344
-1352.822978,200,700.092232
-1377.092462,200,700.451108
-1284.17303,200,700.981998
-1359.929712,200,701.338019
-1379.304019,200,701.870138
-1364.984932,200,702.233076
-1339.74351,200,702.592788
-1463.277512,200,703.10695
-1356.695083,200,703.451217
-1377.232959,200,703.968354
-1365.790681,200,704.328855
-1343.595279,200,704.680607
-1438.212175,200,705.210358
-1386.229856,200,705.574696
-1319.373467,200,706.111735
-1368.264498,200,706.470268
-1324.177124,200,706.831835
-1327.623066,200,707.359844
-1378.890917,200,707.71836
-1377.369083,200,708.074282
-1433.283278,200,708.599918
-1484.050481,200,708.961918
-1451.950818,200,709.480227
-1368.284574,200,709.842894
-1402.266316,200,710.199335
-1344.455979,200,710.723704
-1297.51792,200,711.084423
-1343.97753,200,711.606167
-1417.802046,200,711.954118
-1379.724329,200,712.309464
-1337.644244,200,712.8282
-1442.008343,200,713.171159
-1396.056341,200,713.696646
-1354.257171,200,714.047095
-1460.793612,200,714.398452
-1402.332447,200,714.909145
-1464.789213,200,715.258138
-1437.614153,200,715.781114
-1343.442317,200,716.137581
-1438.31022,200,716.48174
-1400.417853,200,716.998392
-1444.988842,200,717.346053
-1484.605704,200,717.697759
-1358.553284,200,718.219851
-1417.600695,200,718.571272
-1426.489302,200,719.089414
-1398.460773,200,719.438384
-1403.996867,200,719.786984
-1450.672895,200,720.308987
-1479.936548,200,720.654582
-1491.800118,200,721.17223
-1470.262402,200,721.524448
-1371.247011,200,721.877519
-1483.417854,200,722.400396
-1467.796652,200,722.751412
-1406.554151,200,723.274814
-1438.331209,200,723.616974
-1464.435687,200,723.960883
-1484.820239,200,724.480675
-1449.108826,200,724.833147
-1326.151289,200,725.359774
-1553.531495,200,725.711399
-1578.135522,200,726.057213
-1435.692233,200,726.571026
-1469.269075,200,726.926484
-1390.057555,200,727.272494
-1377.506702,200,727.789087
-1413.142856,200,728.151151
-1602.727354,200,728.682556
-1456.872977,200,729.035577
-1451.833329,200,729.380584
-1460.127428,200,729.897206
-1477.482995,200,730.24879
-1388.959399,200,730.776538
-1472.258759,200,731.129609
-1490.341602,200,731.484782
-1464.302218,200,732.005564
-1453.546899,200,732.350359
-1454.610126,200,732.870876
-1466.51465,200,733.219271
-1488.89491,200,733.566603
-1468.431069,200,734.09009
-1521.884594,200,734.445518
-1442.341817,200,734.793012
-1471.757658,200,735.317114
-1463.753688,200,735.662894
-1494.288074,200,736.182344
-1521.781106,200,736.534733
-1519.925661,200,736.88544
-1484.002803,200,737.402738
-1471.384861,200,737.749291
-1443.661828,200,738.267168
-1536.877241,200,738.611369
-1556.742223,200,738.96093
-1466.113278,200,739.481564
-1460.75915,200,739.831539
-1440.050736,200,740.351072
-1455.939575,200,740.710162
-1514.97628,200,741.067748
-1514.566903,200,741.596653
-1509.902849,200,741.953794
-1514.657618,200,742.485158
-1598.230192,200,742.839379
-1507.434464,200,743.184733
-1477.78988,200,743.704188
-1465.052791,200,744.053108
-1474.16147,200,744.399353
-1451.94137,200,744.919432
-1503.22347,200,745.272501
-1509.503655,200,745.793092
-1521.937825,200,746.144042
-1545.80101,200,746.497859
-1465.076343,200,747.019522
-1474.487065,200,747.373396
-1490.803383,200,747.894576
-1497.101324,200,748.24417
-1543.522494,200,748.598922
-1432.33705,200,749.118472
-1473.029205,200,749.473013
-1516.442731,200,749.99055
-1558.280249,200,750.347735
-1531.882062,200,750.711544
-1542.356089,200,751.234782
-1464.546802,200,751.598175
-1613.872499,200,752.115166
-1612.45812,200,752.463356
-1542.411181,200,752.818542
-1547.792034,200,753.337891
-1487.647626,200,753.688239
-1571.904115,200,754.037735
