# {"t_start": 1592780233.2425318, "env_id": "Acrobot-v1"} 
r,l,t
-500.0,500,2.238916
-500.0,500,3.305134
-500.0,500,4.381986
-500.0,500,5.475884
-500.0,500,6.535077
-500.0,500,7.589903
-500.0,500,8.646669
-500.0,500,9.694487
-500.0,500,10.757037
-500.0,500,11.806039
-500.0,500,12.875749
-500.0,500,13.934344
-309.0,310,14.642146
-500.0,500,15.686749
-247.0,248,16.127635
-391.0,392,16.978406
-305.0,306,17.681793
-237.0,238,18.099922
-186.0,187,18.42976
-306.0,307,19.136181
-298.0,299,19.825977
-309.0,310,20.378854
-218.0,219,20.931875
-360.0,361,21.572576
-226.0,227,22.13869
-145.0,146,22.400781
-291.0,292,23.086827
-154.0,155,23.35884
-260.0,261,23.98057
-165.0,166,24.271379
-127.0,128,24.496985
-156.0,157,24.776414
-148.0,149,25.202265
-187.0,188,25.536287
-214.0,215,25.917958
-118.0,119,26.28869
-144.0,145,26.545835
-161.0,162,26.833323
-202.0,203,27.361081
-170.0,171,27.665662
-124.0,125,27.887965
-140.0,141,28.299153
-117.0,118,28.509917
-117.0,118,28.717389
-101.0,102,28.89962
-126.0,127,29.129579
-95.0,96,29.465395
-180.0,181,29.787748
-126.0,127,30.018712
-110.0,111,30.216989
-119.0,120,30.586136
-134.0,135,30.821723
-123.0,124,31.03814
-144.0,145,31.2936
-108.0,109,31.647844
-110.0,111,31.846456
-151.0,152,32.120512
-134.0,135,32.367443
-87.0,88,32.679697
-128.0,129,32.908316
-117.0,118,33.120361
-111.0,112,33.320635
-103.0,104,33.678691
-109.0,110,33.876041
-107.0,108,34.067636
-126.0,127,34.295604
-140.0,141,34.706243
-214.0,215,35.084512
-138.0,139,35.336511
-104.0,105,35.524639
-203.0,204,36.041605
-126.0,127,36.269119
-101.0,102,36.455705
-137.0,138,36.864048
-98.0,99,37.036793
-103.0,104,37.226309
-162.0,163,37.521734
-116.0,117,37.733089
-149.0,150,38.164185
-102.0,103,38.349058
-149.0,150,38.622071
-116.0,117,38.830181
-99.0,100,39.168897
-89.0,90,39.328393
-107.0,108,39.523077
-118.0,119,39.732021
-96.0,97,39.909207
-104.0,105,40.254205
-88.0,89,40.41031
-114.0,115,40.615622
-92.0,93,40.780159
-96.0,97,40.952081
-123.0,124,41.329004
-111.0,112,41.523679
-86.0,87,41.675195
-99.0,100,41.853651
-101.0,102,42.036524
-141.0,142,42.446519
-116.0,117,42.656739
-83.0,84,42.803241
-104.0,105,42.989933
-138.0,139,43.394586
-124.0,125,43.617985
-112.0,113,43.819669
-117.0,118,44.029924
-88.0,89,44.190146
-256.0,257,44.809561
-88.0,89,44.964896
-116.0,117,45.169182
-101.0,102,45.509076
-134.0,135,45.744643
-108.0,109,45.934488
-167.0,168,46.234094
-106.0,107,46.58501
-101.0,102,46.769501
-96.0,97,46.944652
-94.0,95,47.11647
-123.0,124,47.339254
-109.0,110,47.693024
-89.0,90,47.849863
-86.0,87,48.00306
-110.0,111,48.20593
-108.0,109,48.402852
-123.0,124,48.789447
-91.0,92,48.955986
-89.0,90,49.117568
-117.0,118,49.334753
-121.0,122,49.557
-99.0,100,49.895961
-103.0,104,50.082304
-176.0,177,50.397383
-95.0,96,50.568956
-92.0,93,50.89334
-81.0,82,51.042791
-106.0,107,51.234392
-108.0,109,51.428308
-123.0,124,51.648036
-96.0,97,51.979389
-102.0,103,52.159076
-82.0,83,52.308329
-93.0,94,52.477018
-110.0,111,52.676973
-87.0,88,52.992659
-122.0,123,53.21224
-117.0,118,53.422725
-107.0,108,53.615811
-149.0,150,54.045323
-108.0,109,54.236971
-101.0,102,54.418772
-105.0,106,54.608947
-166.0,167,54.906528
-95.0,96,55.248715
-73.0,74,55.377607
-275.0,276,55.858594
-112.0,113,56.218118
-101.0,102,56.396556
-93.0,94,56.565669
-81.0,82,56.712009
-75.0,76,56.847379
-83.0,84,56.997005
-129.0,130,57.384274
-112.0,113,57.584716
-85.0,86,57.740445
-85.0,86,57.893175
-88.0,89,58.056204
-98.0,99,58.392932
-109.0,110,58.587222
-124.0,125,58.810784
-84.0,85,58.966399
-108.0,109,59.162093
-87.0,88,59.478772
-128.0,129,59.710408
-93.0,94,59.879058
-81.0,82,60.027261
-89.0,90,60.187691
-97.0,98,60.520624
-148.0,149,60.785069
-106.0,107,60.979977
-82.0,83,61.129411
-107.0,108,61.322763
-90.0,91,61.649462
-81.0,82,61.792332
-97.0,98,61.965685
-107.0,108,62.163692
-159.0,160,62.45371
-185.0,186,62.947392
-97.0,98,63.121347
-87.0,88,63.279556
-108.0,109,63.480076
-111.0,112,63.840775
-91.0,92,64.005992
-89.0,90,64.166879
-92.0,93,64.331649
-80.0,81,64.476527
-104.0,105,64.824528
-81.0,82,64.972229
-82.0,83,65.122022
-87.0,88,65.279073
-145.0,146,65.546022
-95.0,96,65.888706
-96.0,97,66.061055
-80.0,81,66.204957
-103.0,104,66.389756
-82.0,83,66.537416
-101.0,102,66.718745
-77.0,78,67.020659
-113.0,114,67.224815
-152.0,153,67.499884
-64.0,65,67.616284
-82.0,83,67.765506
-80.0,81,68.071275
-119.0,120,68.281157
-116.0,117,68.489846
-91.0,92,68.653608
-81.0,82,68.799841
-116.0,117,69.170553
-112.0,113,69.376855
-93.0,94,69.549413
-111.0,112,69.755078
-92.0,93,69.927703
-79.0,80,70.235972
-105.0,106,70.425542
-88.0,89,70.585069
-134.0,135,70.826678
-82.0,83,70.978639
-83.0,84,71.290496
-109.0,110,71.487013
-92.0,93,71.654546
-111.0,112,71.859568
-86.0,87,72.022478
-106.0,107,72.37791
-483.0,484,73.231062
-116.0,117,73.598909
-206.0,207,73.968678
-100.0,101,74.150275
-108.0,109,74.345916
-104.0,105,74.692109
-106.0,107,74.881575
-77.0,78,75.021053
-85.0,86,75.174579
-101.0,102,75.356678
-110.0,111,75.712511
-91.0,92,75.872376
-103.0,104,76.054408
-105.0,106,76.241576
-85.0,86,76.395189
-62.0,63,76.678309
-118.0,119,76.887066
-95.0,96,77.054765
-83.0,84,77.202929
-162.0,163,77.505774
-93.0,94,77.839591
-97.0,98,78.023773
-93.0,94,78.198364
-89.0,90,78.36383
-84.0,85,78.522172
-127.0,128,78.920612
-83.0,84,79.069187
-91.0,92,79.236223
-101.0,102,79.423021
-85.0,86,79.582017
-78.0,79,79.725875
-87.0,88,80.051742
-79.0,80,80.195659
-100.0,101,80.378165
-83.0,84,80.530003
-91.0,92,80.695365
-84.0,85,80.846174
-91.0,92,81.168823
-89.0,90,81.325442
-82.0,83,81.469817
-78.0,79,81.609991
-96.0,97,81.783613
-84.0,85,82.094713
-142.0,143,82.354789
-90.0,91,82.519035
-75.0,76,82.654723
-161.0,162,82.942891
-97.0,98,83.274071
-85.0,86,83.424278
-136.0,137,83.668247
-75.0,76,83.802676
-102.0,103,83.989001
-76.0,77,84.287325
-75.0,76,84.425267
-74.0,75,84.563738
-94.0,95,84.731671
-100.0,101,84.908317
-80.0,81,85.052503
-100.0,101,85.399318
-102.0,103,85.585124
-81.0,82,85.731185
-85.0,86,85.885959
-95.0,96,86.059078
-84.0,85,86.211721
-77.0,78,86.508074
-199.0,200,86.862857
-94.0,95,87.032084
-144.0,145,87.292285
-85.0,86,87.614414
-89.0,90,87.771731
-96.0,97,87.941916
-100.0,101,88.119607
-94.0,95,88.289414
-95.0,96,88.617746
-93.0,94,88.782417
-83.0,84,88.932977
-82.0,83,89.081228
-99.0,100,89.260333
-81.0,82,89.408207
-79.0,80,89.708118
-76.0,77,89.842157
-87.0,88,89.997498
-74.0,75,90.131914
-70.0,71,90.259274
-95.0,96,90.430935
-99.0,100,90.768343
-115.0,116,90.970294
-96.0,97,91.139334
-75.0,76,91.272024
-75.0,76,91.405021
-99.0,100,91.746216
-132.0,133,91.979467
-84.0,85,92.127754
-75.0,76,92.26275
-101.0,102,92.444626
-77.0,78,92.584631
-82.0,83,92.889688
-107.0,108,93.080593
-174.0,175,93.39897
-104.0,105,93.592718
-100.0,101,93.937104
-103.0,104,94.123554
-79.0,80,94.265964
-95.0,96,94.43856
-75.0,76,94.576602
-89.0,90,94.734923
-90.0,91,95.057238
-97.0,98,95.235774
-99.0,100,95.421529
-273.0,274,96.083705
-89.0,90,96.249065
-66.0,67,96.372371
-80.0,81,96.52035
-85.0,86,96.674593
-71.0,72,96.803307
-103.0,104,96.991678
-68.0,69,97.274156
-100.0,101,97.459228
-100.0,101,97.64106
-85.0,86,97.79441
-78.0,79,97.936869
-78.0,79,98.250726
-74.0,75,98.383206
-102.0,103,98.563476
-101.0,102,98.742299
-85.0,86,98.895445
-81.0,82,99.043032
-103.0,104,99.386485
-85.0,86,99.536587
-83.0,84,99.683284
-80.0,81,99.82464
-86.0,87,99.982607
-108.0,109,100.176316
-65.0,66,100.451089
-80.0,81,100.592568
-74.0,75,100.724439
-92.0,93,100.890881
-81.0,82,101.035945
-79.0,80,101.181492
-83.0,84,101.491222
-108.0,109,101.683448
-78.0,79,101.823537
-90.0,91,101.985538
-89.0,90,102.148621
-83.0,84,102.304585
-103.0,104,102.663552
-80.0,81,102.806425
-67.0,68,102.925118
-81.0,82,103.07036
-82.0,83,103.218797
-170.0,171,103.681646
-106.0,107,103.873245
-133.0,134,104.117056
-116.0,117,104.327417
-74.0,75,104.460077
-88.0,89,104.778452
-110.0,111,104.977093
-94.0,95,105.146468
-82.0,83,105.293968
-83.0,84,105.444048
-93.0,94,105.772984
-87.0,88,105.928359
-86.0,87,106.079576
-96.0,97,106.249004
-93.0,94,106.41692
-77.0,78,106.555017
-68.0,69,106.840132
-79.0,80,106.984153
-100.0,101,107.159544
-73.0,74,107.29126
-89.0,90,107.452294
-111.0,112,107.65241
-114.0,115,108.019976
-75.0,76,108.157811
-95.0,96,108.329093
-69.0,70,108.454082
-103.0,104,108.640143
-78.0,79,108.780406
-82.0,83,109.097339
-80.0,81,109.24349
-82.0,83,109.391683
-72.0,73,109.522099
-90.0,91,109.683844
-149.0,150,110.112641
-77.0,78,110.251488
-100.0,101,110.430585
-63.0,64,110.543756
-72.0,73,110.674372
-76.0,77,110.810779
-217.0,218,111.355619
-97.0,98,111.527061
-83.0,84,111.673506
-99.0,100,111.850475
-92.0,93,112.015477
-82.0,83,112.320728
-63.0,64,112.432039
-92.0,93,112.595849
-74.0,75,112.729537
-82.0,83,112.878891
-99.0,100,113.060036
-84.0,85,113.368068
-120.0,121,113.583196
-85.0,86,113.736663
-72.0,73,113.868076
-91.0,92,114.034795
-112.0,113,114.398915
-74.0,75,114.534316
-86.0,87,114.690695
-74.0,75,114.826362
-76.0,77,114.969805
-72.0,73,115.104307
-79.0,80,115.250488
-124.0,125,115.635418
-87.0,88,115.795
-84.0,85,115.946755
-74.0,75,116.082061
-95.0,96,116.256265
-97.0,98,116.592154
-88.0,89,116.753915
-67.0,68,116.87663
-161.0,162,117.173467
-112.0,113,117.378296
-134.0,135,117.784643
-75.0,76,117.923368
-76.0,77,118.063166
-83.0,84,118.216629
-92.0,93,118.385392
-91.0,92,118.707639
-68.0,69,118.830828
-75.0,76,118.967012
-71.0,72,119.095184
-92.0,93,119.260972
-81.0,82,119.408896
-114.0,115,119.784011
-91.0,92,119.951694
-75.0,76,120.088764
-81.0,82,120.237486
-91.0,92,120.400334
-91.0,92,120.565557
-87.0,88,120.882576
-101.0,102,121.064059
-80.0,81,121.20824
-78.0,79,121.349184
-90.0,91,121.5129
-81.0,82,121.659356
-228.0,229,122.22753
-103.0,104,122.413312
-96.0,97,122.586374
-90.0,91,122.749806
-227.0,228,123.324487
-79.0,80,123.467213
-82.0,83,123.615208
-84.0,85,123.766355
-87.0,88,124.082997
-72.0,73,124.211785
-85.0,86,124.361759
-92.0,93,124.524812
-81.0,82,124.672181
-109.0,110,124.866383
-90.0,91,125.187783
-88.0,89,125.347411
-100.0,101,125.533683
-92.0,93,125.698725
-94.0,95,125.870156
-75.0,76,126.006404
-89.0,90,126.326444
-101.0,102,126.507903
-83.0,84,126.656739
-89.0,90,126.816825
-102.0,103,127.001024
-90.0,91,127.323453
-208.0,209,127.696309
-85.0,86,127.8504
-77.0,78,127.992215
-91.0,92,128.160239
-76.0,77,128.457757
-71.0,72,128.586881
-78.0,79,128.728654
-77.0,78,128.866695
-78.0,79,129.00621
-61.0,62,129.115498
-77.0,78,129.254736
-93.0,94,129.581505
-63.0,64,129.695529
-103.0,104,129.880097
-83.0,84,130.029238
-83.0,84,130.178817
-104.0,105,130.535956
-77.0,78,130.672771
-82.0,83,130.817495
-72.0,73,130.94442
-110.0,111,131.137391
-76.0,77,131.27188
-101.0,102,131.611351
-91.0,92,131.777915
-73.0,74,131.910192
-163.0,164,132.203881
-90.0,91,132.368166
-74.0,75,132.504193
-91.0,92,132.830196
-84.0,85,132.985004
-90.0,91,133.148474
-77.0,78,133.289857
-94.0,95,133.463394
-93.0,94,133.793797
-90.0,91,133.959304
-67.0,68,134.081966
-100.0,101,134.2637
-63.0,64,134.376604
-93.0,94,134.544461
-108.0,109,134.897195
-79.0,80,135.038662
-79.0,80,135.178348
-106.0,107,135.369407
-83.0,84,135.522694
-77.0,78,135.665852
-73.0,74,135.960582
-77.0,78,136.096684
-91.0,92,136.256424
-87.0,88,136.410287
-98.0,99,136.584468
-93.0,94,136.753605
-162.0,163,137.196672
-115.0,116,137.399487
-75.0,76,137.536485
-174.0,175,137.847337
-176.0,177,138.317266
-70.0,71,138.442217
-92.0,93,138.604414
-133.0,134,138.842629
-106.0,107,139.192848
-93.0,94,139.359336
-87.0,88,139.515711
-87.0,88,139.672624
-126.0,127,139.899796
-80.0,81,140.201602
-93.0,94,140.366366
-82.0,83,140.513591
-96.0,97,140.685719
-106.0,107,140.877898
-72.0,73,141.008403
-76.0,77,141.314568
-94.0,95,141.481322
-84.0,85,141.632121
-72.0,73,141.763785
-75.0,76,141.900425
-72.0,73,142.030324
-94.0,95,142.356576
-88.0,89,142.512057
-86.0,87,142.663
-90.0,91,142.823453
-112.0,113,143.024169
-74.0,75,143.155858
-78.0,79,143.455734
-87.0,88,143.611332
-103.0,104,143.794785
-60.0,61,143.902102
-105.0,106,144.087308
-81.0,82,144.235818
-89.0,90,144.557718
-70.0,71,144.6854
-62.0,63,144.79793
-109.0,110,144.996836
-110.0,111,145.198885
-90.0,91,145.521423
-81.0,82,145.668673
-89.0,90,145.828474
-95.0,96,145.999481
-98.0,99,146.178139
-97.0,98,146.35591
-91.0,92,146.679828
-82.0,83,146.828109
-79.0,80,146.970221
-91.0,92,147.136626
-85.0,86,147.288854
-132.0,133,147.689604
-99.0,100,147.867061
-91.0,92,148.032908
-97.0,98,148.2067
-75.0,76,148.342784
-90.0,91,148.504569
-86.0,87,148.820537
-167.0,168,149.118205
-500.0,500,150.173407
-98.0,99,150.349316
-104.0,105,150.536062
-115.0,116,150.904742
-88.0,89,151.060648
-106.0,107,151.250144
-95.0,96,151.420254
-98.0,99,151.598903
-76.0,77,151.73605
-100.0,101,152.086865
-84.0,85,152.234873
-86.0,87,152.386152
-112.0,113,152.582881
-87.0,88,152.737699
-97.0,98,153.073823
-78.0,79,153.211464
-106.0,107,153.399995
-96.0,97,153.573656
-84.0,85,153.726212
-96.0,97,153.897192
-88.0,89,154.212022
-97.0,98,154.383433
-63.0,64,154.498238
-61.0,62,154.609827
-101.0,102,154.79174
-83.0,84,154.94282
-81.0,82,155.245727
-78.0,79,155.387847
-81.0,82,155.534336
-81.0,82,155.682427
-73.0,74,155.815671
-84.0,85,155.972953
-77.0,78,156.276509
-103.0,104,156.460804
-314.0,315,157.021817
-79.0,80,157.163319
-72.0,73,157.452161
-82.0,83,157.598505
-99.0,100,157.787291
-111.0,112,157.98974
-180.0,181,158.469522
-70.0,71,158.593244
-120.0,121,158.805691
-136.0,137,159.051861
-114.0,115,159.262532
-108.0,109,159.616646
-92.0,93,159.783255
-73.0,74,159.916537
-79.0,80,160.056647
-81.0,82,160.20628
-74.0,75,160.34242
-191.0,192,160.845738
-63.0,64,160.96226
-79.0,80,161.102423
-88.0,89,161.259353
-77.0,78,161.401038
-88.0,89,161.71933
-83.0,84,161.868536
-83.0,84,162.020563
-100.0,101,162.204086
-93.0,94,162.373651
-80.0,81,162.522309
-82.0,83,162.841475
-99.0,100,163.01922
-84.0,85,163.170773
-105.0,106,163.362795
-89.0,90,163.526282
-106.0,107,163.878636
-99.0,100,164.052836
-94.0,95,164.226259
-80.0,81,164.371938
-83.0,84,164.522809
-73.0,74,164.653897
-85.0,86,164.966242
-176.0,177,165.280898
-74.0,75,165.414459
-98.0,99,165.59069
-82.0,83,165.738124
-92.0,93,166.060791
-74.0,75,166.190995
-122.0,123,166.40712
-77.0,78,166.546297
-117.0,118,166.758983
-79.0,80,167.066935
-74.0,75,167.205778
-96.0,97,167.386601
-69.0,70,167.513587
-97.0,98,167.690841
-93.0,94,167.861757
-96.0,97,168.199053
-96.0,97,168.375319
-84.0,85,168.525609
-78.0,79,168.662911
-95.0,96,168.833868
-113.0,114,169.19837
-103.0,104,169.380666
-64.0,65,169.494621
-80.0,81,169.6359
-81.0,82,169.782374
-92.0,93,169.95351
-84.0,85,170.109214
-88.0,89,170.43064
-96.0,97,170.602313
-93.0,94,170.770129
-68.0,69,170.892254
-76.0,77,171.030428
-91.0,92,171.354238
-80.0,81,171.497641
-87.0,88,171.65637
-82.0,83,171.805569
-130.0,131,172.040819
-80.0,81,172.186366
-83.0,84,172.49878
-104.0,105,172.693637
-86.0,87,172.853151
-88.0,89,173.015172
-84.0,85,173.170251
-94.0,95,173.343482
-86.0,87,173.672947
-84.0,85,173.827031
-76.0,77,173.96622
-72.0,73,174.098135
-84.0,85,174.251544
-185.0,186,174.748847
-71.0,72,174.881773
-73.0,74,175.014276
-68.0,69,175.14033
-147.0,148,175.411687
-63.0,64,175.528039
-76.0,77,175.827344
-107.0,108,176.020632
-90.0,91,176.183008
-77.0,78,176.32156
-74.0,75,176.454799
-65.0,66,176.573171
-95.0,96,176.902483
-74.0,75,177.033013
-105.0,106,177.217676
-102.0,103,177.403287
-74.0,75,177.53866
-81.0,82,177.682997
-71.0,72,177.968043
-88.0,89,178.122787
-116.0,117,178.334296
-180.0,181,178.664687
-72.0,73,178.956357
-146.0,147,179.218579
-96.0,97,179.394127
-97.0,98,179.570967
-99.0,100,179.752326
-128.0,129,180.14136
-87.0,88,180.297499
-81.0,82,180.443704
-99.0,100,180.620779
-76.0,77,180.760592
-91.0,92,180.927904
-94.0,95,181.254095
-85.0,86,181.407357
-82.0,83,181.555054
-146.0,147,181.82296
-91.0,92,181.993102
-78.0,79,182.292541
-75.0,76,182.429381
-75.0,76,182.56797
-76.0,77,182.70835
-139.0,140,182.958652
-74.0,75,183.254237
-93.0,94,183.419442
-90.0,91,183.57811
-75.0,76,183.71054
-72.0,73,183.841713
-76.0,77,183.978914
-64.0,65,184.092488
-74.0,75,184.396954
-95.0,96,184.564086
-93.0,94,184.730188
-84.0,85,184.8813
-79.0,80,185.024604
-88.0,89,185.186193
-85.0,86,185.502583
-72.0,73,185.630902
-97.0,98,185.806834
-81.0,82,185.954222
-92.0,93,186.12451
-90.0,91,186.290623
-90.0,91,186.612412
-63.0,64,186.726114
-98.0,99,186.901857
-87.0,88,187.059322
-74.0,75,187.190915
-72.0,73,187.320626
-84.0,85,187.631784
-73.0,74,187.766686
-75.0,76,187.902219
-76.0,77,188.040091
-100.0,101,188.220941
-82.0,83,188.368401
-85.0,86,188.679097
-105.0,106,188.867843
-89.0,90,189.028938
-94.0,95,189.197855
-98.0,99,189.373964
-88.0,89,189.532917
-92.0,93,189.853635
-61.0,62,189.961385
-74.0,75,190.091922
-73.0,74,190.220518
-82.0,83,190.364861
-70.0,71,190.488456
-96.0,97,190.819628
-80.0,81,190.961538
-87.0,88,191.114722
-93.0,94,191.277846
-65.0,66,191.398041
-102.0,103,191.578332
-62.0,63,191.848489
-106.0,107,192.037471
-106.0,107,192.229847
-74.0,75,192.364587
-95.0,96,192.53744
-100.0,101,192.717946
-90.0,91,193.038001
-97.0,98,193.21208
-80.0,81,193.355838
-79.0,80,193.500593
-94.0,95,193.672469
-75.0,76,193.968312
-71.0,72,194.09687
-75.0,76,194.231215
-71.0,72,194.358836
-90.0,91,194.52093
-126.0,127,194.74772
-97.0,98,195.092068
-135.0,136,195.332849
-99.0,100,195.512435
-109.0,110,195.710323
-89.0,90,195.871642
-111.0,112,196.234424
-74.0,75,196.368304
-86.0,87,196.52376
-106.0,107,196.713408
-74.0,75,196.847901
-82.0,83,196.994304
-78.0,79,197.293949
-87.0,88,197.450515
-72.0,73,197.588878
-87.0,88,197.746952
-65.0,66,197.865175
-88.0,89,198.023266
-71.0,72,198.311428
-95.0,96,198.489764
-81.0,82,198.641117
-87.0,88,198.802301
-87.0,88,198.965905
-72.0,73,199.102417
-91.0,92,199.436406
-91.0,92,199.613678
-171.0,172,199.946327
-139.0,140,200.200574
-101.0,102,200.538191
-79.0,80,200.678755
-94.0,95,200.850874
-73.0,74,200.98632
-78.0,79,201.130684
-73.0,74,201.266418
-122.0,123,201.647682
-78.0,79,201.785251
-77.0,78,201.923731
-89.0,90,202.082296
-97.0,98,202.253332
-80.0,81,202.397849
-257.0,258,203.017303
-78.0,79,203.159303
-150.0,151,203.430176
-69.0,70,203.55506
-85.0,86,203.864857
-85.0,86,204.023372
-95.0,96,204.196188
-93.0,94,204.364713
-90.0,91,204.526826
-63.0,64,204.80031
-70.0,71,204.929191
-96.0,97,205.105591
-65.0,66,205.222252
-171.0,172,205.528633
-81.0,82,205.673897
-110.0,111,206.039186
-75.0,76,206.172391
-91.0,92,206.333072
-163.0,164,206.622337
-94.0,95,206.952613
-99.0,100,207.12815
-90.0,91,207.290898
-89.0,90,207.452258
-75.0,76,207.587692
-87.0,88,207.746342
-94.0,95,208.072848
-81.0,82,208.219435
-78.0,79,208.359528
-78.0,79,208.500348
-72.0,73,208.630351
-273.0,274,209.278045
-72.0,73,209.409998
-83.0,84,209.562123
-91.0,92,209.729891
-82.0,83,209.877635
-71.0,72,210.165293
-102.0,103,210.350953
-78.0,79,210.493441
-76.0,77,210.630763
-97.0,98,210.809055
-73.0,74,210.946323
-80.0,81,211.254313
-86.0,87,211.407902
-102.0,103,211.591503
-82.0,83,211.738342
-97.0,98,211.914692
-75.0,76,212.052105
-65.0,66,212.332334
-88.0,89,212.496375
-63.0,64,212.613819
-63.0,64,212.730511
-93.0,94,212.902224
-94.0,95,213.07636
-71.0,72,213.206949
-84.0,85,213.522989
-61.0,62,213.636631
-75.0,76,213.77521
-76.0,77,213.910637
-210.0,211,214.29718
-82.0,83,214.60334
-97.0,98,214.78025
-84.0,85,214.932408
-79.0,80,215.076849
-83.0,84,215.225635
-89.0,90,215.392213
-67.0,68,215.677138
-86.0,87,215.830379
-94.0,95,216.006198
-70.0,71,216.136824
-72.0,73,216.269993
-95.0,96,216.443201
-87.0,88,216.77645
-90.0,91,216.944449
-69.0,70,217.07503
-90.0,91,217.242951
-86.0,87,217.403042
-87.0,88,217.564982
-84.0,85,217.884067
-87.0,88,218.051263
-82.0,83,218.204731
-98.0,99,218.384011
-66.0,67,218.504315
-85.0,86,218.658346
-62.0,63,218.929155
-72.0,73,219.061345
-91.0,92,219.236663
-85.0,86,219.392156
-72.0,73,219.524136
-97.0,98,219.697959
-76.0,77,219.995044
-77.0,78,220.133535
-73.0,74,220.267026
-99.0,100,220.446839
-94.0,95,220.617609
-85.0,86,220.770798
-82.0,83,221.078202
-146.0,147,221.339048
-76.0,77,221.47447
-75.0,76,221.608788
-62.0,63,221.721318
-80.0,81,221.865907
-89.0,90,222.183613
-75.0,76,222.319661
-92.0,93,222.483365
-81.0,82,222.626152
-99.0,100,222.80185
-81.0,82,222.946798
-129.0,130,223.337736
-200.0,201,223.701231
-95.0,96,223.87378
-86.0,87,224.032652
-83.0,84,224.345503
-85.0,86,224.498044
-71.0,72,224.626713
-81.0,82,224.774022
-86.0,87,224.928502
-85.0,86,225.080801
-82.0,83,225.388617
-76.0,77,225.526257
-85.0,86,225.679712
-83.0,84,225.830259
-83.0,84,225.982051
-95.0,96,226.153547
-72.0,73,226.44675
-90.0,91,226.608877
-63.0,64,226.72376
-71.0,72,226.856141
-91.0,92,227.020363
-93.0,94,227.186108
-73.0,74,227.31695
-86.0,87,227.640934
-84.0,85,227.792029
-77.0,78,227.930706
-84.0,85,228.087835
-76.0,77,228.22845
-94.0,95,228.398677
-74.0,75,228.69242
-72.0,73,228.822545
-93.0,94,228.990721
-99.0,100,229.168723
-91.0,92,229.334107
-237.0,238,229.917348
-92.0,93,230.083569
-62.0,63,230.196314
-76.0,77,230.334127
-89.0,90,230.495215
-73.0,74,230.783276
-78.0,79,230.925992
-94.0,95,231.095623
-79.0,80,231.23838
-89.0,90,231.400295
-74.0,75,231.535865
-87.0,88,231.851092
-94.0,95,232.016825
-107.0,108,232.207477
-77.0,78,232.344921
-62.0,63,232.458864
-83.0,84,232.611239
-70.0,71,232.900224
-85.0,86,233.050458
-100.0,101,233.226216
-82.0,83,233.371454
-94.0,95,233.539819
-72.0,73,233.670842
-96.0,97,234.006526
-70.0,71,234.130611
-61.0,62,234.238456
-97.0,98,234.409328
-87.0,88,234.564257
-80.0,81,234.708152
-79.0,80,234.851241
-90.0,91,235.172496
-71.0,72,235.300738
-164.0,165,235.594324
-72.0,73,235.726819
-79.0,80,235.869264
-79.0,80,236.174136
-84.0,85,236.325236
-75.0,76,236.461393
-68.0,69,236.586607
-81.0,82,236.733582
-77.0,78,236.872656
-84.0,85,237.18195
-87.0,88,237.3391
-86.0,87,237.496164
-82.0,83,237.646209
-93.0,94,237.816289
-92.0,93,237.987618
-63.0,64,238.274744
-91.0,92,238.4398
-97.0,98,238.619265
-90.0,91,238.78082
-88.0,89,238.939681
-84.0,85,239.091634
-73.0,74,239.381142
-92.0,93,239.548087
-100.0,101,239.732103
-62.0,63,239.849171
-140.0,141,240.111196
-76.0,77,240.25112
-91.0,92,240.577193
-82.0,83,240.729575
-77.0,78,240.872138
-101.0,102,241.058655
-87.0,88,241.216484
-74.0,75,241.348822
-78.0,79,241.652214
-74.0,75,241.786172
-148.0,149,242.055697
-90.0,91,242.221092
-76.0,77,242.357869
-109.0,110,242.710751
-115.0,116,242.913095
-80.0,81,243.055666
-73.0,74,243.18508
-96.0,97,243.359033
-87.0,88,243.678983
-78.0,79,243.818638
-75.0,76,243.955254
-65.0,66,244.075292
-72.0,73,244.206026
-192.0,193,244.552487
-101.0,102,244.890062
-75.0,76,245.024331
-74.0,75,245.155429
-98.0,99,245.337096
-99.0,100,245.517277
-72.0,73,245.651031
-80.0,81,245.953072
-63.0,64,246.064832
-79.0,80,246.206663
-94.0,95,246.382203
-71.0,72,246.509866
-94.0,95,246.677845
-93.0,94,247.006603
-62.0,63,247.119098
-91.0,92,247.283367
-69.0,70,247.410253
-95.0,96,247.580336
-105.0,106,247.769039
-74.0,75,248.060647
-118.0,119,248.268316
-74.0,75,248.40075
-83.0,84,248.55019
-76.0,77,248.688228
-91.0,92,248.85247
-69.0,70,249.150856
-73.0,74,249.280799
-76.0,77,249.419588
-74.0,75,249.553638
-94.0,95,249.723716
-71.0,72,249.852532
-86.0,87,250.167852
-95.0,96,250.340779
-73.0,74,250.473967
-82.0,83,250.62212
-77.0,78,250.761117
-64.0,65,250.87694
-97.0,98,251.209886
-85.0,86,251.363725
-85.0,86,251.519746
-96.0,97,251.693883
-77.0,78,251.833283
-71.0,72,251.967207
-80.0,81,252.112457
-95.0,96,252.437946
-89.0,90,252.595374
-84.0,85,252.746776
-75.0,76,252.883707
-86.0,87,253.041347
-102.0,103,253.383935
-138.0,139,253.626656
-187.0,188,253.956827
-88.0,89,254.117079
-72.0,73,254.24721
-99.0,100,254.581917
-83.0,84,254.728405
-98.0,99,254.900981
-93.0,94,255.067643
-81.0,82,255.212786
-76.0,77,255.508883
-114.0,115,255.710215
-63.0,64,255.829254
-63.0,64,255.943875
-80.0,81,256.087846
-76.0,77,256.225415
-86.0,87,256.380847
-100.0,101,256.784043
-90.0,91,256.962132
-75.0,76,257.101545
-97.0,98,257.281414
-101.0,102,257.466802
-110.0,111,257.877825
-88.0,89,258.050325
-63.0,64,258.175316
-82.0,83,258.356008
-88.0,89,258.528215
-88.0,89,258.700935
-78.0,79,259.069751
-125.0,126,259.359453
-65.0,66,259.488365
-80.0,81,259.643589
-115.0,116,259.868308
-76.0,77,260.018613
-66.0,67,260.325897
-81.0,82,260.488929
-66.0,67,260.620777
-96.0,97,260.809299
-71.0,72,260.941024
-97.0,98,261.125408
-94.0,95,261.465982
-76.0,77,261.611242
-75.0,76,261.755928
-88.0,89,261.920537
-95.0,96,262.102345
-74.0,75,262.241781
-81.0,82,262.572375
-62.0,63,262.687414
-70.0,71,262.816891
-94.0,95,262.989713
-228.0,229,263.412087
-75.0,76,263.716212
-76.0,77,263.853976
-101.0,102,264.040565
-86.0,87,264.19875
-103.0,104,264.389676
-64.0,65,264.50862
-81.0,82,264.819991
-81.0,82,264.969258
-128.0,129,265.200144
-74.0,75,265.335891
-93.0,94,265.507773
-93.0,94,265.843316
-78.0,79,265.988925
-80.0,81,266.135829
-79.0,80,266.28177
-69.0,70,266.407101
-81.0,82,266.556643
-95.0,96,266.892373
-74.0,75,267.025924
-75.0,76,267.164942
-101.0,102,267.346288
-75.0,76,267.484791
-74.0,75,267.624101
-83.0,84,267.775328
-83.0,84,268.089984
-93.0,94,268.25985
-91.0,92,268.424476
-106.0,107,268.621837
-81.0,82,268.77178
-71.0,72,269.061811
-88.0,89,269.224903
-68.0,69,269.347231
-84.0,85,269.502724
-75.0,76,269.640685
-77.0,78,269.783445
-87.0,88,269.942451
-82.0,83,270.257399
-63.0,64,270.374829
-85.0,86,270.530419
-184.0,185,270.866144
-78.0,79,271.011389
-71.0,72,271.313069
-70.0,71,271.439928
-100.0,101,271.625827
-71.0,72,271.757559
-88.0,89,271.918175
-72.0,73,272.055729
-75.0,76,272.354452
-76.0,77,272.494137
-104.0,105,272.687485
-73.0,74,272.819894
-62.0,63,272.932732
-149.0,150,273.208562
-90.0,91,273.531785
-83.0,84,273.679116
-93.0,94,273.847798
-82.0,83,273.996341
-76.0,77,274.134511
-78.0,79,274.279399
-77.0,78,274.582667
-72.0,73,274.714686
-93.0,94,274.882095
-72.0,73,275.011714
-88.0,89,275.169003
-74.0,75,275.30919
-75.0,76,275.62137
-87.0,88,275.779651
-74.0,75,275.915559
-102.0,103,276.100898
-72.0,73,276.232244
-61.0,62,276.34748
-98.0,99,276.524641
-80.0,81,276.826451
-73.0,74,276.956791
-119.0,120,277.178487
-81.0,82,277.333487
-89.0,90,277.498979
-90.0,91,277.824913
-94.0,95,278.00176
-93.0,94,278.17554
-96.0,97,278.364992
-81.0,82,278.522572
-193.0,194,279.039274
-102.0,103,279.224617
-76.0,77,279.367869
-155.0,156,279.652578
-151.0,152,280.091462
-63.0,64,280.20591
-89.0,90,280.372908
-77.0,78,280.514879
-71.0,72,280.646223
-82.0,83,280.796402
-84.0,85,281.107643
-71.0,72,281.24622
-72.0,73,281.383811
-92.0,93,281.554845
-73.0,74,281.689738
-85.0,86,281.84496
-79.0,80,281.991285
-92.0,93,282.330348
-86.0,87,282.485983
-64.0,65,282.603019
-80.0,81,282.74681
-94.0,95,282.91641
-72.0,73,283.046141
-74.0,75,283.342762
-168.0,169,283.644495
-62.0,63,283.756587
-95.0,96,283.926954
-91.0,92,284.092822
-89.0,90,284.417904
-70.0,71,284.548723
-180.0,181,284.872112
-74.0,75,285.006343
-89.0,90,285.166233
-98.0,99,285.504459
-77.0,78,285.643651
-107.0,108,285.836781
-74.0,75,285.969724
-98.0,99,286.147091
-71.0,72,286.277188
-95.0,96,286.614073
-61.0,62,286.725382
-74.0,75,286.864382
-75.0,76,287.004121
-87.0,88,287.166037
-79.0,80,287.313177
-91.0,92,287.64688
-106.0,107,287.840948
-93.0,94,288.01265
-74.0,75,288.150953
-66.0,67,288.27523
-116.0,117,288.500083
-82.0,83,288.804544
-82.0,83,288.953643
-79.0,80,289.096739
-99.0,100,289.273189
-164.0,165,289.576567
-89.0,90,289.897348
-85.0,86,290.056138
-90.0,91,290.217446
-93.0,94,290.388853
-72.0,73,290.522326
-94.0,95,290.695216
-92.0,93,291.028383
-98.0,99,291.205109
-73.0,74,291.341155
-82.0,83,291.489966
-96.0,97,291.663407
-81.0,82,291.809637
-82.0,83,292.115819
-114.0,115,292.322202
-87.0,88,292.48342
-110.0,111,292.681439
-79.0,80,292.824942
-79.0,80,293.137887
-84.0,85,293.288923
-100.0,101,293.472009
-89.0,90,293.632205
-76.0,77,293.769469
-93.0,94,293.938386
-84.0,85,294.249588
-99.0,100,294.430523
-103.0,104,294.616045
-78.0,79,294.757003
-73.0,74,294.887925
-76.0,77,295.028336
-113.0,114,295.392657
-82.0,83,295.542935
-107.0,108,295.738705
-77.0,78,295.876871
-98.0,99,296.05934
-96.0,97,296.397425
-102.0,103,296.57654
-86.0,87,296.728942
-104.0,105,296.914176
-77.0,78,297.055132
-86.0,87,297.21542
-84.0,85,297.527307
-95.0,96,297.698659
-81.0,82,297.845085
-87.0,88,298.004909
-73.0,74,298.137251
-84.0,85,298.289653
-97.0,98,298.625479
-82.0,83,298.775555
-76.0,77,298.912554
-81.0,82,299.05846
-89.0,90,299.218831
-140.0,141,299.633881
-80.0,81,299.778615
-118.0,119,299.993053
-91.0,92,300.16217
-91.0,92,300.329029
-77.0,78,300.469426
-89.0,90,300.790199
-87.0,88,300.948051
-80.0,81,301.092483
-88.0,89,301.252844
-68.0,69,301.37921
-91.0,92,301.542874
-91.0,92,301.863602
-92.0,93,302.032291
-91.0,92,302.196643
-70.0,71,302.325304
-102.0,103,302.511101
-105.0,106,302.86004
-64.0,65,302.973424
-85.0,86,303.122841
-120.0,121,303.340305
-85.0,86,303.49216
-86.0,87,303.648793
-89.0,90,303.988157
-83.0,84,304.137767
-79.0,80,304.277635
-68.0,69,304.403275
-77.0,78,304.543179
-79.0,80,304.685248
-82.0,83,304.993294
-87.0,88,305.152593
-71.0,72,305.282937
-92.0,93,305.452868
-93.0,94,305.621122
-108.0,109,305.817131
-77.0,78,306.116519
-87.0,88,306.273238
-73.0,74,306.409431
-73.0,74,306.544046
-80.0,81,306.69429
-111.0,112,306.89912
-70.0,71,307.184596
-93.0,94,307.356408
-77.0,78,307.497692
-89.0,90,307.656893
-92.0,93,307.825062
-70.0,71,307.95323
-95.0,96,308.288802
-79.0,80,308.437399
-85.0,86,308.592283
-90.0,91,308.756163
-69.0,70,308.882868
-68.0,69,309.008099
-76.0,77,309.305841
-75.0,76,309.445416
-79.0,80,309.591076
-99.0,100,309.772403
-90.0,91,309.938348
-90.0,91,310.106629
-75.0,76,310.408655
-77.0,78,310.54853
-63.0,64,310.663338
-85.0,86,310.817217
-76.0,77,310.95518
-72.0,73,311.088413
-90.0,91,311.249734
-75.0,76,311.546279
-84.0,85,311.697743
-93.0,94,311.862168
-83.0,84,312.013072
-94.0,95,312.184513
-99.0,100,312.369578
-89.0,90,312.686102
-92.0,93,312.850495
-78.0,79,312.992286
-75.0,76,313.129679
-87.0,88,313.289824
-87.0,88,313.453898
-105.0,106,313.80258
-82.0,83,313.949836
-86.0,87,314.108706
-122.0,123,314.330328
-74.0,75,314.467501
-104.0,105,314.826056
-98.0,99,315.002441
-81.0,82,315.149855
-87.0,88,315.312291
-82.0,83,315.468376
-115.0,116,315.839207
-77.0,78,315.982026
-112.0,113,316.189151
-182.0,183,316.5226
-91.0,92,316.69034
-79.0,80,316.992908
-178.0,179,317.319735
-91.0,92,317.48609
-83.0,84,317.642992
-97.0,98,317.818229
-92.0,93,318.148791
-79.0,80,318.294313
-74.0,75,318.433912
-85.0,86,318.590947
-102.0,103,318.777771
-69.0,70,318.905023
-93.0,94,319.231897
-84.0,85,319.392577
-75.0,76,319.528735
-77.0,78,319.670458
-80.0,81,319.820555
-87.0,88,319.979217
-84.0,85,320.291274
-87.0,88,320.448828
-134.0,135,320.689087
-93.0,94,320.855694
-76.0,77,320.994232
-82.0,83,321.301645
-83.0,84,321.450344
-82.0,83,321.59537
-90.0,91,321.754795
-91.0,92,321.915088
-107.0,108,322.104234
-76.0,77,322.402647
-87.0,88,322.558919
-196.0,197,322.910503
-86.0,87,323.065338
-77.0,78,323.205251
-79.0,80,323.512203
-95.0,96,323.682153
-72.0,73,323.812813
-78.0,79,323.954933
-70.0,71,324.087608
-75.0,76,324.223732
-108.0,109,324.578182
-64.0,65,324.691247
-102.0,103,324.871058
-74.0,75,325.00622
-81.0,82,325.154187
-92.0,93,325.323582
-91.0,92,325.659593
-98.0,99,325.832163
-60.0,61,325.939677
-90.0,91,326.103319
-97.0,98,326.281515
-88.0,89,326.448079
-77.0,78,326.751769
-96.0,97,326.922267
-74.0,75,327.055701
-77.0,78,327.192899
-88.0,89,327.352742
-80.0,81,327.499788
-89.0,90,327.818983
-80.0,81,327.960689
-63.0,64,328.072056
-77.0,78,328.210269
-72.0,73,328.344507
-74.0,75,328.479204
-72.0,73,328.610277
-77.0,78,328.90863
-74.0,75,329.046572
-81.0,82,329.194507
-90.0,91,329.361387
-91.0,92,329.523711
-83.0,84,329.674177
-93.0,94,330.006613
-75.0,76,330.142682
-84.0,85,330.293323
-86.0,87,330.451173
-107.0,108,330.649002
-80.0,81,330.796814
-93.0,94,331.125055
-97.0,98,331.299691
-94.0,95,331.479265
-77.0,78,331.624858
-76.0,77,331.766141
-71.0,72,331.898228
-88.0,89,332.218742
-78.0,79,332.363609
-100.0,101,332.542493
-91.0,92,332.70621
-86.0,87,332.862365
-82.0,83,333.170503
-103.0,104,333.358722
-77.0,78,333.498941
-82.0,83,333.647493
-88.0,89,333.808939
-74.0,75,333.946366
-74.0,75,334.236973
-93.0,94,334.409431
-64.0,65,334.525565
-102.0,103,334.709889
-74.0,75,334.844036
-84.0,85,334.998059
-82.0,83,335.307231
-149.0,150,335.580662
-98.0,99,335.758561
-234.0,235,336.179028
-88.0,89,336.51257
-80.0,81,336.657617
-75.0,76,336.793014
-82.0,83,336.944326
-63.0,64,337.062061
-163.0,164,337.527672
-100.0,101,337.713286
-80.0,81,337.860783
-67.0,68,337.985066
-79.0,80,338.135496
-63.0,64,338.250986
-89.0,90,338.414716
-75.0,76,338.710501
-89.0,90,338.875255
-96.0,97,339.054258
-85.0,86,339.208478
-84.0,85,339.362264
-62.0,63,339.474971
-82.0,83,339.78233
-86.0,87,339.940402
-63.0,64,340.055899
-81.0,82,340.201439
-88.0,89,340.36028
-66.0,67,340.479985
-82.0,83,340.783602
-89.0,90,340.947429
-105.0,106,341.14149
-92.0,93,341.309662
-92.0,93,341.480052
-106.0,107,341.672921
-78.0,79,341.975564
-89.0,90,342.139551
-99.0,100,342.317954
-79.0,80,342.467148
-152.0,153,342.748762
-69.0,70,343.039171
-82.0,83,343.187653
-94.0,95,343.355218
-89.0,90,343.517865
-83.0,84,343.670621
-98.0,99,343.84457
-87.0,88,344.162842
-88.0,89,344.327655
-85.0,86,344.484766
-116.0,117,344.695884
-79.0,80,344.842866
-89.0,90,345.165561
-83.0,84,345.312104
-83.0,84,345.462203
-74.0,75,345.596969
-73.0,74,345.731087
-72.0,73,345.861849
-86.0,87,346.020332
-80.0,81,346.327335
-63.0,64,346.441723
-74.0,75,346.57686
-100.0,101,346.761737
-85.0,86,346.917911
-95.0,96,347.087288
-130.0,131,347.49397
-81.0,82,347.637766
-81.0,82,347.784316
-83.0,84,347.934772
-92.0,93,348.10618
-99.0,100,348.450892
-90.0,91,348.613235
-77.0,78,348.755298
-92.0,93,348.924687
-70.0,71,349.055291
-81.0,82,349.206728
-84.0,85,349.523202
-187.0,188,349.862595
-82.0,83,350.010586
-75.0,76,350.145669
-78.0,79,350.290195
-88.0,89,350.610065
-91.0,92,350.770338
-62.0,63,350.880141
-76.0,77,351.016138
-84.0,85,351.171321
-71.0,72,351.301846
-75.0,76,351.439254
-94.0,95,351.766107
-86.0,87,351.918065
-64.0,65,352.033545
-96.0,97,352.205812
-107.0,108,352.402767
-71.0,72,352.68863
-86.0,87,352.843192
-86.0,87,352.997838
-73.0,74,353.136989
-103.0,104,353.320906
-82.0,83,353.474112
-73.0,74,353.766706
-70.0,71,353.894977
-95.0,96,354.064926
-126.0,127,354.29124
-160.0,161,354.579851
-82.0,83,354.887452
-103.0,104,355.06846
-89.0,90,355.226227
-167.0,168,355.521427
-79.0,80,355.663458
-70.0,71,355.951165
-78.0,79,356.089672
-79.0,80,356.231891
-255.0,256,356.698048
-75.0,76,356.99471
-88.0,89,357.151155
-83.0,84,357.296751
-77.0,78,357.436928
-78.0,79,357.582282
-63.0,64,357.700496
-79.0,80,357.847018
-86.0,87,358.178872
-73.0,74,358.311816
-153.0,154,358.594171
-74.0,75,358.728378
-85.0,86,358.882138
-76.0,77,359.181078
-88.0,89,359.337401
-83.0,84,359.489505
-122.0,123,359.708536
-80.0,81,359.852712
-72.0,73,359.982671
-116.0,117,360.353105
-95.0,96,360.524647
-90.0,91,360.687943
-76.0,77,360.824085
-89.0,90,360.986565
-79.0,80,361.129594
-73.0,74,361.420879
-76.0,77,361.555362
-62.0,63,361.665491
-107.0,108,361.854757
-91.0,92,362.021875
-76.0,77,362.160143
-77.0,78,362.462027
-84.0,85,362.618218
-63.0,64,362.734871
-79.0,80,362.879852
-90.0,91,363.048184
-69.0,70,363.179276
-80.0,81,363.493387
-84.0,85,363.645606
-87.0,88,363.80535
-77.0,78,363.947726
-87.0,88,364.108914
-80.0,81,364.258579
-71.0,72,364.393225
-74.0,75,364.686884
-91.0,92,364.854201
-75.0,76,364.991752
-82.0,83,365.139938
-111.0,112,365.346325
-113.0,114,365.712914
-77.0,78,365.849491
-106.0,107,366.043212
-87.0,88,366.20398
-78.0,79,366.350731
-91.0,92,366.51992
-77.0,78,366.820232
-66.0,67,366.938389
-80.0,81,367.08433
-93.0,94,367.25482
-74.0,75,367.391634
-75.0,76,367.524571
-190.0,191,368.02635
-90.0,91,368.189907
-122.0,123,368.413682
-63.0,64,368.528376
-78.0,79,368.670444
-81.0,82,368.986835
-76.0,77,369.126349
-76.0,77,369.266115
-70.0,71,369.397108
-94.0,95,369.570085
-86.0,87,369.728459
-86.0,87,370.044903
-69.0,70,370.172125
-94.0,95,370.347628
-75.0,76,370.484068
-125.0,126,370.711246
-82.0,83,370.859639
-79.0,80,371.162976
-87.0,88,371.331748
-76.0,77,371.476449
-135.0,136,371.726496
-81.0,82,371.875894
-74.0,75,372.013231
-72.0,73,372.305592
-85.0,86,372.470757
-69.0,70,372.60014
-81.0,82,372.747196
-77.0,78,372.886095
-63.0,64,373.001519
-81.0,82,373.305444
-98.0,99,373.486076
-64.0,65,373.603518
-95.0,96,373.777003
-94.0,95,373.95119
-77.0,78,374.094693
-95.0,96,374.42994
-119.0,120,374.646265
-78.0,79,374.786651
-111.0,112,374.987468
-85.0,86,375.142331
-94.0,95,375.310461
-93.0,94,375.653095
-69.0,70,375.787502
-89.0,90,375.956602
-90.0,91,376.116101
-76.0,77,376.254052
-95.0,96,376.588396
-212.0,213,376.970529
-63.0,64,377.08484
-77.0,78,377.226114
-81.0,82,377.373841
-135.0,136,377.779499
-93.0,94,377.94761
-64.0,65,378.064875
-86.0,87,378.220999
-83.0,84,378.372407
-82.0,83,378.520505
-107.0,108,378.872033
-111.0,112,379.074291
-88.0,89,379.233512
-82.0,83,379.38716
-63.0,64,379.503007
-82.0,83,379.654181
-75.0,76,379.961096
-105.0,106,380.151435
-74.0,75,380.286869
-81.0,82,380.437368
-80.0,81,380.583953
-79.0,80,380.730638
-80.0,81,381.033486
-71.0,72,381.162168
-84.0,85,381.316501
-85.0,86,381.477572
-71.0,72,381.610538
-91.0,92,381.779143
-70.0,71,382.066586
-165.0,166,382.365579
-314.0,315,382.93138
-85.0,86,383.245345
-83.0,84,383.401402
-67.0,68,383.523128
-111.0,112,383.728564
-86.0,87,383.886022
-97.0,98,384.231847
-98.0,99,384.417912
-128.0,129,384.652053
-74.0,75,384.789665
-86.0,87,384.950314
-78.0,79,385.095805
-88.0,89,385.425002
-92.0,93,385.592762
-72.0,73,385.726983
-72.0,73,385.861143
-71.0,72,385.99049
-86.0,87,386.15
-100.0,101,386.49595
-82.0,83,386.644506
-108.0,109,386.840053
-90.0,91,387.000757
-107.0,108,387.193743
-80.0,81,387.502629
-78.0,79,387.644389
-87.0,88,387.801569
-71.0,72,387.930501
-81.0,82,388.077872
-75.0,76,388.214358
-83.0,84,388.370001
-92.0,93,388.69563
-94.0,95,388.863036
-91.0,92,389.029039
-99.0,100,389.211958
-76.0,77,389.356158
-70.0,71,389.487818
-63.0,64,389.760689
-77.0,78,389.901369
-64.0,65,390.019325
-83.0,84,390.173398
-95.0,96,390.350231
-85.0,86,390.504867
-63.0,64,390.787701
-119.0,120,391.004659
-100.0,101,391.186201
-63.0,64,391.302393
-76.0,77,391.445865
-88.0,89,391.603128
-86.0,87,391.917216
-82.0,83,392.066436
-74.0,75,392.201122
-99.0,100,392.383584
-86.0,87,392.537197
-86.0,87,392.690156
-75.0,76,392.98809
-93.0,94,393.159444
-84.0,85,393.310973
-73.0,74,393.449153
-97.0,98,393.623075
-79.0,80,393.764848
-75.0,76,394.058532
-79.0,80,394.199653
-77.0,78,394.346292
-91.0,92,394.516886
-78.0,79,394.662576
-82.0,83,394.816185
-78.0,79,395.121937
-74.0,75,395.260551
-74.0,75,395.399932
-75.0,76,395.536152
-67.0,68,395.66214
-85.0,86,395.817109
-69.0,70,395.94409
-73.0,74,396.238199
-80.0,81,396.387367
-86.0,87,396.546477
-90.0,91,396.712615
-79.0,80,396.85906
-70.0,71,396.987801
-98.0,99,397.324471
-81.0,82,397.473583
-81.0,82,397.623591
-98.0,99,397.803491
-93.0,94,397.974073
-82.0,83,398.126724
-81.0,82,398.43683
-88.0,89,398.592313
-64.0,65,398.705165
-98.0,99,398.881958
-83.0,84,399.032601
-84.0,85,399.186409
-93.0,94,399.517425
-90.0,91,399.68084
-69.0,70,399.806231
-91.0,92,399.972659
-95.0,96,400.144682
-72.0,73,400.276033
-102.0,103,400.621436
-91.0,92,400.784969
-67.0,68,400.905838
-78.0,79,401.046767
-93.0,94,401.218236
-70.0,71,401.352703
-86.0,87,401.684223
-82.0,83,401.836662
-75.0,76,401.975486
-83.0,84,402.130417
-63.0,64,402.247411
-82.0,83,402.40103
-88.0,89,402.718618
-98.0,99,402.896501
-89.0,90,403.056622
-89.0,90,403.219709
-131.0,132,403.462864
-64.0,65,403.581911
-99.0,100,403.918953
-73.0,74,404.051416
-75.0,76,404.186417
-84.0,85,404.340793
-139.0,140,404.593665
-73.0,74,404.882206
-76.0,77,405.023672
-88.0,89,405.182449
-84.0,85,405.33704
-71.0,72,405.465388
-108.0,109,405.658478
-63.0,64,405.77265
-88.0,89,406.087898
-69.0,70,406.212966
-64.0,65,406.330859
-95.0,96,406.505303
-76.0,77,406.643319
-92.0,93,406.81309
-74.0,75,407.103269
-81.0,82,407.246099
-82.0,83,407.397005
-75.0,76,407.533328
-157.0,158,407.821498
-87.0,88,408.143777
-74.0,75,408.275389
-139.0,140,408.52496
-84.0,85,408.676987
-80.0,81,408.821808
-140.0,141,409.236788
-74.0,75,409.374506
-100.0,101,409.555718
-84.0,85,409.709912
-90.0,91,409.873413
-87.0,88,410.031378
-70.0,71,410.317148
-76.0,77,410.454674
-76.0,77,410.59224
-92.0,93,410.757678
-79.0,80,410.89955
-90.0,91,411.061388
-84.0,85,411.380142
-64.0,65,411.499403
-105.0,106,411.690666
-73.0,74,411.822601
-87.0,88,411.981467
-70.0,71,412.108603
-98.0,99,412.457084
-101.0,102,412.639396
-71.0,72,412.769019
-62.0,63,412.881802
-95.0,96,413.053737
-98.0,99,413.232359
-61.0,62,413.346509
-82.0,83,413.656415
-87.0,88,413.813529
-118.0,119,414.02476
-78.0,79,414.168133
-81.0,82,414.314078
-79.0,80,414.618622
-79.0,80,414.758613
-92.0,93,414.923623
-91.0,92,415.090356
-173.0,174,415.403771
-67.0,68,415.683962
-70.0,71,415.811754
-88.0,89,415.970668
-126.0,127,416.197664
-86.0,87,416.357394
-92.0,93,416.524416
-77.0,78,416.824358
-94.0,95,416.994785
-108.0,109,417.195363
-179.0,180,417.521545
-70.0,71,417.647337
-112.0,113,418.009871
-83.0,84,418.159782
-86.0,87,418.313511
-96.0,97,418.489944
-135.0,136,418.731256
-78.0,79,419.032418
-91.0,92,419.19756
-97.0,98,419.376557
-73.0,74,419.510685
-85.0,86,419.667569
-84.0,85,419.823323
-86.0,87,420.147831
-84.0,85,420.299205
-79.0,80,420.447828
-73.0,74,420.582819
-134.0,135,420.830136
-72.0,73,421.122384
-93.0,94,421.29149
-76.0,77,421.433868
-82.0,83,421.585083
-64.0,65,421.704072
-90.0,91,421.868819
-80.0,81,422.017131
-70.0,71,422.304378
-73.0,74,422.442912
-89.0,90,422.607535
-88.0,89,422.769621
-76.0,77,422.908582
-78.0,79,423.047852
-60.0,61,423.3247
-100.0,101,423.507627
-87.0,88,423.664128
-74.0,75,423.798928
-92.0,93,423.965895
-91.0,92,424.134233
-82.0,83,424.447318
-74.0,75,424.580377
-86.0,87,424.736546
-83.0,84,424.887698
-101.0,102,425.075055
-71.0,72,425.206423
-72.0,73,425.505421
-76.0,77,425.643218
-89.0,90,425.803991
-84.0,85,425.957251
-81.0,82,426.10426
-98.0,99,426.281278
-111.0,112,426.641728
-87.0,88,426.798368
-81.0,82,426.943269
-75.0,76,427.078604
-72.0,73,427.211349
-114.0,115,427.424037
-81.0,82,427.729471
-93.0,94,427.896973
-74.0,75,428.02952
-92.0,93,428.197864
-81.0,82,428.348456
-73.0,74,428.483228
-82.0,83,428.791941
-87.0,88,428.948246
-80.0,81,429.091933
-83.0,84,429.242
-90.0,91,429.408476
-75.0,76,429.546803
-75.0,76,429.843743
-109.0,110,430.040242
-95.0,96,430.209845
-77.0,78,430.353112
-82.0,83,430.499964
-82.0,83,430.648272
-90.0,91,430.970109
-85.0,86,431.124225
-87.0,88,431.28071
-62.0,63,431.396172
-75.0,76,431.531518
-73.0,74,431.664132
-80.0,81,431.972103
-63.0,64,432.086438
-102.0,103,432.274861
-76.0,77,432.416289
-209.0,210,432.789871
-88.0,89,433.107508
-107.0,108,433.300248
-97.0,98,433.47838
-71.0,72,433.608162
-82.0,83,433.754718
-84.0,85,433.905156
-78.0,79,434.217913
-96.0,97,434.392128
-91.0,92,434.556241
-77.0,78,434.69672
-75.0,76,434.833104
-83.0,84,434.984306
-78.0,79,435.285051
-94.0,95,435.457089
-100.0,101,435.636265
-78.0,79,435.776946
-107.0,108,435.968608
-87.0,88,436.284129
-77.0,78,436.427779
-70.0,71,436.554703
-94.0,95,436.724031
-80.0,81,436.869071
-79.0,80,437.012613
-92.0,93,437.178861
-82.0,83,437.489043
-135.0,136,437.730686
-78.0,79,437.876371
-88.0,89,438.034322
-72.0,73,438.164657
-73.0,74,438.458797
-76.0,77,438.594737
-105.0,106,438.782978
-77.0,78,438.920667
-65.0,66,439.038437
-76.0,77,439.176114
-94.0,95,439.510143
-83.0,84,439.659142
-80.0,81,439.802459
-61.0,62,439.915783
-73.0,74,440.048306
-77.0,78,440.190313
-71.0,72,440.3214
-89.0,90,440.650789
-107.0,108,440.84473
-71.0,72,440.977089
-203.0,204,441.347935
-133.0,134,441.750459
-95.0,96,441.925194
-89.0,90,442.089233
-72.0,73,442.221844
-76.0,77,442.366073
-100.0,101,442.550553
-80.0,81,442.856498
-72.0,73,442.989391
-86.0,87,443.144073
-91.0,92,443.307494
-170.0,171,443.624695
-92.0,93,443.95388
-62.0,63,444.065013
-131.0,132,444.299597
-155.0,156,444.608256
-74.0,75,444.744268
-63.0,64,445.04303
-105.0,106,445.238714
-83.0,84,445.404489
-81.0,82,445.559128
-62.0,63,445.67341
-103.0,104,445.862991
-86.0,87,446.185796
-93.0,94,446.420273
-78.0,79,446.572616
-69.0,70,446.706268
-84.0,85,446.869204
-71.0,72,447.004996
-85.0,86,447.324871
-73.0,74,447.469244
-70.0,71,447.61118
-79.0,80,447.763681
-87.0,88,447.934195
-76.0,77,448.082106
-64.0,65,448.202706
-82.0,83,448.518333
-82.0,83,448.663969
-93.0,94,448.832282
-88.0,89,448.990732
-95.0,96,449.162465
-83.0,84,449.318915
-82.0,83,449.66087
-90.0,91,449.826593
-87.0,88,449.9842
-74.0,75,450.11826
-99.0,100,450.293934
-130.0,131,450.690705
-76.0,77,450.828156
-63.0,64,450.942466
-96.0,97,451.114185
-129.0,130,451.353374
-99.0,100,451.536464
-81.0,82,451.845953
-93.0,94,452.016688
-128.0,129,452.253473
-99.0,100,452.449957
-151.0,152,452.883365
-71.0,72,453.014292
-72.0,73,453.146307
-90.0,91,453.312946
-88.0,89,453.476827
-73.0,74,453.609751
-103.0,104,453.96228
-63.0,64,454.079172
-118.0,119,454.293818
-85.0,86,454.452585
-106.0,107,454.645004
-80.0,81,454.792173
-88.0,89,455.114249
-85.0,86,455.270881
-113.0,114,455.496878
-82.0,83,455.651501
-96.0,97,455.847685
-76.0,77,455.988192
-80.0,81,456.314671
-97.0,98,456.500289
-92.0,93,456.66921
-75.0,76,456.809487
-84.0,85,456.965563
-80.0,81,457.27374
-72.0,73,457.415477
-73.0,74,457.548226
-78.0,79,457.689964
-90.0,91,457.854603
-86.0,87,458.020249
-75.0,76,458.157023
-92.0,93,458.486327
-82.0,83,458.635369
-79.0,80,458.782497
-98.0,99,458.964632
-76.0,77,459.106371
-92.0,93,459.276962
-122.0,123,459.65844
-86.0,87,459.81725
-63.0,64,459.934785
-91.0,92,460.103954
-86.0,87,460.264002
-100.0,101,460.615432
-88.0,89,460.77308
-71.0,72,460.902186
-78.0,79,461.044846
-74.0,75,461.178157
-73.0,74,461.308865
-64.0,65,461.427941
-73.0,74,461.721839
-84.0,85,461.87349
-278.0,279,462.372666
-113.0,114,462.734761
-68.0,69,462.857457
-91.0,92,463.021262
-73.0,74,463.153234
-77.0,78,463.290755
-75.0,76,463.429376
-113.0,114,463.633884
-123.0,124,464.01981
-81.0,82,464.16967
-90.0,91,464.339059
-73.0,74,464.4729
-68.0,69,464.599741
-80.0,81,464.903839
-134.0,135,465.149763
-88.0,89,465.310729
-69.0,70,465.441084
-61.0,62,465.550683
-71.0,72,465.678272
-82.0,83,465.985973
-62.0,63,466.098664
-100.0,101,466.278867
-78.0,79,466.424408
-97.0,98,466.597353
-63.0,64,466.711604
-66.0,67,466.836831
-132.0,133,467.251456
-88.0,89,467.416512
-181.0,182,467.745881
-82.0,83,467.892498
-69.0,70,468.184625
-68.0,69,468.308353
-86.0,87,468.468339
-76.0,77,468.605419
-79.0,80,468.748649
-82.0,83,468.896681
-75.0,76,469.036361
-99.0,100,469.379063
-120.0,121,469.594159
-70.0,71,469.719833
-82.0,83,469.867651
-91.0,92,470.034454
-84.0,85,470.349219
-118.0,119,470.561608
-87.0,88,470.717974
-61.0,62,470.830037
-66.0,67,470.952035
-96.0,97,471.125062
-72.0,73,471.418182
-88.0,89,471.574404
-94.0,95,471.740884
-87.0,88,471.898495
-93.0,94,472.067266
-74.0,75,472.201358
-87.0,88,472.516585
-74.0,75,472.65058
-81.0,82,472.796245
-78.0,79,472.937162
-143.0,144,473.192834
-86.0,87,473.350239
-99.0,100,473.688007
-84.0,85,473.839726
-73.0,74,473.972873
-89.0,90,474.135117
-95.0,96,474.306302
-62.0,63,474.421317
-90.0,91,474.74168
-199.0,200,475.098673
-96.0,97,475.274417
-75.0,76,475.41402
-76.0,77,475.717698
-99.0,100,475.898945
-63.0,64,476.015718
-75.0,76,476.156852
-151.0,152,476.44197
-92.0,93,476.609354
-64.0,65,476.885991
-75.0,76,477.025305
-95.0,96,477.194871
-71.0,72,477.329297
-90.0,91,477.492765
-91.0,92,477.660725
-96.0,97,478.007509
-86.0,87,478.163609
-77.0,78,478.306299
-83.0,84,478.464305
-62.0,63,478.578413
-75.0,76,478.71464
-76.0,77,479.011645
-63.0,64,479.125183
-83.0,84,479.275943
-71.0,72,479.408069
-74.0,75,479.546029
-87.0,88,479.707291
-85.0,86,479.864588
-71.0,72,480.153235
-107.0,108,480.348762
-73.0,74,480.482897
-91.0,92,480.646971
-92.0,93,480.815832
-83.0,84,480.969667
-108.0,109,481.328197
-88.0,89,481.489215
-73.0,74,481.625072
-76.0,77,481.770881
-84.0,85,481.922928
-73.0,74,482.05501
-96.0,97,482.394268
-89.0,90,482.559832
-93.0,94,482.733294
-64.0,65,482.852429
-78.0,79,482.998027
-93.0,94,483.171217
-88.0,89,483.492394
-80.0,81,483.63327
-91.0,92,483.800842
-93.0,94,483.969882
-78.0,79,484.114966
-70.0,71,484.246346
-79.0,80,484.554725
-73.0,74,484.684295
-96.0,97,484.858425
-93.0,94,485.025193
-105.0,106,485.215459
-79.0,80,485.363307
-73.0,74,485.663612
-98.0,99,485.847942
-85.0,86,486.006132
-97.0,98,486.180918
-72.0,73,486.310658
-81.0,82,486.462145
-99.0,100,486.8046
-87.0,88,486.967267
-89.0,90,487.12928
-90.0,91,487.291263
-81.0,82,487.440443
-61.0,62,487.55082
-75.0,76,487.846421
-76.0,77,487.983921
-84.0,85,488.137027
-100.0,101,488.317381
-73.0,74,488.455031
-63.0,64,488.570502
-71.0,72,488.874054
-65.0,66,488.990685
-83.0,84,489.141632
-79.0,80,489.285709
-72.0,73,489.422449
-84.0,85,489.574989
-86.0,87,489.731683
-84.0,85,490.043573
-82.0,83,490.192346
-88.0,89,490.357291
-73.0,74,490.492907
-81.0,82,490.641114
-78.0,79,490.782754
-71.0,72,491.071472
-70.0,71,491.199758
-90.0,91,491.366646
-92.0,93,491.535325
-74.0,75,491.670267
-97.0,98,491.84815
-90.0,91,492.176141
-102.0,103,492.365309
-101.0,102,492.548808
-98.0,99,492.726692
-95.0,96,492.899669
-112.0,113,493.266735
-72.0,73,493.399819
-83.0,84,493.549304
-78.0,79,493.69039
-97.0,98,493.865944
-88.0,89,494.023424
-97.0,98,494.368291
-63.0,64,494.491321
-82.0,83,494.638838
-80.0,81,494.786905
-84.0,85,494.941056
-83.0,84,495.08933
-78.0,79,495.395321
-79.0,80,495.540667
-114.0,115,495.746403
-90.0,91,495.90894
-85.0,86,496.062413
-71.0,72,496.191074
-76.0,77,496.490386
-69.0,70,496.616077
-94.0,95,496.786155
-82.0,83,496.955476
-77.0,78,497.120241
-80.0,81,497.26684
-90.0,91,497.599871
-84.0,85,497.75344
-75.0,76,497.894537
-77.0,78,498.037468
-91.0,92,498.202725
-71.0,72,498.334903
-78.0,79,498.479373
-77.0,78,498.778725
-98.0,99,498.955022
-66.0,67,499.076823
-76.0,77,499.215189
-151.0,152,499.504833
-94.0,95,499.846935
-62.0,63,499.96048
-88.0,89,500.119787
-80.0,81,500.265056
-93.0,94,500.437983
-97.0,98,500.614219
-90.0,91,500.947186
-87.0,88,501.105767
-120.0,121,501.322201
-89.0,90,501.486794
-73.0,74,501.620831
-85.0,86,501.775597
-79.0,80,502.086421
-79.0,80,502.228869
-92.0,93,502.399256
-71.0,72,502.531833
-73.0,74,502.668082
-191.0,192,503.184932
-88.0,89,503.354985
-97.0,98,503.5358
-269.0,270,504.18886
-76.0,77,504.333824
-82.0,83,504.492442
-98.0,99,504.683365
-144.0,145,504.961084
-94.0,95,505.296032
-81.0,82,505.450019
-64.0,65,505.570126
-78.0,79,505.717107
-78.0,79,505.861606
-73.0,74,505.996262
-80.0,81,506.144726
-152.0,153,506.614064
-143.0,144,506.900023
-90.0,91,507.076494
-75.0,76,507.216508
-77.0,78,507.364561
-70.0,71,507.653058
-80.0,81,507.800309
-78.0,79,507.944823
-75.0,76,508.08065
-81.0,82,508.238762
-98.0,99,508.420775
-64.0,65,508.700733
-71.0,72,508.835062
-94.0,95,509.008852
-83.0,84,509.166035
-71.0,72,509.296206
-74.0,75,509.443661
-102.0,103,509.787836
-94.0,95,509.958114
-75.0,76,510.093318
-114.0,115,510.301506
-78.0,79,510.447046
-81.0,82,510.595671
-94.0,95,510.94125
-78.0,79,511.086543
-146.0,147,511.361343
-77.0,78,511.498277
-76.0,77,511.637593
-71.0,72,511.766552
-98.0,99,512.101995
-62.0,63,512.214352
-81.0,82,512.36405
-125.0,126,512.584188
-114.0,115,512.78602
-76.0,77,513.08184
-82.0,83,513.23057
-162.0,163,513.527383
-93.0,94,513.69741
-95.0,96,513.871851
-81.0,82,514.179831
-88.0,89,514.345734
-72.0,73,514.477891
-63.0,64,514.594061
-74.0,75,514.729876
-83.0,84,514.880991
-79.0,80,515.024455
-92.0,93,515.351676
-88.0,89,515.514607
-63.0,64,515.626732
-84.0,85,515.777132
-73.0,74,515.911328
-84.0,85,516.065807
-97.0,98,516.406053
-83.0,84,516.556821
-83.0,84,516.705539
-101.0,102,516.891341
-89.0,90,517.054484
-94.0,95,517.387841
-71.0,72,517.516734
-76.0,77,517.657653
-96.0,97,517.835939
-73.0,74,517.972684
-92.0,93,518.14443
-78.0,79,518.290167
-93.0,94,518.623199
-90.0,91,518.786573
-94.0,95,518.961123
-82.0,83,519.112384
-69.0,70,519.23807
-64.0,65,519.357974
-83.0,84,519.669125
-85.0,86,519.81972
-83.0,84,519.969242
-76.0,77,520.108361
-80.0,81,520.254427
-78.0,79,520.400872
-159.0,160,520.847199
-91.0,92,521.009489
-91.0,92,521.178277
-119.0,120,521.401833
-91.0,92,521.741874
-76.0,77,521.878764
-86.0,87,522.034343
-69.0,70,522.177517
-91.0,92,522.367441
-74.0,75,522.502632
-82.0,83,522.653008
-67.0,68,522.936244
-71.0,72,523.067996
-64.0,65,523.182609
-75.0,76,523.316834
-80.0,81,523.463659
-85.0,86,523.621452
-76.0,77,523.762823
-84.0,85,524.084566
-78.0,79,524.238506
-76.0,77,524.38317
-95.0,96,524.557196
-183.0,184,524.897835
-89.0,90,525.218598
-79.0,80,525.367224
-70.0,71,525.49441
-112.0,113,525.696638
-76.0,77,525.831272
-82.0,83,525.980514
-68.0,69,526.268179
-137.0,138,526.518716
-90.0,91,526.687788
-82.0,83,526.84005
-87.0,88,526.999329
-154.0,155,527.457529
-89.0,90,527.621521
-76.0,77,527.762943
-89.0,90,527.927672
-89.0,90,528.094846
-77.0,78,528.412908
-80.0,81,528.555736
-93.0,94,528.725637
-73.0,74,528.861007
-77.0,78,529.002173
-94.0,95,529.174514
-66.0,67,529.296108
-84.0,85,529.619325
-72.0,73,529.747615
-75.0,76,529.886079
-78.0,79,530.030857
-91.0,92,530.201471
-63.0,64,530.319701
