# {"t_start": 1592857265.4873996, "env_id": "CartPole-v0"} 
r,l,t
200.0,200,2.069513
200.0,200,2.388407
200.0,200,2.994885
200.0,200,3.314733
200.0,200,3.636247
200.0,200,4.124528
200.0,200,4.450511
200.0,200,4.935267
200.0,200,5.255824
200.0,200,5.575746
200.0,200,6.067097
200.0,200,6.387573
200.0,200,6.879042
200.0,200,7.19991
200.0,200,7.514979
200.0,200,8.009643
200.0,200,8.332189
200.0,200,8.812962
200.0,200,9.131877
200.0,200,9.453599
200.0,200,9.944637
200.0,200,10.269437
200.0,200,10.586124
200.0,200,11.070513
200.0,200,11.394866
200.0,200,11.889574
200.0,200,12.208421
200.0,200,12.530259
200.0,200,13.023748
200.0,200,13.34553
200.0,200,13.835938
200.0,200,14.158383
200.0,200,14.485061
200.0,200,14.977845
200.0,200,15.296534
200.0,200,15.788824
200.0,200,16.111833
200.0,200,16.432573
200.0,200,16.92531
200.0,200,17.242005
200.0,200,17.723989
200.0,200,18.045813
200.0,200,18.365263
200.0,200,18.853119
200.0,200,19.167982
200.0,200,19.488693
200.0,200,19.986474
200.0,200,20.301371
200.0,200,20.793015
200.0,200,21.116696
200.0,200,21.440626
200.0,200,21.931402
200.0,200,22.249306
200.0,200,22.745729
200.0,200,23.063017
200.0,200,23.382398
200.0,200,23.872132
200.0,200,24.195848
200.0,200,24.682736
200.0,200,25.004752
200.0,200,25.323038
200.0,200,25.815401
200.0,200,26.137876
200.0,200,26.45743
200.0,200,26.938454
200.0,200,27.256116
200.0,200,27.752509
200.0,200,28.066982
200.0,200,28.392099
200.0,200,28.883121
200.0,200,29.202292
200.0,200,29.691048
200.0,200,30.006957
200.0,200,30.325393
200.0,200,30.819675
200.0,200,31.141441
200.0,200,31.634582
200.0,200,31.959265
200.0,200,32.277418
200.0,200,32.764601
200.0,200,33.078961
200.0,200,33.567599
200.0,200,33.891885
200.0,200,34.211119
200.0,200,34.702273
200.0,200,35.015874
200.0,200,35.337524
200.0,200,35.832836
200.0,200,36.151227
200.0,200,36.639703
200.0,200,36.963136
200.0,200,37.284772
200.0,200,37.77591
200.0,200,38.093373
200.0,200,38.579148
200.0,200,38.89802
200.0,200,39.218595
200.0,200,39.711072
200.0,200,40.031248
200.0,200,40.525133
200.0,200,40.848716
200.0,200,41.17017
200.0,200,41.654157
200.0,200,41.971839
200.0,200,42.457892
200.0,200,42.77668
200.0,200,43.099161
200.0,200,43.592559
200.0,200,43.912857
200.0,200,44.233042
200.0,200,44.720482
200.0,200,45.039361
200.0,200,45.530393
200.0,200,45.848768
200.0,200,46.167207
200.0,200,46.658722
200.0,200,46.980037
200.0,200,47.46725
200.0,200,47.78217
200.0,200,48.099628
200.0,200,48.584902
200.0,200,48.906463
200.0,200,49.39954
200.0,200,49.725193
200.0,200,50.047306
200.0,200,50.540085
200.0,200,50.859761
200.0,200,51.180492
200.0,200,51.673504
200.0,200,51.99128
200.0,200,52.476516
200.0,200,52.787523
200.0,200,53.109417
200.0,200,55.147954
200.0,200,55.481615
200.0,200,55.993106
200.0,200,56.33222
200.0,200,56.66857
200.0,200,57.171984
200.0,200,57.507486
200.0,200,58.013468
200.0,200,58.352118
200.0,200,58.6853
200.0,200,59.188019
200.0,200,59.525357
200.0,200,60.036112
200.0,200,60.369351
200.0,200,60.70637
200.0,200,61.212764
200.0,200,61.545552
200.0,200,61.884373
200.0,200,62.391745
200.0,200,62.731764
200.0,200,63.239383
200.0,200,63.572383
200.0,200,63.909281
200.0,200,64.414834
200.0,200,64.752842
200.0,200,65.262631
200.0,200,65.599169
200.0,200,65.945443
200.0,200,66.456481
200.0,200,66.793633
200.0,200,67.299086
200.0,200,67.637636
200.0,200,67.972635
200.0,200,68.478158
200.0,200,68.810496
200.0,200,69.312638
200.0,200,69.648869
200.0,200,69.984983
200.0,200,70.495965
200.0,200,70.838795
200.0,200,71.175932
200.0,200,71.687278
200.0,200,72.024359
200.0,200,72.528173
200.0,200,72.866344
200.0,200,73.202384
200.0,200,73.709072
200.0,200,74.041063
200.0,200,74.544512
200.0,200,74.878155
200.0,200,75.212755
200.0,200,75.71719
200.0,200,76.054867
200.0,200,76.559108
200.0,200,76.892814
200.0,200,77.223561
200.0,200,77.724479
200.0,200,78.058468
200.0,200,78.388833
200.0,200,78.896298
200.0,200,79.231725
200.0,200,79.740855
200.0,200,80.078854
200.0,200,80.415671
200.0,200,80.923658
200.0,200,81.258075
200.0,200,81.768532
200.0,200,82.106632
200.0,200,82.444103
200.0,200,82.951393
200.0,200,83.285849
200.0,200,83.794923
200.0,200,84.135707
200.0,200,84.471257
200.0,200,84.979766
200.0,200,85.3159
200.0,200,85.823247
200.0,200,86.161695
200.0,200,86.498305
200.0,200,87.007356
200.0,200,87.342684
200.0,200,87.679782
200.0,200,88.190303
200.0,200,88.526059
200.0,200,89.025633
200.0,200,89.357693
200.0,200,89.689471
200.0,200,90.197498
200.0,200,90.533672
200.0,200,91.043661
200.0,200,91.375597
200.0,200,91.708897
200.0,200,92.223334
200.0,200,92.551066
200.0,200,93.056919
200.0,200,93.395011
200.0,200,93.724366
200.0,200,94.235392
200.0,200,94.57602
200.0,200,95.07912
200.0,200,95.422854
200.0,200,95.760431
200.0,200,96.265148
200.0,200,96.604781
200.0,200,96.940126
200.0,200,97.450113
200.0,200,97.785394
200.0,200,98.299518
200.0,200,98.638022
200.0,200,98.977419
200.0,200,99.483308
200.0,200,99.818887
200.0,200,100.324049
200.0,200,100.657381
200.0,200,100.995005
200.0,200,101.497313
200.0,200,101.832243
200.0,200,102.336763
200.0,200,102.672178
200.0,200,103.005418
200.0,200,103.517857
200.0,200,103.854242
200.0,200,104.188928
200.0,200,104.699377
200.0,200,105.035162
200.0,200,105.543601
175.0,175,105.837666
200.0,200,106.179902
200.0,200,106.688849
200.0,200,107.025711
200.0,200,107.534822
200.0,200,107.869503
200.0,200,108.20499
200.0,200,110.249578
200.0,200,110.583435
200.0,200,111.086835
200.0,200,111.419354
200.0,200,111.758761
200.0,200,112.267999
200.0,200,112.598036
200.0,200,112.926893
200.0,200,113.436217
200.0,200,113.769437
200.0,200,114.278549
200.0,200,114.619952
200.0,200,114.955765
200.0,200,115.464375
200.0,200,115.804565
200.0,200,116.317622
200.0,200,116.652317
200.0,200,116.985652
200.0,200,117.497713
200.0,200,117.834037
200.0,200,118.345434
200.0,200,118.678957
200.0,200,119.009517
200.0,200,119.5136
200.0,200,119.85182
200.0,200,120.360255
200.0,200,120.693329
200.0,200,121.025651
200.0,200,121.530675
200.0,200,121.870768
200.0,200,122.20885
200.0,200,122.711191
200.0,200,123.052542
200.0,200,123.563137
200.0,200,123.898635
200.0,200,124.233676
200.0,200,124.744535
200.0,200,125.076706
200.0,200,125.581416
200.0,200,125.921803
200.0,200,126.25486
200.0,200,126.758306
200.0,200,127.09644
200.0,200,127.606122
200.0,200,127.945218
200.0,200,128.279313
200.0,200,128.788882
200.0,200,129.122159
200.0,200,129.45992
200.0,200,129.991871
200.0,200,130.341069
200.0,200,130.848069
200.0,200,131.192143
200.0,200,131.528855
200.0,200,132.03652
200.0,200,132.373564
200.0,200,132.877153
200.0,200,133.213792
200.0,200,133.552037
200.0,200,134.060373
200.0,200,134.392445
200.0,200,134.893288
200.0,200,135.228909
200.0,200,135.561273
200.0,200,136.072455
200.0,200,136.404749
200.0,200,136.907214
200.0,200,137.234375
200.0,200,137.566428
200.0,200,138.067972
200.0,200,138.397707
200.0,200,138.73647
200.0,200,139.243688
200.0,200,139.583681
200.0,200,140.100772
200.0,200,140.442996
200.0,200,140.787884
200.0,200,141.303997
200.0,200,141.64348
200.0,200,142.169918
200.0,200,142.510499
200.0,200,142.84553
200.0,200,143.363422
200.0,200,143.703011
200.0,200,144.22466
200.0,200,144.57164
200.0,200,144.91865
200.0,200,145.440063
200.0,200,145.78551
200.0,200,146.295517
200.0,200,146.633269
200.0,200,146.965219
200.0,200,147.470813
200.0,200,147.807938
200.0,200,148.143138
200.0,200,148.648323
200.0,200,148.980056
200.0,200,149.482752
200.0,200,149.818837
200.0,200,150.151821
200.0,200,150.656111
200.0,200,150.990058
200.0,200,151.499973
200.0,200,151.83935
200.0,200,152.175583
200.0,200,152.680407
200.0,200,153.008606
200.0,200,153.509653
200.0,200,153.847136
200.0,200,154.186329
200.0,200,154.699061
200.0,200,155.037095
200.0,200,155.375194
200.0,200,155.890103
200.0,200,156.224084
200.0,200,156.731536
200.0,200,157.066718
200.0,200,157.404572
200.0,200,157.912157
200.0,200,158.250202
200.0,200,158.755565
200.0,200,159.091925
200.0,200,159.431996
200.0,200,159.937104
200.0,200,160.269627
125.0,125,160.483077
200.0,200,160.994209
200.0,200,161.327196
200.0,200,161.83141
200.0,200,162.17219
200.0,200,162.507382
200.0,200,163.01201
200.0,200,163.347357
200.0,200,165.418604
200.0,200,165.761108
200.0,200,166.099914
116.0,116,166.468727
200.0,200,166.799687
200.0,200,167.134331
200.0,200,167.637435
200.0,200,167.96402
200.0,200,168.467724
200.0,200,168.798801
200.0,200,169.134059
200.0,200,169.644686
200.0,200,169.97887
200.0,200,170.309674
200.0,200,170.810149
200.0,200,171.149053
200.0,200,171.64756
200.0,200,171.979745
200.0,200,172.316117
200.0,200,172.825557
200.0,200,173.16039
200.0,200,173.668966
200.0,200,174.003018
200.0,200,174.339172
200.0,200,174.848027
200.0,200,175.183871
200.0,200,175.682484
200.0,200,176.019433
109.0,109,176.20149
200.0,200,176.702367
200.0,200,177.033122
200.0,200,177.372814
200.0,200,177.884026
200.0,200,178.218207
200.0,200,178.551385
200.0,200,179.055193
200.0,200,179.394658
200.0,200,179.904932
200.0,200,180.244035
200.0,200,180.577263
200.0,200,181.081423
200.0,200,181.417032
200.0,200,181.923273
200.0,200,182.258496
200.0,200,182.592293
200.0,200,183.102438
200.0,200,183.438491
200.0,200,183.940903
137.0,137,184.166013
200.0,200,184.49761
200.0,200,184.998169
200.0,200,185.33323
200.0,200,185.673921
200.0,200,186.180902
200.0,200,186.518934
200.0,200,187.020059
200.0,200,187.356994
200.0,200,187.692259
200.0,200,188.205341
200.0,200,188.544567
200.0,200,189.050686
200.0,200,189.390976
200.0,200,189.728015
200.0,200,190.231935
200.0,200,190.569249
200.0,200,190.906922
200.0,200,191.415635
200.0,200,191.750604
200.0,200,192.260138
171.0,171,192.548609
200.0,200,192.886596
200.0,200,193.393719
200.0,200,193.73049
200.0,200,194.241586
200.0,200,194.580345
200.0,200,194.913704
200.0,200,195.422735
200.0,200,195.754799
200.0,200,196.256432
178.0,178,196.558317
200.0,200,196.894533
200.0,200,197.402573
200.0,200,197.737154
200.0,200,198.074412
200.0,200,198.590554
200.0,200,198.928099
200.0,200,199.435263
176.0,176,199.729007
200.0,200,200.064109
200.0,200,200.570307
200.0,200,200.904855
132.0,132,201.127784
200.0,200,201.627749
200.0,200,201.960574
150.0,150,202.21221
166.0,166,202.660614
112.0,112,202.848006
164.0,164,203.118797
153.0,153,203.545856
156.0,156,203.806331
141.0,141,204.043263
200.0,200,204.553475
37.0,37,204.61502
200.0,200,204.954436
200.0,200,205.29082
200.0,200,205.796065
169.0,169,206.077701
200.0,200,206.58102
200.0,200,206.920649
200.0,200,207.260688
160.0,160,207.695832
169.0,169,207.97821
166.0,166,208.253718
200.0,200,208.755259
200.0,200,209.091492
200.0,200,209.4275
192.0,192,209.925005
200.0,200,210.261148
200.0,200,210.76201
200.0,200,211.094419
200.0,200,211.423939
200.0,200,211.927216
185.0,185,212.232674
153.0,153,212.489481
200.0,200,213.00152
200.0,200,213.336694
200.0,200,213.849526
200.0,200,214.184523
200.0,200,214.520036
200.0,200,215.024651
200.0,200,215.352954
200.0,200,215.86014
200.0,200,216.197134
200.0,200,216.535686
173.0,173,216.992843
200.0,200,217.326742
200.0,200,217.659761
200.0,200,218.156818
200.0,200,218.489024
200.0,200,218.993613
200.0,200,219.324482
200.0,200,219.661697
166.0,166,220.113013
200.0,200,220.449339
191.0,191,220.938793
200.0,200,221.279922
184.0,184,221.588316
200.0,200,222.098623
200.0,200,222.435246
200.0,200,222.773124
171.0,171,223.23062
200.0,200,223.564826
185.0,185,224.042654
162.0,162,224.3187
193.0,193,224.6435
200.0,200,225.1536
165.0,165,225.434029
181.0,181,225.73544
172.0,172,226.194093
185.0,185,226.499595
192.0,192,226.819313
187.0,187,227.304018
170.0,170,227.588413
166.0,166,227.864935
182.0,182,228.343676
200.0,200,228.680394
200.0,200,229.183645
200.0,200,229.521643
200.0,200,229.85625
200.0,200,230.364026
178.0,178,230.660469
187.0,187,230.974329
200.0,200,231.48173
182.0,182,231.783974
200.0,200,232.289104
166.0,166,232.574471
200.0,200,232.910046
200.0,200,233.415169
189.0,189,233.730621
169.0,169,234.012356
158.0,158,234.452135
194.0,194,234.777706
200.0,200,235.112048
154.0,154,235.540191
165.0,165,235.818634
176.0,176,236.108795
200.0,200,236.613478
200.0,200,236.947261
186.0,186,237.424826
200.0,200,237.766743
200.0,200,238.104696
200.0,200,238.609762
200.0,200,238.944528
200.0,200,239.277595
200.0,200,241.316324
200.0,200,241.651183
200.0,200,242.159113
200.0,200,242.495212
200.0,200,242.832733
200.0,200,243.336999
177.0,177,243.632138
200.0,200,244.137748
200.0,200,244.470199
200.0,200,244.808879
200.0,200,245.321339
200.0,200,245.663623
200.0,200,246.170162
200.0,200,246.503809
200.0,200,246.835562
200.0,200,247.339373
200.0,200,247.672476
200.0,200,248.005601
200.0,200,248.510362
200.0,200,248.841103
200.0,200,249.343744
200.0,200,249.679158
200.0,200,250.017372
200.0,200,250.527514
200.0,200,250.864406
200.0,200,251.367518
200.0,200,251.699034
200.0,200,252.035653
200.0,200,252.545702
200.0,200,252.88272
200.0,200,253.389399
200.0,200,253.725905
200.0,200,254.067255
200.0,200,254.578437
200.0,200,254.910101
200.0,200,255.248166
200.0,200,255.758856
200.0,200,256.090961
200.0,200,256.59815
200.0,200,256.936455
200.0,200,257.279387
200.0,200,257.788604
200.0,200,258.123971
200.0,200,258.626186
200.0,200,258.962976
200.0,200,259.300359
200.0,200,259.808378
200.0,200,260.14377
200.0,200,260.652676
200.0,200,260.991042
200.0,200,261.323353
200.0,200,261.829645
200.0,200,262.16043
200.0,200,262.664459
200.0,200,263.002272
200.0,200,263.331113
200.0,200,263.834381
200.0,200,264.16254
200.0,200,264.493619
200.0,200,264.993453
200.0,200,265.328393
200.0,200,265.83698
200.0,200,266.17597
200.0,200,266.50817
200.0,200,267.014211
200.0,200,267.349044
200.0,200,267.861209
200.0,200,268.200375
200.0,200,268.538014
200.0,200,269.042611
200.0,200,269.376003
200.0,200,269.892323
200.0,200,270.228395
200.0,200,270.566594
200.0,200,271.075353
200.0,200,271.412005
200.0,200,271.909962
200.0,200,272.249594
200.0,200,272.585257
200.0,200,273.090721
200.0,200,273.421625
200.0,200,273.757728
200.0,200,274.267528
200.0,200,274.597649
200.0,200,275.105706
200.0,200,275.438164
200.0,200,275.767233
200.0,200,276.269183
200.0,200,276.601064
200.0,200,277.10775
200.0,200,277.441805
200.0,200,277.781898
200.0,200,278.287882
200.0,200,278.62793
200.0,200,279.138916
200.0,200,279.475965
200.0,200,279.811304
200.0,200,280.321044
200.0,200,280.659431
200.0,200,280.997106
200.0,200,281.501023
200.0,200,281.832515
200.0,200,282.33511
200.0,200,282.669743
200.0,200,283.003483
200.0,200,283.519696
200.0,200,283.856587
200.0,200,284.366773
200.0,200,284.705353
200.0,200,285.046634
200.0,200,285.562286
200.0,200,285.896345
200.0,200,286.402278
200.0,200,286.732799
200.0,200,287.067726
200.0,200,287.574048
200.0,200,287.908886
200.0,200,288.409176
200.0,200,288.748515
200.0,200,289.086953
200.0,200,289.596286
200.0,200,289.930779
200.0,200,290.27189
200.0,200,290.776756
200.0,200,291.116434
200.0,200,291.622627
200.0,200,291.956844
200.0,200,292.290609
200.0,200,292.796065
200.0,200,293.12987
200.0,200,293.640783
200.0,200,293.977951
200.0,200,294.310246
200.0,200,294.816
200.0,200,295.153027
200.0,200,295.66101
200.0,200,296.000064
200.0,200,296.336951
200.0,200,296.846046
200.0,200,297.187181
200.0,200,297.690851
200.0,200,298.031878
200.0,200,298.368282
200.0,200,298.879041
200.0,200,299.21142
200.0,200,299.54912
200.0,200,300.062199
200.0,200,300.399395
200.0,200,300.907672
200.0,200,301.246504
200.0,200,301.582095
200.0,200,302.096992
200.0,200,302.434543
200.0,200,302.93902
200.0,200,303.2743
200.0,200,303.608739
200.0,200,304.118068
200.0,200,304.456904
200.0,200,306.528571
200.0,200,306.863661
200.0,200,307.198116
200.0,200,307.701469
200.0,200,308.037394
200.0,200,308.376299
200.0,200,308.882718
200.0,200,309.21956
200.0,200,309.727232
200.0,200,310.066453
200.0,200,310.397396
200.0,200,310.907624
200.0,200,311.243054
200.0,200,311.748104
200.0,200,312.076722
200.0,200,312.410003
200.0,200,312.914548
200.0,200,313.247669
200.0,200,313.754015
200.0,200,314.094891
200.0,200,314.427125
200.0,200,314.935777
200.0,200,315.267898
200.0,200,315.76798
200.0,200,316.103899
200.0,200,316.435591
200.0,200,316.94399
200.0,200,317.278063
200.0,200,317.613068
200.0,200,318.117612
200.0,200,318.453275
200.0,200,318.954566
200.0,200,319.282621
200.0,200,319.613918
200.0,200,320.121395
200.0,200,320.456126
200.0,200,320.964925
200.0,200,321.2985
200.0,200,321.637269
200.0,200,322.145123
200.0,200,322.476773
200.0,200,322.981467
200.0,200,323.312881
200.0,200,323.649937
200.0,200,324.160733
200.0,200,324.501448
200.0,200,325.008536
200.0,200,325.34392
200.0,200,325.680096
200.0,200,326.191275
200.0,200,326.529117
200.0,200,326.868061
200.0,200,327.372073
200.0,200,327.705598
200.0,200,328.210311
200.0,200,328.544193
200.0,200,328.875328
200.0,200,329.3827
200.0,200,329.711102
200.0,200,330.212498
200.0,200,330.545697
200.0,200,330.883324
200.0,200,331.392054
200.0,200,331.725646
200.0,200,332.23612
200.0,200,332.570659
200.0,200,332.901769
200.0,200,333.414566
200.0,200,333.751207
200.0,200,334.083136
200.0,200,334.587929
200.0,200,334.922635
200.0,200,335.432062
200.0,200,335.769159
200.0,200,336.112274
200.0,200,336.622558
200.0,200,336.960127
200.0,200,337.471293
200.0,200,337.811537
200.0,200,338.14974
200.0,200,338.659865
200.0,200,338.996981
200.0,200,339.505841
200.0,200,339.843011
200.0,200,340.175192
200.0,200,340.683844
200.0,200,341.020068
200.0,200,341.526667
200.0,200,341.868347
200.0,200,342.203719
200.0,200,342.711131
200.0,200,343.048691
200.0,200,343.386238
200.0,200,343.89047
200.0,200,344.225198
200.0,200,344.731701
200.0,200,345.068502
200.0,200,345.404157
200.0,200,345.909557
200.0,200,346.24708
200.0,200,346.751867
200.0,200,347.092415
200.0,200,347.425623
200.0,200,347.930636
200.0,200,348.26287
200.0,200,348.770579
200.0,200,349.110106
200.0,200,349.440877
200.0,200,349.949655
200.0,200,350.287702
200.0,200,350.791703
200.0,200,351.131622
200.0,200,351.467115
200.0,200,351.977177
200.0,200,352.312443
200.0,200,352.64599
200.0,200,353.154899
200.0,200,353.489103
200.0,200,354.001844
200.0,200,354.339369
200.0,200,354.672236
200.0,200,355.182191
200.0,200,355.520176
200.0,200,356.025821
200.0,200,356.359619
200.0,200,356.694523
200.0,200,357.200747
200.0,200,357.53552
200.0,200,358.043281
200.0,200,358.375998
200.0,200,358.713835
200.0,200,359.218168
200.0,200,359.549366
200.0,200,359.888629
200.0,200,361.960951
200.0,200,362.301
200.0,200,362.812645
200.0,200,363.150712
200.0,200,363.487281
200.0,200,363.993083
200.0,200,364.32738
200.0,200,364.832411
200.0,200,365.164124
200.0,200,365.501521
200.0,200,366.01136
200.0,200,366.346656
200.0,200,366.850939
200.0,200,367.184826
200.0,200,367.518562
200.0,200,368.017442
200.0,200,368.356098
200.0,200,368.858733
200.0,200,369.190027
200.0,200,369.520698
200.0,200,370.025407
200.0,200,370.355424
200.0,200,370.691656
200.0,200,371.193628
200.0,200,371.525122
200.0,200,372.030121
200.0,200,372.36496
200.0,200,372.695742
200.0,200,373.197321
200.0,200,373.52761
200.0,200,374.040243
200.0,200,374.369775
200.0,200,374.703169
200.0,200,375.205616
200.0,200,375.544636
200.0,200,376.052022
200.0,200,376.385544
200.0,200,376.725215
200.0,200,377.250567
200.0,200,377.587571
200.0,200,378.093081
200.0,200,378.431817
200.0,200,378.768905
200.0,200,379.274261
200.0,200,379.614045
200.0,200,379.950029
200.0,200,380.457897
200.0,200,380.791968
200.0,200,381.300204
200.0,200,381.634297
200.0,200,381.963895
200.0,200,382.473243
200.0,200,382.803212
200.0,200,383.307523
200.0,200,383.643736
200.0,200,383.977757
200.0,200,384.481606
200.0,200,384.817104
200.0,200,385.328114
200.0,200,385.660595
200.0,200,385.995808
200.0,200,386.5032
200.0,200,386.838441
200.0,200,387.174879
200.0,200,387.686363
200.0,200,388.02062
200.0,200,388.528788
200.0,200,388.865975
200.0,200,389.199035
200.0,200,389.703766
200.0,200,390.03891
200.0,200,390.543837
200.0,200,390.877684
200.0,200,391.211751
200.0,200,391.718013
200.0,200,392.05331
200.0,200,392.559275
200.0,200,392.892028
200.0,200,393.226135
200.0,200,393.734003
200.0,200,394.06899
200.0,200,394.575927
200.0,200,394.910075
200.0,200,395.245622
200.0,200,395.751257
200.0,200,396.086559
200.0,200,396.423462
200.0,200,396.923461
200.0,200,397.255162
200.0,200,397.760297
200.0,200,398.098983
200.0,200,398.435143
200.0,200,398.944643
200.0,200,399.282531
200.0,200,399.787288
200.0,200,400.12325
200.0,200,400.456686
200.0,200,400.967926
200.0,200,401.3017
200.0,200,401.809592
200.0,200,402.144687
200.0,200,402.484101
200.0,200,402.997455
200.0,200,403.332893
200.0,200,403.841274
200.0,200,404.184011
200.0,200,404.519377
200.0,200,405.02774
200.0,200,405.360052
200.0,200,405.692545
200.0,200,406.200817
200.0,200,406.537082
200.0,200,407.047357
200.0,200,407.384286
200.0,200,407.72208
200.0,200,408.23478
200.0,200,408.568768
200.0,200,409.079439
200.0,200,409.418072
200.0,200,409.753116
200.0,200,410.263121
200.0,200,410.60073
200.0,200,411.10691
200.0,200,411.44899
200.0,200,411.782653
200.0,200,412.293228
200.0,200,412.629111
200.0,200,412.965242
200.0,200,413.471619
200.0,200,413.799649
200.0,200,414.306889
200.0,200,414.646549
200.0,200,414.980669
200.0,200,417.041572
200.0,200,417.37132
200.0,200,417.882915
200.0,200,418.220634
200.0,200,418.560782
200.0,200,419.070023
200.0,200,419.405756
200.0,200,419.916486
200.0,200,420.255816
200.0,200,420.586264
200.0,200,421.09295
200.0,200,421.427747
200.0,200,421.937778
200.0,200,422.271765
200.0,200,422.608117
200.0,200,423.118109
200.0,200,423.450483
200.0,200,423.785968
200.0,200,424.296103
200.0,200,424.638289
200.0,200,425.147152
200.0,200,425.484115
200.0,200,425.828977
200.0,200,426.342564
200.0,200,426.679156
200.0,200,427.185675
200.0,200,427.520981
200.0,200,427.85826
200.0,200,428.366477
200.0,200,428.704779
200.0,200,429.212974
200.0,200,429.548131
200.0,200,429.884136
200.0,200,430.398142
200.0,200,430.735219
200.0,200,431.234821
200.0,200,431.567964
200.0,200,431.906342
200.0,200,432.417541
200.0,200,432.75516
200.0,200,433.087878
200.0,200,433.595044
200.0,200,433.926357
200.0,200,434.428144
200.0,200,434.766086
200.0,200,435.107833
200.0,200,435.617514
200.0,200,435.95123
200.0,200,436.462807
200.0,200,436.804207
200.0,200,437.140472
200.0,200,437.652406
200.0,200,437.992756
200.0,200,438.50018
200.0,200,438.834984
200.0,200,439.164779
200.0,200,439.666126
200.0,200,440.004923
200.0,200,440.338802
200.0,200,440.846511
200.0,200,441.182116
200.0,200,441.684653
200.0,200,442.01848
200.0,200,442.35607
200.0,200,442.868456
200.0,200,443.210879
200.0,200,443.715402
200.0,200,444.055153
200.0,200,444.388069
200.0,200,444.900087
200.0,200,445.240542
200.0,200,445.751331
200.0,200,446.090767
200.0,200,446.434281
200.0,200,446.94071
200.0,200,447.276679
200.0,200,447.785649
200.0,200,448.121228
200.0,200,448.453275
200.0,200,448.965778
200.0,200,449.304522
200.0,200,449.640922
200.0,200,450.151116
200.0,200,450.490353
200.0,200,451.00597
200.0,200,451.34714
200.0,200,451.684932
200.0,200,452.20183
200.0,200,452.539156
200.0,200,453.050085
200.0,200,453.38612
200.0,200,453.720541
200.0,200,454.226684
200.0,200,454.559469
200.0,200,455.066073
200.0,200,455.405664
200.0,200,455.741499
200.0,200,456.252742
200.0,200,456.584564
200.0,200,457.089568
200.0,200,457.428487
200.0,200,457.767787
200.0,200,458.280745
200.0,200,458.617437
200.0,200,458.954206
200.0,200,459.457477
200.0,200,459.791739
200.0,200,460.298097
200.0,200,460.636126
200.0,200,460.971438
200.0,200,461.476038
200.0,200,461.816414
200.0,200,462.329358
200.0,200,462.670847
200.0,200,463.003134
200.0,200,463.512349
200.0,200,463.851345
200.0,200,464.359865
200.0,200,464.697179
200.0,200,465.03189
200.0,200,465.545811
200.0,200,465.888497
200.0,200,466.229195
200.0,200,466.734598
200.0,200,467.072901
200.0,200,467.585158
200.0,200,467.926022
200.0,200,468.265408
200.0,200,468.772032
200.0,200,469.108279
200.0,200,469.617341
200.0,200,469.956932
200.0,200,470.291673
200.0,200,472.358295
200.0,200,472.688047
200.0,200,473.194627
200.0,200,473.530596
200.0,200,473.865206
200.0,200,474.373235
200.0,200,474.704609
200.0,200,475.205484
200.0,200,475.538578
200.0,200,475.87358
200.0,200,476.376126
200.0,200,476.70783
200.0,200,477.043929
200.0,200,477.542583
200.0,200,477.875206
122.0,122,478.077564
200.0,200,478.582405
200.0,200,478.917027
200.0,200,479.42793
200.0,200,479.76234
200.0,200,480.097374
200.0,200,480.60093
200.0,200,480.935821
200.0,200,481.440951
200.0,200,481.777122
200.0,200,482.113818
200.0,200,482.620867
200.0,200,482.955816
200.0,200,483.470567
200.0,200,483.805019
200.0,200,484.144145
200.0,200,484.654385
200.0,200,484.992127
200.0,200,485.495043
200.0,200,485.83469
200.0,200,486.169469
200.0,200,486.672521
200.0,200,487.006897
200.0,200,487.342719
200.0,200,487.852807
200.0,200,488.189781
200.0,200,488.694412
200.0,200,489.032048
200.0,200,489.363155
200.0,200,489.869708
200.0,200,490.205054
200.0,200,490.712214
200.0,200,491.046471
200.0,200,491.381809
200.0,200,491.891397
200.0,200,492.229106
200.0,200,492.736466
200.0,200,493.071103
200.0,200,493.404043
200.0,200,493.909224
200.0,200,494.241314
200.0,200,494.747825
200.0,200,495.087927
200.0,200,495.421684
200.0,200,495.936818
200.0,200,496.268838
200.0,200,496.602732
200.0,200,497.108144
200.0,200,497.446899
200.0,200,497.953426
200.0,200,498.289136
200.0,200,498.623933
200.0,200,499.133651
200.0,200,499.467444
200.0,200,499.982012
200.0,200,500.315356
200.0,200,500.649047
200.0,200,501.156175
200.0,200,501.495261
200.0,200,502.005615
200.0,200,502.340803
200.0,200,502.678898
200.0,200,503.18805
200.0,200,503.519932
200.0,200,503.851782
200.0,200,504.361782
200.0,200,504.702675
200.0,200,505.209342
200.0,200,505.540209
200.0,200,505.871166
200.0,200,506.381624
200.0,200,506.71612
200.0,200,507.223675
200.0,200,507.55389
200.0,200,507.885541
200.0,200,508.3914
200.0,200,508.721303
200.0,200,509.219773
200.0,200,509.552343
200.0,200,509.883745
200.0,200,510.390251
200.0,200,510.724335
200.0,200,511.228745
200.0,200,511.560296
200.0,200,511.901391
200.0,200,512.41269
200.0,200,512.74831
200.0,200,513.080041
200.0,200,513.587755
200.0,200,513.922732
200.0,200,514.433849
200.0,200,514.775491
200.0,200,515.112974
200.0,200,515.626072
200.0,200,515.963679
200.0,200,516.473818
200.0,200,516.805706
200.0,200,517.143956
200.0,200,517.65333
200.0,200,517.99113
200.0,200,518.49141
200.0,200,518.823913
200.0,200,519.159405
200.0,200,519.665707
200.0,200,520.003685
200.0,200,520.511244
200.0,200,520.848693
200.0,200,521.181316
200.0,200,521.687408
200.0,200,522.017936
200.0,200,522.348229
200.0,200,522.849063
200.0,200,523.185635
200.0,200,523.694736
200.0,200,524.033795
116.0,116,524.229112
200.0,200,524.737719
200.0,200,525.072397
200.0,200,525.410773
200.0,200,527.485959
200.0,200,527.826933
200.0,200,528.337229
200.0,200,528.674693
200.0,200,529.005985
200.0,200,529.514215
200.0,200,529.849659
200.0,200,530.356985
200.0,200,530.693101
200.0,200,531.029373
200.0,200,531.529677
200.0,200,531.862169
200.0,200,532.199542
200.0,200,532.707912
200.0,200,533.041618
200.0,200,533.558479
200.0,200,533.897141
200.0,200,534.233365
200.0,200,534.736823
200.0,200,535.071383
193.0,193,535.56661
200.0,200,535.909469
200.0,200,536.246209
200.0,200,536.749101
200.0,200,537.084746
200.0,200,537.587881
200.0,200,537.92144
200.0,200,538.255839
200.0,200,538.757893
200.0,200,539.090967
200.0,200,539.593457
200.0,200,539.934377
200.0,200,540.271367
200.0,200,540.784687
200.0,200,541.123909
200.0,200,541.460222
200.0,200,541.965608
200.0,200,542.300667
200.0,200,542.802076
200.0,200,543.138425
200.0,200,543.471295
200.0,200,543.976099
200.0,200,544.30795
200.0,200,544.817247
200.0,200,545.15296
200.0,200,545.484594
200.0,200,545.989982
200.0,200,546.32975
200.0,200,546.838757
200.0,200,547.177753
200.0,200,547.513187
200.0,200,548.0217
200.0,200,548.354028
200.0,200,548.857286
200.0,200,549.194324
200.0,200,549.52744
200.0,200,550.030219
200.0,200,550.365203
200.0,200,550.698324
200.0,200,551.209815
159.0,159,551.480875
200.0,200,551.982977
200.0,200,552.319595
200.0,200,552.652829
105.0,105,553.00204
200.0,200,553.332996
200.0,200,553.675797
200.0,200,554.177599
200.0,200,554.513833
200.0,200,554.847577
200.0,200,555.348647
200.0,200,555.681747
200.0,200,556.190498
200.0,200,556.527977
200.0,200,556.864832
200.0,200,557.36729
200.0,200,557.701651
30.0,30,557.752401
200.0,200,558.262439
200.0,200,558.601879
200.0,200,558.938323
200.0,200,559.444935
200.0,200,559.778209
200.0,200,560.282523
200.0,200,560.618656
200.0,200,560.958471
200.0,200,561.469119
200.0,200,561.804123
200.0,200,562.316088
200.0,200,562.650407
200.0,200,562.983789
200.0,200,563.492956
200.0,200,563.829569
200.0,200,564.339598
200.0,200,564.673098
200.0,200,565.009705
200.0,200,565.513288
200.0,200,565.841253
200.0,200,566.182035
200.0,200,566.693316
200.0,200,567.026224
200.0,200,567.535723
200.0,200,567.86622
200.0,200,568.197048
167.0,167,568.644393
200.0,200,568.98027
200.0,200,569.48686
200.0,200,569.823543
200.0,200,570.154824
200.0,200,570.665378
200.0,200,571.005137
200.0,200,571.335952
200.0,200,571.84492
200.0,200,572.18372
200.0,200,572.693121
200.0,200,573.027944
200.0,200,573.364589
200.0,200,573.873504
200.0,200,574.203381
200.0,200,574.713788
200.0,200,575.049039
200.0,200,575.383541
200.0,200,575.886905
200.0,200,576.224756
200.0,200,576.731315
200.0,200,577.063177
200.0,200,577.393447
200.0,200,577.905558
140.0,140,578.142888
200.0,200,578.479815
200.0,200,578.989889
200.0,200,579.325985
200.0,200,579.83751
200.0,200,580.172823
200.0,200,580.507034
200.0,200,582.499403
200.0,200,582.835412
200.0,200,583.346683
200.0,200,583.681787
200.0,200,584.019775
200.0,200,584.529426
200.0,200,584.865166
200.0,200,585.197634
200.0,200,585.705493
200.0,200,586.033227
200.0,200,586.543998
200.0,200,586.88037
200.0,200,587.214874
200.0,200,587.718378
200.0,200,588.05905
200.0,200,588.565243
200.0,200,588.8955
200.0,200,589.230149
200.0,200,589.736063
163.0,163,590.008371
200.0,200,590.34055
200.0,200,590.851557
200.0,200,591.186365
200.0,200,591.693452
200.0,200,592.026826
200.0,200,592.361446
200.0,200,592.867667
200.0,200,593.206869
200.0,200,593.719923
200.0,200,594.050556
200.0,200,594.385812
200.0,200,594.895482
200.0,200,595.227566
200.0,200,595.734396
200.0,200,596.064485
200.0,200,596.398924
200.0,200,596.911368
200.0,200,597.243094
200.0,200,597.74893
200.0,200,598.087469
200.0,200,598.423208
61.0,61,598.526173
200.0,200,599.036511
197.0,197,599.370069
200.0,200,599.884915
200.0,200,600.21587
200.0,200,600.554852
200.0,200,601.066589
200.0,200,601.399431
200.0,200,601.910618
200.0,200,602.250228
200.0,200,602.583311
200.0,200,603.092088
31.0,31,603.143936
200.0,200,603.481719
200.0,200,603.984188
200.0,200,604.320885
200.0,200,604.658736
200.0,200,605.171719
200.0,200,605.511667
200.0,200,606.023185
200.0,200,606.362998
200.0,200,606.701935
200.0,200,607.208112
200.0,200,607.543967
200.0,200,607.881312
200.0,200,608.390827
200.0,200,608.727376
200.0,200,609.235354
200.0,200,609.569602
200.0,200,609.906971
94.0,94,610.236794
200.0,200,610.569884
200.0,200,610.9042
200.0,200,611.413269
200.0,200,611.752219
200.0,200,612.263416
200.0,200,612.597346
200.0,200,612.933462
200.0,200,613.441582
200.0,200,613.780087
200.0,200,614.28639
200.0,200,614.625418
200.0,200,614.95819
200.0,200,615.469912
200.0,200,615.806247
200.0,200,616.147207
200.0,200,616.657936
200.0,200,616.988038
200.0,200,617.497249
200.0,200,617.833757
200.0,200,618.167395
200.0,200,618.673841
200.0,200,619.004019
200.0,200,619.5065
200.0,200,619.836285
200.0,200,620.177809
200.0,200,620.688126
200.0,200,621.022147
200.0,200,621.533386
200.0,200,621.865475
200.0,200,622.199406
200.0,200,622.70788
200.0,200,623.042933
200.0,200,623.385135
200.0,200,623.895496
200.0,200,624.231922
200.0,200,624.736866
200.0,200,625.077194
200.0,200,625.411132
200.0,200,625.920759
200.0,200,626.256234
200.0,200,626.760697
200.0,200,627.098051
200.0,200,627.435451
200.0,200,627.942844
43.0,43,628.016014
200.0,200,628.345597
200.0,200,628.852563
176.0,176,629.149158
200.0,200,629.478393
200.0,200,629.98255
200.0,200,630.312368
200.0,200,630.818084
200.0,200,631.154281
200.0,200,631.48399
200.0,200,631.99471
200.0,200,632.328179
200.0,200,632.830771
200.0,200,633.165051
200.0,200,633.498082
200.0,200,634.009941
200.0,200,634.343971
200.0,200,634.685498
200.0,200,635.193582
200.0,200,635.528124
200.0,200,637.589321
200.0,200,637.928502
200.0,200,638.265714
200.0,200,638.773638
200.0,200,639.110376
200.0,200,639.619893
200.0,200,639.960996
129.0,129,640.177002
200.0,200,640.687523
200.0,200,641.029147
200.0,200,641.370178
200.0,200,641.886932
200.0,200,642.224351
200.0,200,642.734615
200.0,200,643.070862
200.0,200,643.403836
200.0,200,643.911741
200.0,200,644.248889
200.0,200,644.759382
200.0,200,645.098244
200.0,200,645.429754
200.0,200,645.944783
200.0,200,646.280012
200.0,200,646.609581
200.0,200,647.11182
200.0,200,647.447015
200.0,200,647.960258
200.0,200,648.292596
200.0,200,648.624843
200.0,200,649.127315
200.0,200,649.460049
200.0,200,649.974006
200.0,200,650.306884
200.0,200,650.641757
200.0,200,651.150225
200.0,200,651.483436
200.0,200,651.994014
200.0,200,652.330732
200.0,200,652.665391
200.0,200,653.174601
200.0,200,653.509129
200.0,200,654.020374
200.0,200,654.359992
200.0,200,654.701081
200.0,200,655.212968
200.0,200,655.549733
200.0,200,655.885715
200.0,200,656.39279
200.0,200,656.727303
200.0,200,657.236903
200.0,200,657.574126
200.0,200,657.906662
200.0,200,658.415819
200.0,200,658.748896
200.0,200,659.258693
200.0,200,659.596336
200.0,200,659.931074
200.0,200,660.441005
200.0,200,660.779423
200.0,200,661.286603
200.0,200,661.622299
200.0,200,661.959975
200.0,200,662.470606
200.0,200,662.804477
200.0,200,663.136012
200.0,200,663.638569
200.0,200,663.967526
200.0,200,664.472745
200.0,200,664.807375
200.0,200,665.142958
200.0,200,665.649204
200.0,200,665.991743
200.0,200,666.503995
200.0,200,666.837638
200.0,200,667.177731
200.0,200,667.688832
200.0,200,668.027299
200.0,200,668.537823
200.0,200,668.873559
200.0,200,669.211613
200.0,200,669.724372
200.0,200,670.05827
200.0,200,670.558917
200.0,200,670.893774
200.0,200,671.231873
200.0,200,671.744525
200.0,200,672.083091
200.0,200,672.416952
200.0,200,672.925671
200.0,200,673.258506
200.0,200,673.766651
200.0,200,674.103007
200.0,200,674.439045
200.0,200,674.949391
200.0,200,675.282918
200.0,200,675.790505
200.0,200,676.128253
200.0,200,676.463686
200.0,200,676.979117
200.0,200,677.314176
200.0,200,677.823248
200.0,200,678.160766
200.0,200,678.496053
200.0,200,679.00685
200.0,200,679.337687
200.0,200,679.841313
200.0,200,680.181223
200.0,200,680.517122
200.0,200,681.023062
200.0,200,681.362037
200.0,200,681.699896
200.0,200,682.213659
200.0,200,682.554528
200.0,200,683.057587
200.0,200,683.393742
200.0,200,683.728803
200.0,200,684.242465
200.0,200,684.580134
200.0,200,685.089966
200.0,200,685.430791
200.0,200,685.764575
200.0,200,686.268081
200.0,200,686.606231
200.0,200,687.115526
200.0,200,687.456136
200.0,200,687.796435
200.0,200,688.303963
200.0,200,688.646316
200.0,200,688.982931
200.0,200,689.492445
200.0,200,689.83107
200.0,200,690.33785
200.0,200,690.671158
200.0,200,691.00597
200.0,200,693.06246
200.0,200,693.402315
200.0,200,693.90964
200.0,200,694.247955
200.0,200,694.580984
200.0,200,695.086268
200.0,200,695.423194
200.0,200,695.935324
200.0,200,696.272168
200.0,200,696.603318
200.0,200,697.114241
200.0,200,697.447429
200.0,200,697.954048
200.0,200,698.291847
200.0,200,698.625607
200.0,200,699.132688
200.0,200,699.470386
200.0,200,699.808794
200.0,200,700.321889
200.0,200,700.655752
200.0,200,701.167309
200.0,200,701.504741
200.0,200,701.837935
200.0,200,702.344011
200.0,200,702.677402
200.0,200,703.188104
200.0,200,703.52968
200.0,200,703.867542
200.0,200,704.375523
200.0,200,704.702855
200.0,200,705.213695
200.0,200,705.552966
200.0,200,705.885082
200.0,200,706.382781
200.0,200,706.715984
200.0,200,707.220758
200.0,200,707.565989
200.0,200,707.899428
200.0,200,708.412395
200.0,200,708.746973
200.0,200,709.08386
200.0,200,709.596134
200.0,200,709.934584
200.0,200,710.444371
200.0,200,710.780056
200.0,200,711.113432
200.0,200,711.622691
200.0,200,711.961223
200.0,200,712.468693
200.0,200,712.799788
200.0,200,713.136546
200.0,200,713.645289
200.0,200,713.980332
200.0,200,714.489495
200.0,200,714.827196
200.0,200,715.161554
200.0,200,715.659625
200.0,200,715.994046
200.0,200,716.327835
200.0,200,716.831036
200.0,200,717.16512
200.0,200,717.677818
200.0,200,718.012084
200.0,200,718.342701
200.0,200,718.848256
200.0,200,719.187735
200.0,200,719.699208
200.0,200,720.036058
200.0,200,720.371889
200.0,200,720.88705
200.0,200,721.221267
200.0,200,721.732886
200.0,200,722.071194
200.0,200,722.412602
200.0,200,722.925306
200.0,200,723.257343
200.0,200,723.768153
200.0,200,724.107042
200.0,200,724.444664
200.0,200,724.961635
200.0,200,725.297179
200.0,200,725.637411
200.0,200,726.151096
200.0,200,726.48537
200.0,200,726.992012
200.0,200,727.323332
200.0,200,727.659228
200.0,200,728.165966
200.0,200,728.499114
200.0,200,729.015456
200.0,200,729.355435
200.0,200,729.688284
200.0,200,730.191111
200.0,200,730.5229
200.0,200,731.023714
200.0,200,731.356104
200.0,200,731.684275
200.0,200,732.191105
200.0,200,732.524665
200.0,200,733.033885
200.0,200,733.372481
200.0,200,733.706144
200.0,200,734.220193
200.0,200,734.560013
200.0,200,734.895649
200.0,200,735.39408
200.0,200,735.72428
200.0,200,736.229955
200.0,200,736.562833
200.0,200,736.893473
200.0,200,737.399517
200.0,200,737.733667
200.0,200,738.244025
200.0,200,738.577509
200.0,200,738.915208
200.0,200,739.424402
200.0,200,739.756655
200.0,200,740.271032
200.0,200,740.610975
200.0,200,740.945826
200.0,200,741.457706
200.0,200,741.795012
200.0,200,742.136938
200.0,200,742.644518
200.0,200,742.980047
200.0,200,743.49001
200.0,200,743.826789
200.0,200,744.16369
200.0,200,744.672789
200.0,200,745.013534
200.0,200,745.520767
200.0,200,745.856906
200.0,200,746.195296
200.0,200,748.262996
200.0,200,748.600886
200.0,200,749.111259
200.0,200,749.445642
200.0,200,749.781571
200.0,200,750.295018
200.0,200,750.628622
200.0,200,751.141742
200.0,200,751.480362
200.0,200,751.814697
200.0,200,752.323835
200.0,200,752.655138
200.0,200,752.989562
200.0,200,753.498589
200.0,200,753.833695
200.0,200,754.348023
200.0,200,754.686984
200.0,200,755.022477
200.0,200,755.527035
200.0,200,755.857618
200.0,200,756.370667
200.0,200,756.70632
200.0,200,757.038078
200.0,200,757.539289
200.0,200,757.87376
200.0,200,758.38453
200.0,200,758.722409
200.0,200,759.051602
200.0,200,759.557661
200.0,200,759.892904
200.0,200,760.400502
200.0,200,760.742317
200.0,200,761.082468
200.0,200,761.592831
200.0,200,761.933022
200.0,200,762.271209
200.0,200,762.7868
200.0,200,763.126829
200.0,200,763.636281
200.0,200,763.97278
200.0,200,764.307222
200.0,200,764.816259
200.0,200,765.153317
200.0,200,765.661995
200.0,200,765.996615
200.0,200,766.328681
200.0,200,766.84103
200.0,200,767.178324
200.0,200,767.686151
200.0,200,768.019374
200.0,200,768.356879
200.0,200,768.867521
200.0,200,769.201968
200.0,200,769.536109
200.0,200,770.042534
200.0,200,770.373135
200.0,200,770.88794
200.0,200,771.223411
200.0,200,771.562209
200.0,200,772.074072
200.0,200,772.407873
200.0,200,772.92017
200.0,200,773.250868
200.0,200,773.583968
200.0,200,774.09396
200.0,200,774.432934
200.0,200,774.947199
200.0,200,775.285305
200.0,200,775.628225
200.0,200,776.14325
200.0,200,776.479196
200.0,200,776.988839
200.0,200,777.322413
200.0,200,777.65534
200.0,200,778.162373
200.0,200,778.496064
200.0,200,778.834969
200.0,200,779.344439
200.0,200,779.68141
200.0,200,780.187414
200.0,200,780.527178
200.0,200,780.860877
200.0,200,781.369851
200.0,200,781.705598
200.0,200,782.217558
200.0,200,782.553616
200.0,200,782.886281
200.0,200,783.401634
200.0,200,783.737829
200.0,200,784.250602
200.0,200,784.586606
200.0,200,784.923085
200.0,200,785.427878
200.0,200,785.762907
200.0,200,786.272269
200.0,200,786.610438
200.0,200,786.951039
200.0,200,787.464502
200.0,200,787.802933
200.0,200,788.137771
200.0,200,788.659123
200.0,200,788.995845
200.0,200,789.505985
185.0,185,789.81815
196.0,196,790.14747
174.0,174,790.617515
185.0,185,790.93206
178.0,178,791.232009
170.0,170,791.693967
163.0,163,791.968617
170.0,170,792.253956
168.0,168,792.708433
157.0,157,792.974422
161.0,161,793.243243
158.0,158,793.683867
150.0,150,793.937852
152.0,152,794.192718
157.0,157,794.629769
149.0,149,794.879413
142.0,142,795.116734
149.0,149,795.364424
142.0,142,795.775678
138.0,138,796.009955
140.0,140,796.247955
133.0,133,796.637507
132.0,132,796.861818
143.0,143,797.097797
138.0,138,797.325981
133.0,133,797.716943
129.0,129,797.93283
132.0,132,798.155378
127.0,127,798.369283
125.0,125,798.748441
125.0,125,798.956988
129.0,129,799.173464
124.0,124,799.381493
125.0,125,799.763377
125.0,125,799.975936
122.0,122,800.183518
120.0,120,800.387636
125.0,125,800.773766
115.0,115,800.967421
116.0,116,801.163623
121.0,121,801.368009
120.0,120,801.568909
105.0,105,802.923933
104.0,104,803.1001
106.0,106,803.279712
100.0,100,803.444878
102.0,102,803.621125
102.0,102,803.970042
94.0,94,804.130365
96.0,96,804.293784
98.0,98,804.457643
100.0,100,804.627394
77.0,77,804.933387
46.0,46,805.011603
14.0,14,805.035305
48.0,48,805.117503
52.0,52,805.205709
41.0,41,805.273598
55.0,55,805.366294
38.0,38,805.43102
44.0,44,805.505042
46.0,46,805.582199
47.0,47,805.659985
54.0,54,805.923216
19.0,19,805.958003
25.0,25,806.000755
32.0,32,806.055071
32.0,32,806.110779
22.0,22,806.148113
30.0,30,806.199555
23.0,23,806.237805
30.0,30,806.288855
32.0,32,806.342621
33.0,33,806.398433
33.0,33,806.453365
17.0,17,806.48245
37.0,37,806.545391
38.0,38,806.609723
21.0,21,806.644139
20.0,20,806.676655
16.0,16,806.7054
14.0,14,806.728691
37.0,37,806.964219
11.0,11,806.983816
17.0,17,807.014556
14.0,14,807.037832
14.0,14,807.060998
14.0,14,807.084533
22.0,22,807.123502
22.0,22,807.160643
28.0,28,807.209543
14.0,14,807.233398
16.0,16,807.260689
18.0,18,807.292418
13.0,13,807.314903
12.0,12,807.334757
12.0,12,807.354613
13.0,13,807.376613
10.0,10,807.394693
22.0,22,807.432355
13.0,13,807.454088
15.0,15,807.479398
19.0,19,807.513186
16.0,16,807.540113
12.0,12,807.559939
12.0,12,807.580399
17.0,17,807.610193
18.0,18,807.640446
18.0,18,807.670515
22.0,22,807.708467
20.0,20,807.743351
11.0,11,807.761939
18.0,18,807.791377
14.0,14,807.816011
16.0,16,808.020103
13.0,13,808.04424
13.0,13,808.067601
18.0,18,808.09874
14.0,14,808.122441
15.0,15,808.146954
17.0,17,808.175203
17.0,17,808.204957
17.0,17,808.233822
12.0,12,808.253886
13.0,13,808.275687
14.0,14,808.300186
13.0,13,808.323499
14.0,14,808.347108
14.0,14,808.370969
16.0,16,808.399101
16.0,16,808.426694
13.0,13,808.448664
13.0,13,808.470472
18.0,18,808.501653
16.0,16,808.529012
15.0,15,808.553778
17.0,17,808.582284
12.0,12,808.602723
15.0,15,808.628466
20.0,20,808.662003
15.0,15,808.687577
20.0,20,808.72225
17.0,17,808.750837
17.0,17,808.779372
26.0,26,808.824243
16.0,16,808.85092
12.0,12,808.870537
14.0,14,809.067645
10.0,10,809.085394
13.0,13,809.109732
13.0,13,809.131395
15.0,15,809.155386
13.0,13,809.176572
15.0,15,809.201432
22.0,22,809.23934
10.0,10,809.25623
14.0,14,809.280036
18.0,18,809.310547
15.0,15,809.336173
18.0,18,809.366056
14.0,14,809.388617
12.0,12,809.409548
17.0,17,809.438582
25.0,25,809.481009
13.0,13,809.502759
15.0,15,809.529999
13.0,13,809.551993
15.0,15,809.577691
14.0,14,809.60106
16.0,16,809.628887
16.0,16,809.655677
17.0,17,809.684238
13.0,13,809.706021
14.0,14,809.731023
17.0,17,809.759419
13.0,13,809.781127
13.0,13,809.803205
14.0,14,809.827754
17.0,17,809.855975
19.0,19,809.887268
15.0,15,809.913673
24.0,24,810.123191
13.0,13,810.148167
21.0,21,810.183271
19.0,19,810.216507
20.0,20,810.250748
16.0,16,810.277739
12.0,12,810.298186
16.0,16,810.32609
18.0,18,810.356124
19.0,19,810.387464
18.0,18,810.419068
16.0,16,810.445361
19.0,19,810.476047
25.0,25,810.518058
19.0,19,810.548815
15.0,15,810.573276
24.0,24,810.614168
25.0,25,810.656047
15.0,15,810.680522
16.0,16,810.713226
15.0,15,810.739578
23.0,23,810.777979
17.0,17,810.806531
22.0,22,810.844179
25.0,25,810.884827
18.0,18,810.915642
17.0,17,810.944032
18.0,18,811.14213
18.0,18,811.174481
20.0,20,811.207302
25.0,25,811.249849
20.0,20,811.28334
19.0,19,811.314715
17.0,17,811.344586
22.0,22,811.381421
23.0,23,811.42062
29.0,29,811.47
23.0,23,811.508372
28.0,28,811.555853
25.0,25,811.596599
26.0,26,811.640985
21.0,21,811.676555
25.0,25,811.719554
20.0,20,811.753499
23.0,23,811.79229
22.0,22,811.830246
18.0,18,811.860358
14.0,14,811.88355
23.0,23,811.92416
21.0,21,811.960206
19.0,19,811.991946
28.0,28,812.210491
22.0,22,812.248762
26.0,26,812.290627
32.0,32,812.345609
36.0,36,812.406423
27.0,27,812.452788
29.0,29,812.499959
31.0,31,812.552177
26.0,26,812.594971
37.0,37,812.658255
37.0,37,812.720063
31.0,31,812.77198
22.0,22,812.807423
33.0,33,812.863456
21.0,21,812.898589
32.0,32,812.952796
26.0,26,812.996426
32.0,32,813.222389
48.0,48,813.305678
49.0,49,813.38974
54.0,54,813.480971
45.0,45,813.557159
32.0,32,813.611442
42.0,42,813.682741
26.0,26,813.725775
36.0,36,813.786874
52.0,52,813.874766
44.0,44,813.949735
53.0,53,814.038378
55.0,55,814.30393
65.0,65,814.41412
61.0,61,814.520022
68.0,68,814.634742
69.0,69,814.753402
57.0,57,814.848603
60.0,60,814.949636
67.0,67,815.06324
83.0,83,815.377703
81.0,81,815.511729
80.0,80,815.648
83.0,83,815.786891
83.0,83,815.925553
90.0,90,816.076847
104.0,104,816.420447
105.0,105,816.59664
106.0,106,816.773158
108.0,108,816.955954
107.0,107,817.132079
110.0,110,817.489221
118.0,118,817.688147
109.0,109,817.871203
112.0,112,818.060927
115.0,115,818.431521
114.0,114,818.623485
122.0,122,818.830597
111.0,111,819.019117
115.0,115,819.211976
120.0,120,819.593532
122.0,122,819.796173
125.0,125,820.009735
116.0,116,820.204779
127.0,127,820.596862
132.0,132,820.817508
129.0,129,821.033129
130.0,130,821.248228
130.0,130,821.642196
130.0,130,821.860714
129.0,129,822.07527
132.0,132,822.300107
132.0,132,822.695148
132.0,132,822.917746
143.0,143,823.157541
138.0,138,823.390783
134.0,134,823.794117
139.0,139,824.024579
138.0,138,824.260393
138.0,138,824.668725
138.0,138,824.90318
138.0,138,825.133138
143.0,143,825.372744
140.0,140,825.779049
139.0,139,826.015054
143.0,143,826.253655
141.0,141,826.492334
148.0,148,826.915641
146.0,146,827.164692
142.0,142,827.403272
153.0,153,827.838554
149.0,149,828.087571
154.0,154,828.34397
153.0,153,828.772162
162.0,162,829.051348
150.0,150,829.304357
160.0,160,829.579251
159.0,159,830.02322
160.0,160,830.294392
157.0,157,830.558765
163.0,163,831.002248
172.0,172,831.292923
169.0,169,831.573186
170.0,170,832.027554
168.0,168,832.306996
170.0,170,832.595402
186.0,186,833.086726
182.0,182,833.396371
178.0,178,833.698517
191.0,191,834.192907
185.0,185,834.502108
184.0,184,834.985568
197.0,197,835.322263
200.0,200,835.660242
200.0,200,836.17137
200.0,200,836.508271
200.0,200,836.846248
200.0,200,837.360019
200.0,200,837.692941
200.0,200,838.200789
200.0,200,838.533064
200.0,200,838.86301
200.0,200,839.371765
200.0,200,839.707774
200.0,200,840.214631
200.0,200,840.551499
200.0,200,840.887004
200.0,200,841.393743
200.0,200,841.730639
200.0,200,842.237849
200.0,200,842.574743
200.0,200,842.913984
200.0,200,843.428572
200.0,200,843.761994
200.0,200,844.096672
200.0,200,844.601215
200.0,200,844.938057
200.0,200,845.448945
200.0,200,845.78915
200.0,200,846.128269
200.0,200,846.639526
200.0,200,846.971334
200.0,200,847.481306
200.0,200,847.813059
200.0,200,848.153692
200.0,200,848.662484
200.0,200,848.994775
200.0,200,849.506063
200.0,200,849.846184
200.0,200,850.183766
200.0,200,850.69456
200.0,200,851.029151
200.0,200,851.536171
200.0,200,851.876082
200.0,200,852.210533
200.0,200,852.719152
200.0,200,853.056412
200.0,200,853.392632
192.0,192,853.888849
200.0,200,854.224763
200.0,200,854.740042
187.0,187,855.054591
197.0,197,855.390563
191.0,191,855.885022
188.0,188,856.205756
197.0,197,856.706364
186.0,186,857.022171
180.0,180,857.32468
185.0,185,857.81522
183.0,183,858.126255
187.0,187,858.440231
179.0,179,858.913525
179.0,179,859.216152
177.0,177,859.513079
178.0,178,859.992798
174.0,174,860.288406
174.0,174,860.579678
171.0,171,861.042559
171.0,171,861.329791
170.0,170,861.61359
158.0,158,862.052329
163.0,163,862.325252
161.0,161,862.599119
156.0,156,863.041722
163.0,163,863.319173
166.0,166,863.598444
154.0,154,864.032381
158.0,158,864.3018
161.0,161,864.57319
163.0,163,865.017023
153.0,153,865.278143
145.0,145,865.522518
154.0,154,865.78197
146.0,146,866.205136
150.0,150,866.456028
149.0,149,866.706831
149.0,149,867.138669
144.0,144,867.382097
147.0,147,867.628966
146.0,146,867.876956
139.0,139,868.287786
142.0,142,868.527323
141.0,141,868.761618
142.0,142,869.170504
139.0,139,869.405715
139.0,139,869.642561
140.0,140,869.875315
142.0,142,870.297308
128.0,128,870.51388
133.0,133,870.735814
133.0,133,870.958316
133.0,133,871.353002
127.0,127,871.568648
136.0,136,871.801118
130.0,130,872.019464
132.0,132,872.420142
129.0,129,872.638549
124.0,124,872.848956
128.0,128,873.060022
126.0,126,873.443758
122.0,122,873.648026
130.0,130,873.866112
126.0,126,874.078275
125.0,125,874.460265
120.0,120,874.661085
126.0,126,874.873312
125.0,125,875.084102
126.0,126,875.47584
116.0,116,875.675122
114.0,114,875.867745
117.0,117,876.06395
116.0,116,876.258468
113.0,113,876.620376
114.0,114,876.812641
113.0,113,877.001631
118.0,118,877.200909
114.0,114,877.570051
107.0,107,877.750369
110.0,110,877.934456
112.0,112,878.121893
109.0,109,878.306575
110.0,110,878.664056
106.0,106,878.841564
111.0,111,879.028385
109.0,109,879.213194
106.0,106,879.567806
102.0,102,879.741094
109.0,109,879.92523
112.0,112,880.113238
108.0,108,880.296363
110.0,110,880.661139
107.0,107,880.840281
100.0,100,881.008097
98.0,98,881.175049
105.0,105,881.35161
105.0,105,881.704128
101.0,101,881.876408
96.0,96,882.041232
103.0,103,882.217458
96.0,96,882.382629
91.0,91,882.711272
96.0,96,882.876946
82.0,82,883.018346
84.0,84,883.162484
96.0,96,883.325451
88.0,88,883.475514
67.0,67,883.76404
67.0,67,883.879471
75.0,75,884.005803
70.0,70,884.126987
63.0,63,884.233868
70.0,70,884.354954
64.0,64,884.465506
70.0,70,884.584943
59.0,59,884.860724
57.0,57,884.958064
56.0,56,885.052624
57.0,57,885.150448
46.0,46,885.230275
59.0,59,885.331865
62.0,62,885.438011
57.0,57,885.534528
47.0,47,885.613637
49.0,49,885.874305
54.0,54,885.965797
56.0,56,886.06214
48.0,48,886.144432
50.0,50,886.23049
50.0,50,886.317164
48.0,48,886.401053
52.0,52,886.490226
45.0,45,886.567391
52.0,52,886.655212
42.0,42,886.897431
50.0,50,886.985039
45.0,45,887.064549
42.0,42,887.137791
37.0,37,887.202765
51.0,51,887.289763
45.0,45,887.367073
42.0,42,887.440077
47.0,47,887.520389
40.0,40,887.588064
44.0,44,887.663474
45.0,45,887.739652
42.0,42,887.983698
42.0,42,888.056605
39.0,39,888.12396
42.0,42,888.195947
38.0,38,888.260721
45.0,45,888.337633
38.0,38,888.404279
42.0,42,888.473004
38.0,38,888.537693
41.0,41,888.607503
33.0,33,888.661668
37.0,37,888.72385
38.0,38,888.787502
39.0,39,889.029257
37.0,37,889.08896
39.0,39,889.156265
39.0,39,889.223817
34.0,34,889.281446
33.0,33,889.338687
40.0,40,889.40795
37.0,37,889.471195
31.0,31,889.524179
31.0,31,889.576575
44.0,44,889.652724
35.0,35,889.712945
42.0,42,889.783014
38.0,38,889.848027
31.0,31,890.072712
35.0,35,890.132996
39.0,39,890.197686
33.0,33,890.254879
37.0,37,890.318323
34.0,34,890.376262
30.0,30,890.427532
34.0,34,890.484819
33.0,33,890.542762
34.0,34,890.599797
37.0,37,890.664841
35.0,35,890.724529
32.0,32,890.777662
35.0,35,890.838688
37.0,37,891.071629
31.0,31,891.128977
32.0,32,891.18186
31.0,31,891.235357
31.0,31,891.288067
28.0,28,891.336834
34.0,34,891.3942
30.0,30,891.445899
26.0,26,891.489768
30.0,30,891.541783
32.0,32,891.595387
36.0,36,891.657086
29.0,29,891.705821
25.0,25,891.74898
30.0,30,891.799677
28.0,28,891.849173
30.0,30,891.901199
30.0,30,892.12537
30.0,30,892.179128
28.0,28,892.227518
27.0,27,892.273437
27.0,27,892.319718
30.0,30,892.372002
27.0,27,892.418438
30.0,30,892.470983
28.0,28,892.518294
31.0,31,892.572069
34.0,34,892.631384
27.0,27,892.676869
28.0,28,892.723537
30.0,30,892.773793
28.0,28,892.821715
27.0,27,892.867195
27.0,27,892.912653
28.0,28,892.962132
25.0,25,893.173514
27.0,27,893.222148
29.0,29,893.271983
34.0,34,893.329708
25.0,25,893.372628
27.0,27,893.418604
26.0,26,893.465153
29.0,29,893.514882
25.0,25,893.558169
25.0,25,893.600185
24.0,24,893.641707
25.0,25,893.684881
27.0,27,893.731617
27.0,27,893.777433
26.0,26,893.822432
25.0,25,893.86564
26.0,26,893.908651
28.0,28,893.956758
29.0,29,894.004852
26.0,26,894.72802
25.0,25,894.776094
25.0,25,894.819446
30.0,30,894.87207
25.0,25,894.91497
24.0,24,894.956213
27.0,27,895.002378
30.0,30,895.054082
28.0,28,895.101532
25.0,25,895.145176
25.0,25,895.187445
25.0,25,895.229651
27.0,27,895.277171
23.0,23,895.316416
23.0,23,895.356702
27.0,27,895.401624
29.0,29,895.451735
27.0,27,895.497161
25.0,25,895.539075
27.0,27,895.584976
27.0,27,895.804959
22.0,22,895.845874
28.0,28,895.893879
29.0,29,895.943792
23.0,23,895.983227
23.0,23,896.021416
24.0,24,896.062876
25.0,25,896.104473
23.0,23,896.144004
27.0,27,896.190667
24.0,24,896.231766
25.0,25,896.27518
25.0,25,896.317033
23.0,23,896.356633
26.0,26,896.400013
24.0,24,896.439984
27.0,27,896.487477
26.0,26,896.53132
27.0,27,896.578783
27.0,27,896.624207
23.0,23,896.835777
23.0,23,896.877784
25.0,25,896.919249
21.0,21,896.955236
25.0,25,896.998127
24.0,24,897.038589
25.0,25,897.081888
26.0,26,897.125574
27.0,27,897.171485
20.0,20,897.204669
20.0,20,897.237171
22.0,22,897.27505
27.0,27,897.319411
24.0,24,897.360373
23.0,23,897.399534
27.0,27,897.444567
20.0,20,897.48236
23.0,23,897.521146
25.0,25,897.565324
22.0,22,897.602489
20.0,20,897.636146
25.0,25,897.680692
25.0,25,897.894403
21.0,21,897.932056
23.0,23,897.97179
23.0,23,898.011887
20.0,20,898.04576
26.0,26,898.091254
20.0,20,898.124529
20.0,20,898.158157
26.0,26,898.20165
26.0,26,898.245092
27.0,27,898.291231
21.0,21,898.326476
20.0,20,898.360278
25.0,25,898.40229
25.0,25,898.443814
26.0,26,898.490384
21.0,21,898.525622
25.0,25,898.568913
23.0,23,898.608777
20.0,20,898.641967
23.0,23,898.681935
22.0,22,898.718333
23.0,23,898.928851
24.0,24,898.974778
22.0,22,899.010898
24.0,24,899.051256
23.0,23,899.0922
24.0,24,899.132028
20.0,20,899.167072
22.0,22,899.20443
21.0,21,899.239494
26.0,26,899.285678
25.0,25,899.326908
21.0,21,899.363289
22.0,22,899.400747
20.0,20,899.433362
21.0,21,899.470109
21.0,21,899.505293
23.0,23,899.544385
22.0,22,899.581648
24.0,24,899.621065
22.0,22,899.658078
23.0,23,899.69667
22.0,22,899.73266
20.0,20,899.76727
24.0,24,899.980232
22.0,22,900.020081
21.0,21,900.055811
22.0,22,900.093796
24.0,24,900.133621
20.0,20,900.168244
22.0,22,900.206181
22.0,22,900.242566
20.0,20,900.277469
20.0,20,900.310725
24.0,24,900.351202
22.0,22,900.388648
18.0,18,900.419459
24.0,24,900.460125
21.0,21,900.497209
20.0,20,900.530239
24.0,24,900.570794
24.0,24,900.611516
20.0,20,900.645043
20.0,20,900.679352
24.0,24,900.72044
19.0,19,900.751892
25.0,25,900.795394
24.0,24,900.834986
23.0,23,901.047892
22.0,22,901.087197
19.0,19,901.119254
18.0,18,901.150224
20.0,20,901.18546
21.0,21,901.219394
23.0,23,901.257461
24.0,24,901.299224
21.0,21,901.334208
20.0,20,901.367216
19.0,19,901.400686
19.0,19,901.432866
21.0,21,901.468198
21.0,21,901.505241
22.0,22,901.542018
22.0,22,901.580264
24.0,24,901.621709
22.0,22,901.658795
20.0,20,901.694149
21.0,21,901.728886
19.0,19,901.761154
22.0,22,901.800157
18.0,18,901.830942
22.0,22,901.868231
23.0,23,902.075685
22.0,22,902.11658
22.0,22,902.153542
22.0,22,902.192652
22.0,22,902.229225
21.0,21,902.264248
20.0,20,902.299669
20.0,20,902.333021
22.0,22,902.369335
18.0,18,902.401164
23.0,23,902.439074
20.0,20,902.472262
20.0,20,902.507505
22.0,22,902.54437
22.0,22,902.581542
22.0,22,902.619342
24.0,24,902.660544
21.0,21,902.697012
23.0,23,902.735708
22.0,22,902.772212
18.0,18,902.804564
22.0,22,902.842024
22.0,22,902.879178
18.0,18,902.910866
21.0,21,903.116972
19.0,19,903.151687
21.0,21,903.187387
19.0,19,903.219584
20.0,20,903.252602
20.0,20,903.28676
19.0,19,903.319339
21.0,21,903.353298
17.0,17,903.380305
20.0,20,903.415118
19.0,19,903.445652
20.0,20,903.478354
21.0,21,903.515336
19.0,19,903.546597
21.0,21,903.580736
17.0,17,903.609748
18.0,18,903.639209
20.0,20,903.671928
18.0,18,903.702228
20.0,20,903.734491
22.0,22,903.770859
21.0,21,903.806051
21.0,21,903.840426
20.0,20,903.873771
20.0,20,903.90794
20.0,20,903.941428
19.0,19,904.142783
20.0,20,904.17785
18.0,18,904.209901
19.0,19,904.240716
21.0,21,904.274999
20.0,20,904.309823
19.0,19,904.341094
17.0,17,904.368845
17.0,17,904.398305
21.0,21,904.433627
20.0,20,904.467088
19.0,19,904.500188
19.0,19,904.531936
22.0,22,904.567854
19.0,19,904.600857
22.0,22,904.636643
19.0,19,904.668369
22.0,22,904.705888
19.0,19,904.73774
19.0,19,904.770193
22.0,22,904.808559
20.0,20,904.841701
19.0,19,904.873828
22.0,22,904.9114
17.0,17,904.94015
19.0,19,904.971825
22.0,22,905.178733
19.0,19,905.213841
17.0,17,905.242351
21.0,21,905.277102
18.0,18,905.308384
19.0,19,905.340693
17.0,17,905.369344
21.0,21,905.404811
21.0,21,905.438535
19.0,19,905.469137
19.0,19,905.501539
20.0,20,905.535961
19.0,19,905.567485
20.0,20,905.601322
17.0,17,905.63048
17.0,17,905.661839
19.0,19,905.6947
19.0,19,905.727982
17.0,17,905.756577
22.0,22,905.792332
20.0,20,905.827681
20.0,20,905.86085
21.0,21,905.895373
21.0,21,905.932207
19.0,19,905.964238
19.0,19,905.994725
22.0,22,906.032311
20.0,20,906.235155
18.0,18,906.264046
19.0,19,906.294592
18.0,18,906.325552
20.0,20,906.3585
19.0,19,906.394161
17.0,17,906.423676
17.0,17,906.451931
19.0,19,906.482877
19.0,19,906.516017
20.0,20,906.548984
21.0,21,906.583165
18.0,18,906.613882
17.0,17,906.641482
19.0,19,906.672056
19.0,19,906.703134
19.0,19,906.735551
21.0,21,906.770059
21.0,21,906.804455
21.0,21,906.840351
17.0,17,906.868571
20.0,20,906.901531
18.0,18,906.932526
20.0,20,906.96554
18.0,18,906.995418
21.0,21,907.032092
19.0,19,907.235319
20.0,20,907.27343
17.0,17,907.301632
17.0,17,907.330463
18.0,18,907.359777
17.0,17,907.387553
16.0,16,907.414336
19.0,19,907.446341
20.0,20,907.478521
19.0,19,907.50916
16.0,16,907.536689
20.0,20,907.569443
17.0,17,907.597102
19.0,19,907.629972
19.0,19,907.66118
19.0,19,907.69276
17.0,17,907.720932
19.0,19,907.753824
19.0,19,907.785464
17.0,17,907.813362
21.0,21,907.850214
16.0,16,907.877383
19.0,19,907.909626
18.0,18,907.940788
19.0,19,907.97194
19.0,19,908.00324
17.0,17,908.032736
19.0,19,908.064461
17.0,17,908.265321
18.0,18,908.298743
16.0,16,908.326271
18.0,18,908.357593
15.0,15,908.382231
18.0,18,908.412178
20.0,20,908.447337
16.0,16,908.474564
15.0,15,908.499534
17.0,17,908.53029
17.0,17,908.558267
18.0,18,908.587322
17.0,17,908.61546
19.0,19,908.648015
16.0,16,908.674321
15.0,15,908.698564
18.0,18,908.729868
19.0,19,908.760928
17.0,17,908.788818
16.0,16,908.814852
21.0,21,908.851247
17.0,17,908.879233
18.0,18,908.908782
18.0,18,908.94097
17.0,17,908.969825
20.0,20,909.003233
16.0,16,909.030655
19.0,19,909.061743
19.0,19,909.093043
19.0,19,909.124225
19.0,19,909.327585
15.0,15,909.353886
20.0,20,909.386553
21.0,21,909.420944
16.0,16,909.449746
19.0,19,909.481433
18.0,18,909.511142
18.0,18,909.542592
15.0,15,909.56803
18.0,18,909.597288
16.0,16,909.623576
17.0,17,909.653287
20.0,20,909.686553
19.0,19,909.71811
16.0,16,909.746359
18.0,18,909.775819
16.0,16,909.801942
19.0,19,909.834445
15.0,15,909.859699
18.0,18,909.889609
17.0,17,909.918164
17.0,17,909.947474
18.0,18,909.977793
18.0,18,910.007468
17.0,17,910.036137
19.0,19,910.066499
17.0,17,910.094051
18.0,18,910.123919
17.0,17,910.153056
17.0,17,910.354396
16.0,16,910.382887
19.0,19,910.414178
18.0,18,910.445336
17.0,17,910.473604
16.0,16,910.499675
18.0,18,910.528656
19.0,19,910.562135
18.0,18,910.592003
16.0,16,910.618576
16.0,16,910.646197
20.0,20,910.679249
17.0,17,910.712264
17.0,17,910.741159
18.0,18,910.772207
14.0,14,910.795927
15.0,15,910.820877
16.0,16,910.848921
16.0,16,910.876088
16.0,16,910.903285
16.0,16,910.92989
17.0,17,910.959996
18.0,18,910.98997
16.0,16,911.017089
15.0,15,911.043155
17.0,17,911.07232
18.0,18,911.102937
17.0,17,911.130562
18.0,18,911.161797
19.0,19,911.193586
16.0,16,911.391144
17.0,17,911.422169
16.0,16,911.450535
17.0,17,911.478591
17.0,17,911.506976
16.0,16,911.534269
20.0,20,911.570078
15.0,15,911.594679
16.0,16,911.620852
18.0,18,911.652642
16.0,16,911.679085
18.0,18,911.708005
18.0,18,911.737595
15.0,15,911.764165
18.0,18,911.794028
17.0,17,911.82208
16.0,16,911.850426
19.0,19,911.881711
18.0,18,911.910868
15.0,15,911.935731
18.0,18,911.967429
14.0,14,911.990813
16.0,16,912.017419
16.0,16,912.043934
18.0,18,912.074832
14.0,14,912.098603
18.0,18,912.128126
18.0,18,912.158525
17.0,17,912.187204
17.0,17,912.214307
15.0,15,912.40956
18.0,18,912.441882
17.0,17,912.472149
16.0,16,912.49842
14.0,14,912.521741
16.0,16,912.548779
18.0,18,912.580652
17.0,17,912.608335
16.0,16,912.634089
18.0,18,912.664988
16.0,16,912.69117
17.0,17,912.719159
16.0,16,912.745533
14.0,14,912.770014
15.0,15,912.795068
16.0,16,912.821783
15.0,15,912.845663
17.0,17,912.874397
16.0,16,912.900582
18.0,18,912.929688
17.0,17,912.959296
16.0,16,912.986486
18.0,18,913.016142
14.0,14,913.038917
16.0,16,913.066738
14.0,14,913.090029
17.0,17,913.118114
18.0,18,913.148017
14.0,14,913.172516
18.0,18,913.202255
17.0,17,913.230832
14.0,14,913.253996
14.0,14,913.447759
14.0,14,913.473535
16.0,16,913.500363
16.0,16,913.526778
16.0,16,913.552839
16.0,16,913.580463
15.0,15,913.605065
15.0,15,913.629661
15.0,15,913.654354
15.0,15,913.680208
18.0,18,913.710431
17.0,17,913.739444
13.0,13,913.76279
18.0,18,913.792085
15.0,15,913.817116
15.0,15,913.84222
14.0,14,913.866694
16.0,16,913.892938
17.0,17,913.923855
17.0,17,913.952499
16.0,16,913.980196
15.0,15,914.005158
16.0,16,914.031991
14.0,14,914.055069
15.0,15,914.080943
17.0,17,914.109238
17.0,17,914.137124
17.0,17,914.167681
15.0,15,914.192066
15.0,15,914.216739
16.0,16,914.242775
15.0,15,914.269146
18.0,18,914.299356
16.0,16,914.498109
14.0,14,914.522272
16.0,16,914.54809
15.0,15,914.573638
15.0,15,914.599641
14.0,14,914.623437
15.0,15,914.648172
17.0,17,914.677606
16.0,16,914.704412
15.0,15,914.729452
16.0,16,914.756
16.0,16,914.784034
18.0,18,914.813978
18.0,18,914.844058
16.0,16,914.871419
14.0,14,914.89491
16.0,16,914.921541
15.0,15,914.946277
15.0,15,914.972764
16.0,16,915.000039
18.0,18,915.030104
16.0,16,915.056974
14.0,14,915.081869
13.0,13,915.103914
14.0,14,915.127036
16.0,16,915.153525
15.0,15,915.180116
15.0,15,915.205241
15.0,15,915.2302
14.0,14,915.253528
15.0,15,915.28003
16.0,16,915.306529
15.0,15,915.331212
16.0,16,915.529047
13.0,13,915.552655
12.0,12,915.573651
14.0,14,915.598208
14.0,14,915.620834
14.0,14,915.643702
16.0,16,915.670477
14.0,14,915.695136
13.0,13,915.716594
16.0,16,915.743022
17.0,17,915.773161
17.0,17,915.801643
17.0,17,915.829655
16.0,16,915.856173
15.0,15,915.881833
13.0,13,915.90378
14.0,14,915.926758
15.0,15,915.951592
13.0,13,915.973197
14.0,14,915.99673
16.0,16,916.022491
15.0,15,916.046471
13.0,13,916.067172
16.0,16,916.094553
15.0,15,916.119383
14.0,14,916.143337
14.0,14,916.165613
13.0,13,916.187793
13.0,13,916.209522
15.0,15,916.234034
11.0,11,916.252316
16.0,16,916.280188
16.0,16,916.307307
14.0,14,916.330373
17.0,17,916.358544
15.0,15,916.554702
16.0,16,916.584547
16.0,16,916.611153
17.0,17,916.639673
15.0,15,916.664184
14.0,14,916.688864
17.0,17,916.717756
14.0,14,916.741782
15.0,15,916.766698
14.0,14,916.791421
14.0,14,916.815148
11.0,11,916.833796
14.0,14,916.857666
15.0,15,916.884014
14.0,14,916.907644
14.0,14,916.931557
12.0,12,916.951808
15.0,15,916.977238
15.0,15,917.003773
13.0,13,917.025036
14.0,14,917.048542
17.0,17,917.077147
14.0,14,917.10169
16.0,16,917.128481
13.0,13,917.150222
14.0,14,917.173503
13.0,13,917.196144
12.0,12,917.21608
15.0,15,917.24085
15.0,15,917.265525
15.0,15,917.291488
14.0,14,917.315306
14.0,14,917.339764
13.0,13,917.360951
15.0,15,917.386964
13.0,13,917.409021
15.0,15,917.60669
14.0,14,917.631555
15.0,15,917.656277
16.0,16,917.682859
16.0,16,917.710881
14.0,14,917.734148
15.0,15,917.759156
15.0,15,917.784762
13.0,13,917.807308
14.0,14,917.830496
16.0,16,917.85676
14.0,14,917.879452
12.0,12,917.901182
11.0,11,917.918882
13.0,13,917.940675
15.0,15,917.965307
13.0,13,917.987821
14.0,14,918.012021
13.0,13,918.032697
17.0,17,918.061411
14.0,14,918.084682
12.0,12,918.106281
15.0,15,918.131334
13.0,13,918.153223
15.0,15,918.178079
15.0,15,918.204202
14.0,14,918.228466
15.0,15,918.253783
12.0,12,918.27368
12.0,12,918.295098
14.0,14,918.318563
14.0,14,918.341646
12.0,12,918.361416
14.0,14,918.384319
16.0,16,918.411804
11.0,11,918.429809
14.0,14,918.623596
12.0,12,918.645408
12.0,12,918.665757
15.0,15,918.691594
12.0,12,918.712159
15.0,15,918.73708
13.0,13,918.759139
13.0,13,918.780009
12.0,12,918.801229
13.0,13,918.822723
14.0,14,918.845678
13.0,13,918.867537
15.0,15,918.893322
14.0,14,918.916483
14.0,14,918.93929
14.0,14,918.962479
16.0,16,918.989252
13.0,13,919.012455
15.0,15,919.037124
11.0,11,919.055358
14.0,14,919.078205
13.0,13,919.101404
13.0,13,919.122926
12.0,12,919.143277
11.0,11,919.161431
13.0,13,919.182685
15.0,15,919.208948
15.0,15,919.233589
13.0,13,919.25485
11.0,11,919.27286
15.0,15,919.29837
13.0,13,919.319622
12.0,12,919.338819
13.0,13,919.359872
14.0,14,919.382283
17.0,17,919.411413
13.0,13,919.433024
14.0,14,919.455985
13.0,13,919.647024
14.0,14,919.672042
14.0,14,919.696496
14.0,14,919.720717
15.0,15,919.746293
15.0,15,919.770948
11.0,11,919.789031
14.0,14,919.81419
15.0,15,919.839327
11.0,11,919.857707
14.0,14,919.88106
14.0,14,919.905351
15.0,15,919.93129
12.0,12,919.950706
13.0,13,919.972024
14.0,14,919.995417
15.0,15,920.021135
15.0,15,920.045515
11.0,11,920.063497
12.0,12,920.083736
12.0,12,920.104318
12.0,12,920.124326
14.0,14,920.147585
12.0,12,920.167093
12.0,12,920.186545
13.0,13,920.211061
14.0,14,920.233932
11.0,11,920.252271
13.0,13,920.273784
12.0,12,920.293562
14.0,14,920.317677
13.0,13,920.340041
14.0,14,920.36311
14.0,14,920.386577
12.0,12,920.407609
13.0,13,920.429621
12.0,12,920.450053
15.0,15,920.474584
12.0,12,920.494517
12.0,12,920.687307
13.0,13,920.713389
14.0,14,920.73631
13.0,13,920.758795
12.0,12,920.779393
11.0,11,920.797858
11.0,11,920.81757
14.0,14,920.840315
11.0,11,920.85848
12.0,12,920.878679
11.0,11,920.897009
12.0,12,920.918663
14.0,14,920.942779
12.0,12,920.96212
11.0,11,920.980994
13.0,13,921.003586
14.0,14,921.027606
12.0,12,921.04911
14.0,14,921.07265
12.0,12,921.092748
12.0,12,921.11465
11.0,11,921.132422
13.0,13,921.15396
13.0,13,921.175514
14.0,14,921.198651
10.0,10,921.215912
13.0,13,921.237835
14.0,14,921.260434
13.0,13,921.281687
11.0,11,921.299851
12.0,12,921.320668
11.0,11,921.338964
13.0,13,921.360015
13.0,13,921.381429
12.0,12,921.401386
13.0,13,921.423352
14.0,14,921.44568
14.0,14,921.468761
14.0,14,921.491957
13.0,13,921.514506
12.0,12,921.534036
12.0,12,921.725753
12.0,12,921.748243
12.0,12,921.769436
13.0,13,921.791138
14.0,14,921.816198
13.0,13,921.838172
13.0,13,921.860074
12.0,12,921.880104
12.0,12,921.900151
12.0,12,921.92204
12.0,12,921.941727
15.0,15,921.967248
10.0,10,921.983723
13.0,13,922.00556
14.0,14,922.029736
11.0,11,922.047986
13.0,13,922.069493
11.0,11,922.087734
12.0,12,922.10858
14.0,14,922.132326
13.0,13,922.154608
11.0,11,922.172849
12.0,12,922.192326
11.0,11,922.211659
10.0,10,922.228025
12.0,12,922.248043
12.0,12,922.267886
11.0,11,922.285503
13.0,13,922.307894
13.0,13,922.330168
13.0,13,922.352305
12.0,12,922.372725
11.0,11,922.390866
11.0,11,922.410009
13.0,13,922.432074
10.0,10,922.448901
12.0,12,922.46885
13.0,13,922.490463
11.0,11,922.509547
13.0,13,922.531614
10.0,10,922.548243
12.0,12,922.568857
11.0,11,922.759326
11.0,11,922.778879
12.0,12,922.80075
10.0,10,922.819172
12.0,12,922.838544
10.0,10,922.856136
10.0,10,922.872395
12.0,12,922.892101
10.0,10,922.90913
12.0,12,922.930369
12.0,12,922.950053
11.0,11,922.968248
11.0,11,922.986259
11.0,11,923.004071
11.0,11,923.022862
12.0,12,923.043098
10.0,10,923.059875
11.0,11,923.078266
11.0,11,923.096466
10.0,10,923.11387
10.0,10,923.130805
10.0,10,923.147176
12.0,12,923.16655
12.0,12,923.185871
13.0,13,923.207438
12.0,12,923.228497
10.0,10,923.245487
12.0,12,923.265124
11.0,11,923.283495
10.0,10,923.299745
12.0,12,923.320436
10.0,10,923.337741
11.0,11,923.356632
13.0,13,923.377803
10.0,10,923.394564
13.0,13,923.416898
12.0,12,923.437519
11.0,11,923.455993
10.0,10,923.472582
10.0,10,923.489188
11.0,11,923.507439
10.0,10,923.525185
11.0,11,923.543875
11.0,11,923.562006
12.0,12,923.582346
12.0,12,923.60226
12.0,12,923.791987
10.0,10,923.810463
11.0,11,923.831896
11.0,11,923.851713
11.0,11,923.871297
10.0,10,923.889346
10.0,10,923.905965
11.0,11,923.926039
11.0,11,923.946687
11.0,11,923.96501
11.0,11,923.983476
12.0,12,924.0038
10.0,10,924.02282
10.0,10,924.040015
11.0,11,924.0582
10.0,10,924.074816
11.0,11,924.093079
11.0,11,924.111234
11.0,11,924.131123
10.0,10,924.147101
10.0,10,924.164037
10.0,10,924.180737
12.0,12,924.200439
10.0,10,924.217318
11.0,11,924.237298
12.0,12,924.257319
12.0,12,924.277368
10.0,10,924.29413
11.0,11,924.312827
12.0,12,924.333585
11.0,11,924.351773
12.0,12,924.37198
10.0,10,924.388888
10.0,10,924.405623
12.0,12,924.427474
11.0,11,924.446091
12.0,12,924.466497
10.0,10,924.482752
11.0,11,924.500418
11.0,11,924.517891
10.0,10,924.53553
9.0,9,924.551009
10.0,10,924.567564
9.0,9,924.582484
11.0,11,924.600757
9.0,9,924.615924
12.0,12,924.637556
12.0,12,924.657142
10.0,10,924.844066
10.0,10,924.861699
9.0,9,924.878388
11.0,11,924.896987
9.0,9,924.912248
10.0,10,924.930581
9.0,9,924.9458
9.0,9,924.960813
9.0,9,924.97587
9.0,9,924.991001
9.0,9,925.005889
9.0,9,925.020856
11.0,11,925.041141
10.0,10,925.057515
8.0,8,925.07064
10.0,10,925.087363
9.0,9,925.102206
9.0,9,925.11727
9.0,9,925.133637
9.0,9,925.149158
10.0,10,925.165991
11.0,11,925.18428
10.0,10,925.200595
9.0,9,925.216141
9.0,9,925.233057
11.0,11,925.251295
10.0,10,925.267315
11.0,11,925.285547
9.0,9,925.300441
11.0,11,925.318861
9.0,9,925.335368
11.0,11,925.35358
10.0,10,925.370446
10.0,10,925.386635
10.0,10,925.403348
10.0,10,925.419743
11.0,11,925.438772
9.0,9,925.453661
9.0,9,925.468582
9.0,9,925.483464
10.0,10,925.500155
11.0,11,925.518122
10.0,10,925.535891
9.0,9,925.551022
10.0,10,925.56777
10.0,10,925.584532
11.0,11,925.602664
10.0,10,925.619498
11.0,11,925.63875
9.0,9,925.654262
10.0,10,925.670979
11.0,11,925.689535
10.0,10,925.877019
9.0,9,925.894124
9.0,9,925.911567
8.0,8,925.924643
10.0,10,925.943065
10.0,10,925.959994
10.0,10,925.976432
10.0,10,925.992547
10.0,10,926.00915
10.0,10,926.025958
10.0,10,926.044396
10.0,10,926.060994
10.0,10,926.076999
9.0,9,926.092117
10.0,10,926.108857
9.0,9,926.123925
9.0,9,926.140058
10.0,10,926.157159
10.0,10,926.173956
9.0,9,926.189208
10.0,10,926.205385
9.0,9,926.220267
9.0,9,926.236013
9.0,9,926.25126
10.0,10,926.268155
10.0,10,926.28484
9.0,9,926.299782
9.0,9,926.314599
9.0,9,926.330732
10.0,10,926.348789
10.0,10,926.365556
8.0,8,926.37893
9.0,9,926.393766
9.0,9,926.408627
10.0,10,926.425397
10.0,10,926.443287
9.0,9,926.458693
9.0,9,926.47345
9.0,9,926.488642
10.0,10,926.505217
11.0,11,926.523678
10.0,10,926.541663
10.0,10,926.558795
10.0,10,926.575654
9.0,9,926.590737
11.0,11,926.609067
9.0,9,926.624156
10.0,10,926.642377
10.0,10,926.659285
9.0,9,926.67398
9.0,9,926.689008
8.0,8,926.702419
10.0,10,926.719336
11.0,11,926.73892
9.0,9,926.922611
10.0,10,926.942178
10.0,10,926.961419
10.0,10,926.978492
10.0,10,926.995295
10.0,10,927.011797
9.0,9,927.026994
9.0,9,927.0445
9.0,9,927.059553
10.0,10,927.076046
8.0,8,927.089171
8.0,8,927.102431
9.0,9,927.117338
10.0,10,927.134942
8.0,8,927.148671
9.0,9,927.16364
9.0,9,927.179097
9.0,9,927.194304
10.0,10,927.210883
9.0,9,927.226096
10.0,10,927.244063
10.0,10,927.260864
11.0,11,927.279198
9.0,9,927.293952
9.0,9,927.309148
10.0,10,927.325639
9.0,9,927.341899
9.0,9,927.35744
9.0,9,927.372812
9.0,9,927.388079
9.0,9,927.403072
10.0,10,927.419271
10.0,10,927.436897
10.0,10,927.454224
10.0,10,927.470433
9.0,9,927.485191
9.0,9,927.500036
9.0,9,927.514863
10.0,10,927.531457
8.0,8,927.546103
10.0,10,927.562695
9.0,9,927.577576
9.0,9,927.592689
9.0,9,927.607628
9.0,9,927.622395
10.0,10,927.640135
10.0,10,927.657163
8.0,8,927.670561
10.0,10,927.687327
10.0,10,927.70385
10.0,10,927.720604
10.0,10,927.737734
9.0,9,927.75354
9.0,9,927.769011
9.0,9,927.7839
9.0,9,927.969064
8.0,8,927.984479
9.0,9,928.000453
9.0,9,928.016058
9.0,9,928.03064
9.0,9,928.046878
10.0,10,928.06401
9.0,9,928.079083
10.0,10,928.095749
10.0,10,928.112643
9.0,9,928.127925
10.0,10,928.146443
8.0,8,928.160269
9.0,9,928.175445
11.0,11,928.193716
10.0,10,928.210506
10.0,10,928.2287
9.0,9,928.245696
9.0,9,928.260745
10.0,10,928.277302
10.0,10,928.294243
8.0,8,928.307678
9.0,9,928.323027
10.0,10,928.340573
10.0,10,928.357508
9.0,9,928.372674
10.0,10,928.389314
9.0,9,928.404471
10.0,10,928.421067
10.0,10,928.439087
8.0,8,928.452725
10.0,10,928.469274
10.0,10,928.485809
9.0,9,928.50094
9.0,9,928.515743
9.0,9,928.530579
10.0,10,928.548537
8.0,8,928.562111
9.0,9,928.577193
9.0,9,928.592005
8.0,8,928.605227
8.0,8,928.618403
9.0,9,928.633471
9.0,9,928.649708
10.0,10,928.666554
10.0,10,928.683367
8.0,8,928.696687
9.0,9,928.711343
9.0,9,928.72618
8.0,8,928.741476
10.0,10,928.759053
10.0,10,928.775365
9.0,9,928.790432
10.0,10,928.807225
10.0,10,928.823879
9.0,9,929.011825
10.0,10,929.031155
10.0,10,929.050187
8.0,8,929.064798
10.0,10,929.082294
10.0,10,929.099526
8.0,8,929.113488
8.0,8,929.128312
9.0,9,929.144083
9.0,9,929.159961
10.0,10,929.17712
8.0,8,929.190572
8.0,8,929.204067
10.0,10,929.221306
10.0,10,929.238718
9.0,9,929.25509
9.0,9,929.270048
11.0,11,929.287982
10.0,10,929.304429
9.0,9,929.319143
9.0,9,929.334308
9.0,9,929.351269
9.0,9,929.367229
10.0,10,929.383833
10.0,10,929.40021
10.0,10,929.416618
9.0,9,929.431363
9.0,9,929.447001
10.0,10,929.464309
9.0,9,929.479176
9.0,9,929.493656
9.0,9,929.508513
9.0,9,929.52335
9.0,9,929.538286
9.0,9,929.554087
10.0,10,929.571275
10.0,10,929.587958
9.0,9,929.602651
10.0,10,929.6192
9.0,9,929.634227
10.0,10,929.651835
10.0,10,929.668587
10.0,10,929.68488
9.0,9,929.699379
8.0,8,929.712856
8.0,8,929.726003
9.0,9,929.741064
10.0,10,929.759554
10.0,10,929.776474
10.0,10,929.793267
9.0,9,929.808101
9.0,9,929.823142
10.0,10,929.839914
10.0,10,929.85803
8.0,8,929.871537
10.0,10,930.060635
9.0,9,930.077677
10.0,10,930.094911
10.0,10,930.111543
10.0,10,930.128136
10.0,10,930.144772
9.0,9,930.161278
8.0,8,930.17458
9.0,9,930.189285
9.0,9,930.204189
9.0,9,930.219248
10.0,10,930.235951
8.0,8,930.248936
10.0,10,930.267423
8.0,8,930.280648
9.0,9,930.295361
10.0,10,930.311772
10.0,10,930.328579
10.0,10,930.345199
10.0,10,930.363007
8.0,8,930.376145
8.0,8,930.389397
8.0,8,930.402784
10.0,10,930.418875
8.0,8,930.431555
10.0,10,930.447785
10.0,10,930.46567
9.0,9,930.480881
9.0,9,930.496048
10.0,10,930.512881
10.0,10,930.529516
10.0,10,930.547325
9.0,9,930.564037
9.0,9,930.579146
9.0,9,930.593919
9.0,9,930.608771
11.0,11,930.626338
9.0,9,930.64072
10.0,10,930.660457
10.0,10,930.677365
10.0,10,930.69423
9.0,9,930.709016
10.0,10,930.725625
9.0,9,930.740879
10.0,10,930.7585
9.0,9,930.773302
9.0,9,930.788641
9.0,9,930.803796
9.0,9,930.818872
10.0,10,930.835878
10.0,10,930.852866
10.0,10,930.870881
9.0,9,930.886097
9.0,9,930.901443
11.0,11,931.089822
10.0,10,931.107195
10.0,10,931.125635
10.0,10,931.142575
10.0,10,931.161997
10.0,10,931.179658
8.0,8,931.192868
10.0,10,931.209567
9.0,9,931.224614
9.0,9,931.23978
9.0,9,931.255352
9.0,9,931.271477
9.0,9,931.286152
10.0,10,931.302701
10.0,10,931.319424
9.0,9,931.334622
10.0,10,931.351223
10.0,10,931.369077
9.0,9,931.383945
11.0,11,931.401752
10.0,10,931.418697
8.0,8,931.432062
9.0,9,931.447073
11.0,11,931.466467
10.0,10,931.483233
11.0,11,931.501093
8.0,8,931.514527
9.0,9,931.529568
10.0,10,931.545984
8.0,8,931.560011
9.0,9,931.575672
9.0,9,931.591013
10.0,10,931.6076
8.0,8,931.621081
10.0,10,931.637829
10.0,10,931.654996
10.0,10,931.673493
9.0,9,931.688291
10.0,10,931.704275
10.0,10,931.720406
9.0,9,931.735573
10.0,10,931.753012
9.0,9,931.769137
9.0,9,931.785461
9.0,9,931.800346
10.0,10,931.816727
8.0,8,931.829726
9.0,9,931.844447
8.0,8,931.857728
10.0,10,931.876064
9.0,9,931.890492
8.0,8,931.903292
9.0,9,931.918407
9.0,9,931.933588
9.0,9,931.94876
8.0,8,932.132618
10.0,10,932.150393
9.0,9,932.168024
9.0,9,932.183779
11.0,11,932.201584
10.0,10,932.218343
10.0,10,932.235063
9.0,9,932.250076
9.0,9,932.266187
10.0,10,932.28396
10.0,10,932.300383
10.0,10,932.317115
10.0,10,932.333844
10.0,10,932.350713
9.0,9,932.366554
10.0,10,932.383575
9.0,9,932.398254
10.0,10,932.414518
9.0,9,932.429066
9.0,9,932.443911
8.0,8,932.457076
10.0,10,932.47478
10.0,10,932.491709
11.0,11,932.510181
8.0,8,932.523431
9.0,9,932.538287
8.0,8,932.551467
11.0,11,932.571595
11.0,11,932.590186
9.0,9,932.605084
10.0,10,932.621436
9.0,9,932.636302
10.0,10,932.653457
9.0,9,932.671158
9.0,9,932.686452
9.0,9,932.701355
9.0,9,932.715975
10.0,10,932.732057
10.0,10,932.748468
10.0,10,932.765989
10.0,10,932.783284
10.0,10,932.800014
10.0,10,932.816612
10.0,10,932.833488
9.0,9,932.848727
9.0,9,932.86406
10.0,10,932.882059
10.0,10,932.899001
8.0,8,932.912337
9.0,9,932.927738
10.0,10,932.94519
9.0,9,932.959949
10.0,10,932.978225
9.0,9,932.993506
10.0,10,933.181802
10.0,10,933.20026
8.0,8,933.215205
10.0,10,933.232197
9.0,9,933.247464
10.0,10,933.264179
11.0,11,933.28411
8.0,8,933.297222
10.0,10,933.313783
9.0,9,933.329078
11.0,11,933.347492
11.0,11,933.365604
9.0,9,933.3822
9.0,9,933.397128
10.0,10,933.413692
9.0,9,933.428461
9.0,9,933.443266
10.0,10,933.460311
10.0,10,933.478397
11.0,11,933.497128
9.0,9,933.512186
10.0,10,933.528786
9.0,9,933.544226
10.0,10,933.561162
10.0,10,933.579483
9.0,9,933.594954
9.0,9,933.610049
8.0,8,933.623655
8.0,8,933.637225
10.0,10,933.654122
10.0,10,933.671334
9.0,9,933.687502
9.0,9,933.702675
10.0,10,933.719448
8.0,8,933.732995
9.0,9,933.748072
9.0,9,933.764404
9.0,9,933.780498
8.0,8,933.793676
10.0,10,933.810234
11.0,11,933.828371
10.0,10,933.845058
9.0,9,933.860091
9.0,9,933.876231
10.0,10,933.893267
10.0,10,933.910422
10.0,10,933.927348
9.0,9,933.942626
9.0,9,933.957759
9.0,9,933.97343
9.0,9,933.989671
9.0,9,934.004931
9.0,9,934.020102
9.0,9,934.035618
8.0,8,934.22175
8.0,8,934.235728
9.0,9,934.252422
10.0,10,934.269454
9.0,9,934.28564
9.0,9,934.301779
8.0,8,934.315157
9.0,9,934.330126
9.0,9,934.345251
9.0,9,934.360211
8.0,8,934.374128
9.0,9,934.390745
10.0,10,934.407575
8.0,8,934.421129
9.0,9,934.436362
10.0,10,934.452905
9.0,9,934.467945
9.0,9,934.483874
9.0,9,934.499651
10.0,10,934.516075
9.0,9,934.531103
9.0,9,934.546159
10.0,10,934.563058
9.0,9,934.579203
9.0,9,934.594559
9.0,9,934.609801
9.0,9,934.624878
9.0,9,934.640007
8.0,8,934.653469
9.0,9,934.668554
9.0,9,934.684978
10.0,10,934.702298
9.0,9,934.717431
11.0,11,934.735888
9.0,9,934.7515
10.0,10,934.768291
10.0,10,934.78656
10.0,10,934.803706
10.0,10,934.82048
9.0,9,934.835402
10.0,10,934.85283
10.0,10,934.869613
8.0,8,934.883829
8.0,8,934.897563
9.0,9,934.912047
10.0,10,934.928186
9.0,9,934.94321
9.0,9,934.95812
9.0,9,934.973083
10.0,10,934.991162
10.0,10,935.007627
9.0,9,935.022717
9.0,9,935.037848
10.0,10,935.0543
10.0,10,935.070986
11.0,11,935.09121
10.0,10,935.278189
10.0,10,935.296265
10.0,10,935.313715
10.0,10,935.330682
9.0,9,935.346377
10.0,10,935.363414
10.0,10,935.380647
10.0,10,935.397596
8.0,8,935.411228
10.0,10,935.427542
10.0,10,935.444097
10.0,10,935.460698
10.0,10,935.477735
10.0,10,935.496073
10.0,10,935.51248
8.0,8,935.525715
9.0,9,935.540907
10.0,10,935.557541
10.0,10,935.573874
9.0,9,935.590703
9.0,9,935.606088
10.0,10,935.622782
10.0,10,935.639339
10.0,10,935.655866
9.0,9,935.670634
9.0,9,935.688431
8.0,8,935.702328
10.0,10,935.719131
9.0,9,935.733901
9.0,9,935.748669
8.0,8,935.761987
10.0,10,935.7791
10.0,10,935.797083
9.0,9,935.811865
10.0,10,935.827969
9.0,9,935.842456
11.0,11,935.860394
9.0,9,935.875417
9.0,9,935.891529
10.0,10,935.908431
9.0,9,935.923416
8.0,8,935.936855
9.0,9,935.953167
9.0,9,935.968008
9.0,9,935.983758
10.0,10,936.001686
10.0,10,936.018572
9.0,9,936.033612
10.0,10,936.05045
9.0,9,936.065607
10.0,10,936.082765
9.0,9,936.09957
8.0,8,936.112873
8.0,8,936.12604
8.0,8,936.312713
9.0,9,936.329073
10.0,10,936.347769
8.0,8,936.361554
10.0,10,936.378249
9.0,9,936.395237
9.0,9,936.410563
9.0,9,936.425626
10.0,10,936.442561
8.0,8,936.456193
10.0,10,936.473079
10.0,10,936.491441
8.0,8,936.504762
10.0,10,936.52122
8.0,8,936.534878
10.0,10,936.553234
11.0,11,936.571815
9.0,9,936.587472
8.0,8,936.600787
9.0,9,936.615223
9.0,9,936.629981
10.0,10,936.646761
8.0,8,936.660015
9.0,9,936.674969
9.0,9,936.691349
9.0,9,936.706584
10.0,10,936.723282
9.0,9,936.738156
9.0,9,936.753414
8.0,8,936.766872
9.0,9,936.782053
10.0,10,936.80027
9.0,9,936.815234
10.0,10,936.831673
10.0,10,936.848478
9.0,9,936.863337
10.0,10,936.880427
8.0,8,936.895329
10.0,10,936.911755
8.0,8,936.924802
10.0,10,936.941556
10.0,10,936.958235
9.0,9,936.973127
10.0,10,936.990776
8.0,8,937.004253
9.0,9,937.019053
9.0,9,937.03356
9.0,9,937.048379
9.0,9,937.063326
9.0,9,937.078116
9.0,9,937.093622
10.0,10,937.110578
9.0,9,937.125664
9.0,9,937.140645
10.0,10,937.157763
11.0,11,937.175982
8.0,8,937.360811
9.0,9,937.377233
9.0,9,937.39382
10.0,10,937.411547
9.0,9,937.426363
10.0,10,937.442791
10.0,10,937.459633
8.0,8,937.473141
9.0,9,937.488391
9.0,9,937.504992
9.0,9,937.520438
10.0,10,937.537304
8.0,8,937.550911
10.0,10,937.567888
10.0,10,937.584983
10.0,10,937.602697
9.0,9,937.617748
8.0,8,937.631033
8.0,8,937.644215
9.0,9,937.659158
10.0,10,937.675853
8.0,8,937.688981
10.0,10,937.707591
8.0,8,937.721189
9.0,9,937.736592
8.0,8,937.750282
9.0,9,937.766563
10.0,10,937.783552
9.0,9,937.799495
10.0,10,937.816621
9.0,9,937.831681
10.0,10,937.84866
9.0,9,937.863801
10.0,10,937.880878
9.0,9,937.896305
9.0,9,937.911777
9.0,9,937.92686
10.0,10,937.942937
9.0,9,937.957597
9.0,9,937.972155
11.0,11,937.99048
8.0,8,938.004889
10.0,10,938.021724
10.0,10,938.038123
10.0,10,938.054999
9.0,9,938.06977
8.0,8,938.083134
9.0,9,938.098957
10.0,10,938.11586
10.0,10,938.13254
9.0,9,938.147285
10.0,10,938.16387
9.0,9,938.179036
9.0,9,938.194595
9.0,9,938.209854
9.0,9,938.394614
9.0,9,938.411324
9.0,9,938.427696
8.0,8,938.441042
9.0,9,938.45601
9.0,9,938.470702
10.0,10,938.487345
10.0,10,938.50512
10.0,10,938.522403
10.0,10,938.539269
10.0,10,938.55594
10.0,10,938.572553
9.0,9,938.587963
9.0,9,938.604875
10.0,10,938.621702
8.0,8,938.635313
10.0,10,938.65204
9.0,9,938.667131
10.0,10,938.683657
10.0,10,938.703268
9.0,9,938.717935
10.0,10,938.735224
9.0,9,938.750305
10.0,10,938.767079
9.0,9,938.781495
9.0,9,938.796269
8.0,8,938.810844
9.0,9,938.825732
10.0,10,938.842283
9.0,9,938.857392
11.0,11,938.87526
8.0,8,938.888551
9.0,9,938.904668
10.0,10,938.921335
9.0,9,938.936284
10.0,10,938.952812
9.0,9,938.967319
10.0,10,938.984016
10.0,10,939.001514
10.0,10,939.018599
9.0,9,939.034139
10.0,10,939.051103
10.0,10,939.067972
9.0,9,939.083003
9.0,9,939.098114
10.0,10,939.115652
10.0,10,939.131889
8.0,8,939.145238
10.0,10,939.162057
9.0,9,939.177141
9.0,9,939.192029
10.0,10,939.209564
9.0,9,939.224405
10.0,10,939.241324
9.0,9,939.256735
10.0,10,939.444127
9.0,9,939.461318
9.0,9,939.476668
10.0,10,939.493238
9.0,9,939.509795
8.0,8,939.523462
10.0,10,939.540197
10.0,10,939.556689
9.0,9,939.571514
10.0,10,939.587878
9.0,9,939.604074
11.0,11,939.623233
9.0,9,939.638137
9.0,9,939.653536
9.0,9,939.668681
9.0,9,939.683787
9.0,9,939.698743
10.0,10,939.715808
9.0,9,939.731548
10.0,10,939.748488
8.0,8,939.761671
9.0,9,939.77646
9.0,9,939.791331
9.0,9,939.807503
10.0,10,939.824038
9.0,9,939.839291
9.0,9,939.854419
9.0,9,939.869265
9.0,9,939.884007
11.0,11,939.902574
9.0,9,939.919084
10.0,10,939.935511
10.0,10,939.952055
10.0,10,939.968564
10.0,10,939.985516
10.0,10,940.002126
8.0,8,940.016414
10.0,10,940.033646
10.0,10,940.050415
10.0,10,940.067489
10.0,10,940.084274
10.0,10,940.10108
10.0,10,940.118988
9.0,9,940.133656
9.0,9,940.148551
9.0,9,940.1632
8.0,8,940.176465
9.0,9,940.191525
11.0,11,940.211037
9.0,9,940.22688
9.0,9,940.242386
10.0,10,940.259552
10.0,10,940.276268
10.0,10,940.29312
8.0,8,940.476621
9.0,9,940.493776
10.0,10,940.511767
9.0,9,940.527199
10.0,10,940.543851
10.0,10,940.560776
8.0,8,940.573935
8.0,8,940.58739
10.0,10,940.604141
9.0,9,940.620814
10.0,10,940.637603
9.0,9,940.652904
8.0,8,940.666355
10.0,10,940.683232
10.0,10,940.70119
9.0,9,940.718233
9.0,9,940.733479
10.0,10,940.750109
8.0,8,940.763496
9.0,9,940.778536
10.0,10,940.795611
9.0,9,940.812171
9.0,9,940.828421
9.0,9,940.843347
9.0,9,940.858458
10.0,10,940.875303
9.0,9,940.890322
9.0,9,940.905647
9.0,9,940.921854
10.0,10,940.939332
10.0,10,940.955912
9.0,9,940.970951
10.0,10,940.988046
11.0,11,941.006382
10.0,10,941.024202
10.0,10,941.040736
10.0,10,941.057462
9.0,9,941.072263
9.0,9,941.08736
9.0,9,941.102419
11.0,11,941.122062
10.0,10,941.138428
8.0,8,941.151424
9.0,9,941.166361
9.0,9,941.181401
9.0,9,941.196347
10.0,10,941.213587
9.0,9,941.229621
10.0,10,941.246461
9.0,9,941.261554
10.0,10,941.278203
9.0,9,941.293257
9.0,9,941.308434
10.0,10,941.325969
10.0,10,941.511155
9.0,9,941.528889
9.0,9,941.545557
8.0,8,941.559144
10.0,10,941.575488
9.0,9,941.590219
10.0,10,941.607263
9.0,9,941.623702
10.0,10,941.641682
9.0,9,941.656611
11.0,11,941.674344
9.0,9,941.689227
9.0,9,941.704487
9.0,9,941.7213
10.0,10,941.739142
9.0,9,941.754218
9.0,9,941.768744
8.0,8,941.782083
10.0,10,941.798893
10.0,10,941.815912
9.0,9,941.832141
10.0,10,941.849032
9.0,9,941.863643
9.0,9,941.878334
10.0,10,941.894684
10.0,10,941.910974
10.0,10,941.928969
10.0,10,941.945185
10.0,10,941.96156
9.0,9,941.976799
9.0,9,941.991777
10.0,10,942.008903
8.0,8,942.023838
9.0,9,942.039509
10.0,10,942.056061
10.0,10,942.072855
9.0,9,942.08757
8.0,8,942.100663
8.0,8,942.114034
9.0,9,942.129831
9.0,9,942.144599
10.0,10,942.161382
10.0,10,942.178545
9.0,9,942.193716
10.0,10,942.210575
9.0,9,942.226855
10.0,10,942.243661
10.0,10,942.260559
10.0,10,942.277178
9.0,9,942.292197
10.0,10,942.309114
9.0,9,942.325072
10.0,10,942.341968
9.0,9,942.356893
9.0,9,942.371999
9.0,9,942.559295
10.0,10,942.577176
9.0,9,942.594717
9.0,9,942.609788
10.0,10,942.628253
9.0,9,942.644651
10.0,10,942.66126
9.0,9,942.676377
8.0,8,942.689795
9.0,9,942.705084
8.0,8,942.718614
10.0,10,942.737087
10.0,10,942.75388
9.0,9,942.769238
9.0,9,942.784147
8.0,8,942.797515
9.0,9,942.812534
10.0,10,942.830512
10.0,10,942.847922
10.0,10,942.865217
10.0,10,942.881935
10.0,10,942.89831
9.0,9,942.913545
9.0,9,942.929351
9.0,9,942.944411
9.0,9,942.959112
10.0,10,942.975693
9.0,9,942.990744
10.0,10,943.007596
8.0,8,943.021244
9.0,9,943.037794
10.0,10,943.055179
10.0,10,943.07206
8.0,8,943.085804
9.0,9,943.100666
11.0,11,943.11921
9.0,9,943.135739
9.0,9,943.151088
9.0,9,943.16573
10.0,10,943.182523
9.0,9,943.197531
9.0,9,943.21255
11.0,11,943.232056
10.0,10,943.249817
9.0,9,943.264987
9.0,9,943.280163
9.0,9,943.295142
9.0,9,943.309702
9.0,9,943.325023
8.0,8,943.339482
10.0,10,943.356142
10.0,10,943.37296
10.0,10,943.39017
8.0,8,943.403598
10.0,10,943.420536
10.0,10,943.608123
10.0,10,943.625953
10.0,10,943.645153
8.0,8,943.658886
10.0,10,943.675807
10.0,10,943.692738
10.0,10,943.709799
8.0,8,943.723409
9.0,9,943.740051
9.0,9,943.755802
8.0,8,943.769653
9.0,9,943.784819
10.0,10,943.801301
8.0,8,943.81539
8.0,8,943.830206
10.0,10,943.84765
9.0,9,943.862876
9.0,9,943.877781
10.0,10,943.894504
9.0,9,943.910671
9.0,9,943.925734
10.0,10,943.943655
9.0,9,943.958541
8.0,8,943.971972
9.0,9,943.986991
8.0,8,944.000769
10.0,10,944.017766
9.0,9,944.033745
9.0,9,944.049074
9.0,9,944.064393
10.0,10,944.081414
10.0,10,944.098428
9.0,9,944.113787
10.0,10,944.131323
10.0,10,944.148365
10.0,10,944.164849
9.0,9,944.179572
8.0,8,944.19297
9.0,9,944.208002
9.0,9,944.223295
8.0,8,944.237877
9.0,9,944.253394
10.0,10,944.269871
9.0,9,944.284951
9.0,9,944.300094
9.0,9,944.315484
9.0,9,944.331012
10.0,10,944.34906
8.0,8,944.362602
8.0,8,944.376107
10.0,10,944.392866
8.0,8,944.405656
10.0,10,944.423403
10.0,10,944.441456
8.0,8,944.454663
9.0,9,944.469738
9.0,9,944.655862
10.0,10,944.673465
10.0,10,944.692192
10.0,10,944.708582
8.0,8,944.721674
9.0,9,944.738141
9.0,9,944.754281
9.0,9,944.769175
9.0,9,944.7841
9.0,9,944.799537
9.0,9,944.814322
11.0,11,944.832377
9.0,9,944.849446
10.0,10,944.865877
10.0,10,944.882847
9.0,9,944.897673
10.0,10,944.914479
9.0,9,944.929487
10.0,10,944.948026
10.0,10,944.964972
9.0,9,944.980284
10.0,10,944.99747
9.0,9,945.012801
10.0,10,945.03042
10.0,10,945.048837
10.0,10,945.065777
9.0,9,945.081006
9.0,9,945.095955
10.0,10,945.112955
8.0,8,945.126628
10.0,10,945.144107
9.0,9,945.15954
9.0,9,945.174925
10.0,10,945.191913
10.0,10,945.208844
9.0,9,945.224026
9.0,9,945.239822
9.0,9,945.255741
10.0,10,945.272589
9.0,9,945.287786
10.0,10,945.303825
10.0,10,945.320076
9.0,9,945.334477
10.0,10,945.352443
9.0,9,945.367388
10.0,10,945.383961
9.0,9,945.398745
9.0,9,945.413689
9.0,9,945.428594
9.0,9,945.444112
10.0,10,945.461783
9.0,9,945.477154
10.0,10,945.493716
10.0,10,945.510931
11.0,11,945.704108
9.0,9,945.721067
10.0,10,945.740211
9.0,9,945.758038
9.0,9,945.772977
9.0,9,945.787399
10.0,10,945.80381
9.0,9,945.818663
10.0,10,945.834849
9.0,9,945.851728
10.0,10,945.868106
8.0,8,945.88108
9.0,9,945.896025
9.0,9,945.911047
10.0,10,945.927763
10.0,10,945.944455
9.0,9,945.960099
10.0,10,945.976676
8.0,8,945.989685
9.0,9,946.004853
10.0,10,946.021467
10.0,10,946.03804
10.0,10,946.055714
11.0,11,946.073727
9.0,9,946.088854
11.0,11,946.106965
9.0,9,946.121934
10.0,10,946.138662
10.0,10,946.156609
10.0,10,946.173079
10.0,10,946.189536
10.0,10,946.206049
9.0,9,946.221316
8.0,8,946.234517
11.0,11,946.25482
10.0,10,946.271302
10.0,10,946.287965
10.0,10,946.304772
9.0,9,946.319579
10.0,10,946.336361
9.0,9,946.352732
8.0,8,946.366371
8.0,8,946.379444
9.0,9,946.394333
9.0,9,946.409232
10.0,10,946.426018
8.0,8,946.439174
9.0,9,946.455762
9.0,9,946.470868
10.0,10,946.487395
11.0,11,946.505641
10.0,10,946.522236
8.0,8,946.535619
9.0,9,946.551593
9.0,9,946.735854
9.0,9,946.75354
8.0,8,946.769025
8.0,8,946.782414
10.0,10,946.799263
10.0,10,946.816573
8.0,8,946.830373
11.0,11,946.850393
10.0,10,946.867166
10.0,10,946.883739
10.0,10,946.900635
10.0,10,946.917413
10.0,10,946.933894
10.0,10,946.952293
9.0,9,946.967983
9.0,9,946.982959
9.0,9,946.997675
10.0,10,947.014575
8.0,8,947.028931
8.0,8,947.042355
10.0,10,947.060779
10.0,10,947.076888
9.0,9,947.092193
9.0,9,947.107296
11.0,11,947.125386
9.0,9,947.140118
9.0,9,947.15683
10.0,10,947.173633
10.0,10,947.19013
10.0,10,947.206659
10.0,10,947.223233
10.0,10,947.239939
10.0,10,947.258473
10.0,10,947.275296
10.0,10,947.291541
10.0,10,947.308228
10.0,10,947.324964
9.0,9,947.33993
9.0,9,947.355821
8.0,8,947.36936
8.0,8,947.382105
10.0,10,947.398605
10.0,10,947.415645
9.0,9,947.431014
8.0,8,947.444074
9.0,9,947.46076
10.0,10,947.477267
9.0,9,947.492088
8.0,8,947.505021
10.0,10,947.521537
9.0,9,947.53649
9.0,9,947.552177
9.0,9,947.567853
8.0,8,947.581168
10.0,10,947.597755
10.0,10,947.783452
9.0,9,947.798602
10.0,10,947.817549
9.0,9,947.832735
9.0,9,947.847731
10.0,10,947.86604
9.0,9,947.881503
10.0,10,947.898173
8.0,8,947.911654
9.0,9,947.926556
11.0,11,947.94437
9.0,9,947.959682
10.0,10,947.976985
8.0,8,947.990355
10.0,10,948.006933
11.0,11,948.025591
9.0,9,948.040705
10.0,10,948.057809
9.0,9,948.073625
9.0,9,948.088937
9.0,9,948.103777
8.0,8,948.116971
9.0,9,948.1317
10.0,10,948.147922
10.0,10,948.165106
8.0,8,948.179397
10.0,10,948.195908
8.0,8,948.210049
9.0,9,948.224865
8.0,8,948.23803
9.0,9,948.253316
9.0,9,948.269564
9.0,9,948.284853
10.0,10,948.301545
10.0,10,948.317946
9.0,9,948.332398
9.0,9,948.347477
10.0,10,948.365607
10.0,10,948.381867
9.0,9,948.396357
10.0,10,948.413218
10.0,10,948.429788
10.0,10,948.446292
9.0,9,948.462153
8.0,8,948.476103
9.0,9,948.49116
10.0,10,948.507398
10.0,10,948.52442
10.0,10,948.540651
10.0,10,948.557595
10.0,10,948.57511
9.0,9,948.590296
8.0,8,948.603813
9.0,9,948.619923
8.0,8,948.633525
