# {"t_start": 1592778790.8053193, "env_id": "Pendulum-v0"} 
r,l,t
-1399.676495,200,1.706095
-1204.072116,200,2.027579
-1212.321789,200,2.514788
-1337.009417,200,2.836963
-1432.770698,200,3.155181
-1325.429054,200,3.645731
-1666.117435,200,3.973186
-1364.782398,200,4.458772
-1820.825785,200,4.784576
-1110.114996,200,5.115092
-1667.591505,200,5.605789
-1498.567856,200,5.939044
-1043.160198,200,6.432403
-1810.026574,200,6.759016
-1086.933779,200,7.088089
-1160.773444,200,7.577087
-1546.10548,200,7.906576
-1588.033628,200,8.399323
-1603.180536,200,8.732388
-1060.781281,200,9.066221
-1658.49663,200,9.557702
-1079.80628,200,9.882823
-951.766635,200,10.21186
-1039.674468,200,10.695701
-1066.730029,200,11.022016
-1451.734716,200,11.521607
-1018.29546,200,11.849427
-1073.323849,200,12.176884
-1545.636887,200,12.671424
-1239.297603,200,12.998095
-1496.707361,200,13.485279
-1087.661019,200,13.822522
-1188.68993,200,14.153755
-1215.868124,200,14.651432
-1717.438607,200,14.985493
-1062.892424,200,15.484674
-997.241002,200,15.81406
-1011.550978,200,16.13558
-1260.04656,200,16.631219
-1234.010334,200,16.960942
-1091.857854,200,17.449841
-1240.801004,200,17.782534
-1017.965288,200,18.118154
-1168.630243,200,18.615745
-1226.730946,200,18.948962
-1036.962094,200,19.281254
-1185.733356,200,19.771646
-1181.773683,200,20.09489
-1009.093365,200,20.589267
-1097.517486,200,20.919912
-1022.748871,200,21.249327
-1021.411367,200,21.74992
-1623.311631,200,22.080676
-1058.271688,200,22.574075
-1432.055163,200,22.905646
-973.515048,200,23.231279
-1218.336184,200,23.720957
-1104.980526,200,24.047635
-1751.528701,200,24.538642
-1536.837454,200,24.874669
-1544.805681,200,25.199113
-1036.918877,200,25.689705
-1105.100894,200,26.018003
-915.127893,200,26.344159
-988.657754,200,26.830688
-1152.734447,200,27.156104
-1121.37604,200,27.654092
-1060.707492,200,27.986139
-974.983847,200,28.321043
-1184.206401,200,28.819309
-1634.79536,200,29.145754
-1355.146463,200,29.640541
-1031.439387,200,29.97309
-1061.294153,200,30.307891
-916.159152,200,30.794996
-1103.517155,200,31.121714
-1501.989778,200,31.6221
-926.97594,200,31.95563
-899.556491,200,32.293261
-1222.615204,200,32.790856
-1713.453073,200,33.127207
-906.471862,200,33.621049
-1669.653326,200,33.950706
-1249.434199,200,34.274761
-1116.045771,200,34.764517
-1108.881507,200,35.102194
-1202.850594,200,35.438895
-1542.621574,200,35.945881
-1235.98039,200,36.274938
-1488.966372,200,36.766115
-1746.237162,200,37.089234
-1042.968794,200,37.425327
-1053.477707,200,37.919034
-1226.969522,200,38.251704
-1181.075624,200,38.741832
-1010.710457,200,39.070206
-1154.034408,200,39.403602
-1091.009063,200,39.895347
-1064.244482,200,40.219342
-1060.178846,200,40.70821
-1226.323522,200,41.037136
-970.912704,200,41.368381
-1412.066144,200,41.868428
-1134.59669,200,42.197171
-1037.960717,200,42.689338
-993.894095,200,43.019997
-1071.588746,200,43.348582
-1166.342248,200,43.844309
-1183.784209,200,44.176319
-888.914749,200,44.505985
-1182.267918,200,44.994611
-1028.743716,200,45.314738
-1027.727675,200,45.799727
-1041.767223,200,46.132375
-1467.637559,200,46.462367
-1611.945544,200,46.952574
-1135.453053,200,47.284547
-1186.930064,200,47.778289
-1101.392346,200,48.113731
-1112.093495,200,48.43875
-1386.076049,200,48.938431
-1111.048764,200,49.277165
-1190.682969,200,49.766714
-1056.263914,200,50.088748
-1173.490849,200,50.416806
-1004.062507,200,50.906097
-1110.013164,200,51.234067
-1185.282004,200,51.557981
-1005.782016,200,52.054029
-1113.71817,200,52.388438
-1082.692479,200,52.879621
-1142.970932,200,53.208801
-1150.697871,200,53.538033
-1127.596645,200,54.028524
-1102.552142,200,54.360116
-1244.948157,200,54.852063
-1023.740966,200,55.180599
-1314.750947,200,55.520034
-1204.137641,200,56.010844
-1040.681307,200,56.335295
-1312.802183,200,56.826153
-1195.411853,200,57.156355
-1122.030653,200,57.493721
-980.94158,200,57.985838
-888.703878,200,58.316813
-1065.732288,200,58.809831
-1617.02373,200,59.137886
-1042.989927,200,59.463519
-1058.543257,200,59.955278
-1385.02004,200,60.288555
-1040.448928,200,60.621551
-1118.892933,200,61.116719
-907.657362,200,61.454298
-1197.053687,200,61.968312
-1062.166125,200,62.310724
-1727.791009,200,62.641714
-1678.64851,200,63.128493
-1071.367753,200,63.452524
-1266.611459,200,63.943718
-1063.120124,200,64.277125
-918.083782,200,64.611708
-1221.707703,200,65.110797
-915.493904,200,65.451588
-1534.987967,200,65.944159
-1227.585011,200,66.285265
-1494.238047,200,66.616164
-1050.139161,200,67.10698
-1234.24459,200,67.437458
-911.024215,200,67.931036
-974.546348,200,68.253624
-1053.448292,200,68.585795
-1034.689922,200,69.077958
-865.55919,200,69.403212
-1663.838889,200,69.732163
-1181.326742,200,70.226314
-1083.71604,200,70.563799
-1174.223291,200,71.053412
-1166.518445,200,71.384921
-1121.952433,200,71.714416
-1052.129041,200,72.21998
-1103.647616,200,72.550075
-1084.660548,200,73.034461
-1085.988255,200,73.382058
-1096.811334,200,73.708553
-1178.150467,200,74.205814
-1248.787793,200,74.537901
-1653.906592,200,75.046744
-1672.957903,200,75.380175
-1190.258941,200,75.720434
-1442.895786,200,76.211475
-1176.024118,200,76.543853
-1257.227431,200,76.878053
-1088.957785,200,77.36589
-1121.307743,200,77.707241
-1127.9346,200,78.19868
-1502.664129,200,78.524504
-1180.709458,200,78.855449
-1110.919365,200,79.344426
-1724.419612,200,79.680239
-1185.656502,200,80.179812
-1181.417772,200,80.51261
-1645.378735,200,80.844637
-1661.058546,200,81.337333
-1194.918884,200,81.672422
-1140.570914,200,82.175269
-1307.144041,200,82.50167
-1035.014659,200,82.83497
-1278.086332,200,83.323031
-1118.67595,200,83.649957
-1077.711288,200,84.14209
-1195.164297,200,84.47879
-991.513823,200,84.8106
-1147.617289,200,85.301791
-1043.832037,200,85.628695
-1677.634357,200,85.956452
-981.491971,200,86.451107
-1211.000617,200,86.78611
-1224.827686,200,87.278338
-1246.806623,200,87.605514
-1155.631928,200,87.933907
-1056.481148,200,88.42398
-1122.457389,200,88.760767
-1150.54762,200,89.255139
-989.779313,200,89.578867
-1135.441434,200,89.90318
-1690.193605,200,90.400647
-1101.315705,200,90.729046
-1476.955438,200,91.220122
-1040.918219,200,91.556775
-1088.716032,200,91.882873
-1185.766375,200,92.378503
-1149.073383,200,92.70715
-992.488925,200,93.197366
-1084.791958,200,93.523278
-1055.434556,200,93.856171
-1342.3038,200,94.350046
-1388.37821,200,94.678789
-1135.513037,200,95.006779
-907.016663,200,95.50178
-1010.638124,200,95.834344
-1493.13466,200,96.324821
-1071.507304,200,96.656329
-1034.648772,200,96.98631
-1048.763231,200,97.476633
-1035.910911,200,97.809975
-774.605776,200,98.308069
-1136.109903,200,98.635925
-1174.42172,200,98.966125
-1329.696381,200,99.464484
-988.669647,200,99.795723
-1190.083735,200,100.281115
-1147.810086,200,100.613007
-1603.66565,200,100.938804
-1363.299174,200,101.436838
-1052.123407,200,101.773246
-1157.075447,200,102.106772
-1456.058213,200,102.619304
-1031.720356,200,102.952088
-1558.198235,200,103.443516
-1128.67308,200,103.777002
-1262.609662,200,104.10639
-1108.45549,200,104.599555
-1075.75521,200,104.922919
-1080.439141,200,105.409012
-1054.636143,200,105.738913
-1017.405522,200,106.063584
-1152.568416,200,106.56246
-1094.181152,200,106.896381
-1179.638707,200,107.386059
-1384.672778,200,107.724489
-969.044637,200,108.051345
-1700.256657,200,108.542679
-1162.599081,200,108.874064
-1425.032249,200,109.370683
-1592.067698,200,109.697224
-1166.37921,200,110.02218
-1236.919059,200,110.519732
-1127.591102,200,110.857335
-1109.66596,200,111.187516
-1577.912687,200,111.674593
-1059.420822,200,112.003176
-1170.769471,200,112.50539
-1129.251125,200,112.830595
-1153.843052,200,113.162982
-1363.307921,200,113.655932
-1060.378951,200,113.991038
-1512.968105,200,114.482074
-1110.421183,200,114.815825
-1180.974142,200,115.155604
-1364.809269,200,115.642871
-1137.902143,200,115.971495
-1270.835672,200,116.464578
-1141.942091,200,116.799616
-1303.856642,200,117.13687
-1162.412813,200,117.629071
-1029.962136,200,117.958279
-1143.378902,200,118.456312
-1813.962478,200,118.78902
-1070.737115,200,119.118073
-1166.683389,200,119.611127
-1127.086542,200,119.946718
-1146.271156,200,120.27592
-1114.738022,200,120.772873
-1557.875587,200,121.111545
-1064.063542,200,121.594371
-985.928001,200,121.919693
-1037.922938,200,122.253022
-910.762173,200,122.753474
-1064.096666,200,123.083383
-1118.766169,200,123.579101
-1127.516744,200,123.910006
-1099.568302,200,124.245653
-1668.30239,200,124.735619
-1294.054153,200,125.060845
-1045.752964,200,125.551715
-1116.605229,200,125.885432
-1122.401992,200,126.206867
-1246.263885,200,126.69221
-1195.127389,200,127.025774
-1187.734798,200,127.359617
-1227.742801,200,127.850929
-1196.349095,200,128.182328
-1186.148295,200,128.681203
-964.965059,200,129.020472
-1154.119618,200,129.347149
-1153.752975,200,129.839639
-1200.236579,200,130.193501
-1462.329912,200,130.76025
-1177.946294,200,131.119798
-1229.587748,200,131.514169
-1161.068089,200,132.075888
-1181.201298,200,132.430864
-1097.377504,200,133.010195
-1141.928358,200,133.36519
-1075.091473,200,133.702098
-1055.753128,200,134.204205
-1051.433718,200,134.536585
-1157.858556,200,135.022959
-1452.941485,200,135.350727
-1003.53825,200,135.680443
-996.429419,200,136.176578
-1120.594941,200,136.509353
-1151.240298,200,136.843132
-1425.460446,200,137.331584
-1242.989112,200,137.659301
-1159.124413,200,138.153852
-1770.983198,200,138.48462
-1108.680803,200,138.822373
-1172.274599,200,139.31361
-1132.292879,200,139.643043
-1183.288991,200,140.136513
-1023.89394,200,140.467143
-999.341272,200,140.795089
-1156.984512,200,141.303097
-1129.372168,200,141.62779
-1472.919333,200,142.132339
-1334.667746,200,142.464421
-1131.857539,200,142.790843
-1058.633199,200,143.296368
-1180.668962,200,143.620449
-1000.535016,200,144.111506
-1038.910087,200,144.443772
-1045.394541,200,144.777293
-941.155128,200,145.264669
-1083.094569,200,145.590978
-1063.84871,200,145.924377
-1125.160492,200,146.419466
-1220.614715,200,146.751639
-1119.057861,200,147.246654
-1124.836598,200,147.575794
-1042.206135,200,147.910946
-1095.485685,200,148.407538
-1098.698061,200,148.740438
-1020.869424,200,149.241501
-1035.445846,200,149.573004
-1677.076099,200,149.910116
-1093.950663,200,150.403675
-1051.281074,200,150.734642
-1108.26828,200,151.231158
-1049.343574,200,151.564767
-1051.977742,200,151.895318
-925.619086,200,152.381977
-1181.641354,200,152.707184
-1088.479727,200,153.04553
-878.347336,200,153.552207
-1110.964827,200,153.878393
-1101.77183,200,154.376267
-997.026038,200,154.707786
-1754.94091,200,155.042595
-955.03607,200,155.536144
-902.055158,200,155.869251
-1085.049431,200,156.363154
-1220.450153,200,156.697061
-1234.347897,200,157.030473
-1089.983393,200,157.526046
-1108.263574,200,157.861901
-1552.406349,200,158.350739
-1168.425052,200,158.682449
-1040.43398,200,159.01869
-1101.233015,200,159.517417
-1053.486635,200,159.847945
-1168.999054,200,160.339773
-1069.048954,200,160.672948
-1091.721313,200,161.001509
-1151.78334,200,161.494508
-1154.643139,200,161.822879
-1194.671064,200,162.154345
-1281.15953,200,162.651761
-1167.660691,200,162.982135
-1629.381975,200,163.488392
-1092.705311,200,163.819109
-1351.563068,200,164.149335
-1109.418492,200,164.648188
-1096.982775,200,164.975036
-1133.063812,200,165.466039
-1147.80988,200,165.791607
-1150.377253,200,166.12332
-1026.942815,200,166.614324
-1341.871085,200,166.94315
-1716.278402,200,167.431385
-1203.539566,200,167.764503
-1046.732027,200,168.094983
-1226.714141,200,168.580469
-1037.407356,200,168.911014
-1030.596531,200,169.407083
-1176.468715,200,169.730732
-1034.72187,200,170.057576
-1088.682067,200,170.544621
-1326.802027,200,170.881415
-1192.544702,200,171.214031
-996.426446,200,171.709869
-1369.793181,200,172.042256
-1178.146624,200,172.538122
-1053.622699,200,172.874306
-1103.362402,200,173.204831
-1113.760503,200,173.707611
-937.610895,200,174.03582
-872.720974,200,174.534053
-872.197647,200,174.873611
-1002.246121,200,175.204139
-933.944914,200,175.700068
-1115.134239,200,176.034132
-889.802292,200,176.53415
-1518.538205,200,176.860415
-886.046199,200,177.188566
-1095.907503,200,177.681888
-1178.451447,200,178.016717
-993.964321,200,178.342208
-1722.130373,200,178.841981
-1515.289075,200,179.171269
-943.227543,200,179.664242
-912.926898,200,180.005448
-1321.408638,200,180.345891
-1361.240234,200,180.83993
-1020.224327,200,181.174805
-1022.094155,200,181.678075
-900.491777,200,182.021645
-1482.72245,200,182.347735
-1305.23376,200,182.839086
-1166.048485,200,183.170078
-1046.544025,200,183.680261
-1077.474758,200,184.01379
-1544.864095,200,184.350558
-626.790558,200,184.851176
-1323.948327,200,185.173891
-1068.286062,200,185.66049
-1470.739932,200,185.984679
-1247.735242,200,186.309498
-1318.924706,200,186.798712
-856.995482,200,187.133961
-974.120496,200,187.462414
-922.385528,200,187.961541
-1035.694325,200,188.288062
-1412.622003,200,188.7848
-1148.431977,200,189.110837
-886.229264,200,189.442643
-1039.611726,200,189.935563
-1000.202184,200,190.266963
-1686.149995,200,190.757698
-931.802147,200,191.078573
-861.101732,200,191.403026
-1400.344042,200,191.89203
-1101.326373,200,192.220254
-1267.526545,200,192.707168
-1075.753031,200,193.042038
-1703.467279,200,193.3787
-995.524302,200,193.894477
-1175.861812,200,194.219641
-1678.89109,200,194.703792
-1010.494704,200,195.039795
-981.287921,200,195.37492
-1093.598246,200,195.86736
-1193.145311,200,196.191485
-1013.806363,200,196.519194
-1109.408366,200,197.011174
-1075.284593,200,197.341222
-889.744825,200,197.834506
-1120.888585,200,198.164776
-1583.470544,200,198.496185
-1316.566311,200,198.99671
-999.975645,200,199.323653
-1392.076242,200,199.812047
-1135.547499,200,200.143595
-1163.576921,200,200.477154
-1065.177756,200,200.967867
-1115.666568,200,201.303901
-978.346428,200,201.801378
-980.368551,200,202.131415
-1174.018513,200,202.460671
-1424.779238,200,202.961257
-1356.081334,200,203.289523
-1494.668266,200,203.626009
-1252.352968,200,204.134062
-1274.104732,200,204.460366
-753.967231,200,204.947084
-971.476256,200,205.2694
-1173.483792,200,205.59252
-880.635576,200,206.089259
-937.745473,200,206.419582
-965.980491,200,206.905893
-1020.240827,200,207.241204
-1111.044878,200,207.569246
-1196.719436,200,208.066149
-995.271775,200,208.391704
-885.989676,200,208.88206
-882.769621,200,209.207578
-1359.163318,200,209.53333
-1169.595549,200,210.029611
-1078.594601,200,210.367316
-1003.260778,200,210.859541
-1173.503654,200,211.195555
-890.04962,200,211.519341
-1178.305798,200,212.006983
-1078.162437,200,212.338035
-874.657425,200,212.666581
-991.558923,200,213.161664
-1003.330416,200,213.490476
-1281.226512,200,214.010041
-1030.901507,200,214.348494
-1381.892833,200,214.688646
-1196.801254,200,215.176125
-900.768594,200,215.502098
-1031.715859,200,216.008382
-892.052233,200,216.334657
-1011.109408,200,216.666473
-1108.921448,200,217.166889
-998.421167,200,217.493281
-1125.464573,200,217.995844
-1022.009101,200,218.330673
-874.893617,200,218.669554
-1049.489674,200,219.155688
-1060.315442,200,219.489835
-978.698188,200,219.990013
-1296.99644,200,220.31923
-983.252939,200,220.651042
-1031.940924,200,221.146868
-890.230704,200,221.473514
-866.858647,200,221.80674
-947.054939,200,222.295567
-1162.590028,200,222.628356
-1711.145224,200,223.119813
-1002.565195,200,223.446011
-1073.874096,200,223.777467
-981.422644,200,224.273739
-985.189302,200,224.609475
-887.504451,200,225.103108
-1337.405387,200,225.429379
-1134.084399,200,225.756952
-1070.464028,200,226.251722
-976.629337,200,226.58781
-1404.765519,200,227.079681
-916.743669,200,227.421561
-1643.503576,200,227.75427
-1350.921449,200,228.245524
-1192.124704,200,228.576175
-1236.175013,200,228.910655
-977.002663,200,229.403962
-1222.480222,200,229.736258
-1077.354094,200,230.233436
-1388.468696,200,230.559161
-1324.79795,200,230.89252
-1071.151843,200,231.386518
-1140.010203,200,231.715256
-1006.853774,200,232.205919
-1016.714417,200,232.535126
-1066.276229,200,232.8704
-1097.075996,200,233.363301
-965.134267,200,233.696708
-1015.04331,200,234.212141
-1550.777978,200,234.54936
-987.766186,200,234.882454
-968.33273,200,235.379029
-1012.885044,200,235.716926
-1028.304581,200,236.211498
-1097.556218,200,236.542916
-1372.322196,200,236.875725
-1025.339405,200,237.363767
-913.929275,200,237.694046
-1005.058833,200,238.026045
-1088.164105,200,238.522069
-1022.593463,200,238.84929
-1268.133594,200,239.344454
-975.518145,200,239.682862
-996.085324,200,240.020239
-889.834057,200,240.512314
-1057.038067,200,240.845319
-946.637869,200,241.340086
-1016.172123,200,241.662914
-901.483047,200,242.005684
-1184.660546,200,242.511193
-1170.004759,200,242.8454
-1349.568177,200,243.336542
-1017.745143,200,243.6772
-1474.535476,200,244.018213
-1392.09208,200,244.531146
-1046.260611,200,244.87168
-1304.44424,200,245.359155
-1514.04868,200,245.691683
-1102.318914,200,246.024845
-928.095022,200,246.516983
-926.060909,200,246.83809
-1110.033208,200,247.167978
-896.392907,200,247.662777
-874.582206,200,247.995424
-901.36266,200,248.484407
-956.315432,200,248.821471
-964.155049,200,249.161015
-1285.508894,200,249.650636
-1009.869784,200,249.985983
-1003.478444,200,250.485085
-1274.162272,200,250.82579
-873.279441,200,251.16788
-1353.583911,200,251.654578
-1111.889264,200,251.979
-954.913192,200,252.468147
-975.002065,200,252.802108
-1102.797988,200,253.131193
-999.267786,200,253.624544
-1084.725745,200,253.952557
-1559.762382,200,254.281778
-982.535806,200,254.779659
-888.629733,200,255.111925
-939.873051,200,255.601427
-1188.177378,200,255.929406
-1417.13734,200,256.255848
-1022.4246,200,256.740592
-1026.920551,200,257.064442
-914.674183,200,257.552456
-1019.924751,200,257.891509
-1096.915677,200,258.232314
-1154.511229,200,258.734522
-738.563888,200,259.069797
-1027.447411,200,259.566494
-878.961948,200,259.90663
-1026.594762,200,260.24552
-1023.78799,200,260.742629
-1110.600279,200,261.075334
-1071.784714,200,261.559755
-951.734029,200,261.890269
-994.228741,200,262.222271
-1183.8603,200,262.710817
-1122.006139,200,263.042388
-1004.802169,200,263.372814
-1009.219152,200,263.85762
-964.148738,200,264.192273
-985.114942,200,264.699002
-890.092816,200,265.035784
-1205.683368,200,265.374966
-926.954113,200,265.870513
-1100.631385,200,266.208084
-1010.044082,200,266.702511
-1008.534155,200,267.032337
-917.399852,200,267.367481
-990.061898,200,267.874789
-1023.862505,200,268.20527
-1065.451352,200,268.691237
-1002.221189,200,269.018447
-1395.632248,200,269.359098
-980.242193,200,269.865541
-1016.771827,200,270.210711
-1293.498581,200,270.710346
-878.395049,200,271.042097
-1285.607118,200,271.366003
-863.580678,200,271.85693
-977.538048,200,272.187979
-1351.043045,200,272.513964
-1133.868862,200,273.00513
-1585.446316,200,273.339672
-1045.678586,200,273.831156
-888.6682,200,274.16572
-1102.221548,200,274.498933
-1015.149195,200,274.998106
-1162.379806,200,275.331014
-982.49025,200,275.827653
-1309.813707,200,276.162767
-1512.694827,200,276.491941
-986.857048,200,276.983105
-1052.20669,200,277.314829
-1504.923283,200,277.807282
-1127.498731,200,278.139773
-1019.659379,200,278.472764
-1065.415291,200,278.970927
-1127.08213,200,279.295699
-988.514334,200,279.621235
-877.554363,200,280.114643
-857.142523,200,280.439816
-1157.672299,200,280.931904
-857.438796,200,281.263166
-1135.757371,200,281.598596
-1352.615358,200,282.091627
-1002.993563,200,282.415822
-1241.233904,200,282.90225
-1169.601716,200,283.226413
-1166.679679,200,283.553026
-1212.229129,200,284.042103
-1138.749462,200,284.373038
-1177.475816,200,284.88303
-1025.341072,200,285.210469
-1265.872387,200,285.542516
-986.30074,200,286.038587
-1039.864499,200,286.369765
-874.741793,200,286.857631
-872.934801,200,287.189301
-884.874571,200,287.52298
-1151.507951,200,288.015822
-1012.574509,200,288.337599
-973.538325,200,288.662429
-982.025077,200,289.15515
-973.246434,200,289.490978
-1121.865932,200,289.985481
-989.622792,200,290.317791
-1173.497515,200,290.652641
-940.810434,200,291.144937
-1432.287505,200,291.47735
-1364.39359,200,291.979383
-1071.956148,200,292.314906
-1157.326266,200,292.653586
-1111.095345,200,293.149976
-1380.495793,200,293.483631
-1029.151953,200,293.969808
-884.175306,200,294.302108
-1006.316206,200,294.633774
-1011.595029,200,295.128536
-888.233698,200,295.460945
-955.346686,200,295.950281
-1121.372384,200,296.278102
-1108.544871,200,296.609661
-1079.297797,200,297.094003
-1534.948015,200,297.427666
-1293.372245,200,297.762363
-943.196971,200,298.262424
-1003.992446,200,298.598582
-990.480834,200,299.086028
-1107.345201,200,299.420012
-938.120554,200,299.752951
-1006.43323,200,300.245306
-1298.001348,200,300.570515
-1116.687033,200,301.068702
-1360.704772,200,301.414586
-1006.039401,200,301.748813
-918.304446,200,302.246897
-1049.532045,200,302.583717
-1054.035409,200,303.07581
-1017.879817,200,303.420807
-1103.736081,200,303.748382
-1086.876421,200,304.25086
-1161.033711,200,304.589738
-1104.021212,200,304.914724
-995.751463,200,305.418794
-1060.3689,200,305.757256
-1289.909182,200,306.250034
-888.563482,200,306.592196
-964.245637,200,306.923151
-1269.38023,200,307.417775
-1263.234196,200,307.754504
-899.929705,200,308.254401
-1050.110904,200,308.574949
-1002.49664,200,308.911227
-1103.06947,200,309.411367
-980.021557,200,309.742337
-991.901457,200,310.24036
-1028.62281,200,310.575093
-885.644989,200,310.907524
-1055.302324,200,311.398581
-1277.347682,200,311.733012
-1341.108071,200,312.223653
-1350.718102,200,312.547492
-1180.058675,200,312.874076
-982.319747,200,313.369204
-981.141429,200,313.695807
-1157.192614,200,314.026983
-1077.46859,200,314.521332
-993.361905,200,314.850524
-1042.956355,200,315.365824
-875.895104,200,315.715302
-1339.267002,200,316.051532
-998.196298,200,316.541722
-1459.426401,200,316.875219
-976.866944,200,317.363654
-974.982498,200,317.692152
-801.826401,200,318.021861
-976.94974,200,318.504825
-1064.912205,200,318.833511
-1274.276076,200,319.333873
-985.005657,200,319.661309
-1167.037956,200,319.996904
-754.06657,200,320.494077
-898.527106,200,320.835274
-989.819149,200,321.344391
-978.175117,200,321.671661
-1231.096517,200,322.008466
-986.828925,200,322.506829
-1033.050119,200,322.832283
-1105.294669,200,323.162086
-886.816022,200,323.650707
-1589.248524,200,323.982827
-968.290826,200,324.480118
-1311.571978,200,324.806911
-946.484453,200,325.136869
-884.219668,200,325.6415
-1016.252551,200,325.975349
-1276.496454,200,326.472401
-990.936071,200,326.799639
-1208.852879,200,327.142891
-1159.413011,200,327.641297
-1371.583806,200,327.966913
-1072.784178,200,328.466673
-984.452029,200,328.791187
-1015.23665,200,329.118445
-1054.297947,200,329.611185
-1264.983477,200,329.939528
-986.122367,200,330.273621
-751.583218,200,330.762753
-911.54106,200,331.090273
-1067.545628,200,331.58185
-850.207169,200,331.911383
-994.663829,200,332.24093
-1084.299448,200,332.736596
-780.132607,200,333.06354
-1004.32447,200,333.557272
-1089.615667,200,333.890236
-1014.149705,200,334.217427
-1168.327997,200,334.705185
-1107.898579,200,335.037103
-1075.136864,200,335.542866
-996.126554,200,335.868457
-989.825849,200,336.199084
-1018.692235,200,336.681204
-1088.434455,200,337.008093
-891.861555,200,337.496935
-1008.245185,200,337.835494
-1113.979977,200,338.167761
-965.155666,200,338.658524
-920.495728,200,338.991144
-1112.675581,200,339.315892
-1075.657762,200,339.809304
-1003.078384,200,340.13406
-834.894398,200,340.619774
-1036.683204,200,340.949226
-1027.837123,200,341.27411
-999.947369,200,341.764593
-1117.508244,200,342.093381
-1128.444888,200,342.581266
-873.512371,200,342.912116
-866.303977,200,343.242671
-1063.498542,200,343.733666
-919.652861,200,344.061559
-966.188213,200,344.559435
-1192.879542,200,344.905149
-992.163577,200,345.237492
-968.667399,200,345.750033
-1199.276129,200,346.078209
-1336.228588,200,346.572433
-1018.166068,200,346.898606
-1007.002277,200,347.223704
-978.218914,200,347.706867
-968.083485,200,348.028465
-1083.215849,200,348.35924
-1026.976793,200,348.856366
-994.581471,200,349.185855
-992.28001,200,349.678435
-1006.035044,200,350.014942
-885.142426,200,350.340549
-1048.994373,200,350.833088
-867.558595,200,351.164499
-1259.059909,200,351.659401
-1710.193383,200,351.985845
-1630.605236,200,352.317384
-1001.739994,200,352.807613
-1017.273918,200,353.139427
-1007.502352,200,353.634705
-984.604409,200,353.961875
-973.605004,200,354.282918
-1087.567524,200,354.77327
-1004.291728,200,355.108394
-974.061559,200,355.44298
-1171.101571,200,355.939664
-1017.922689,200,356.26224
-1075.58389,200,356.752579
-1204.676526,200,357.074333
-1086.7987,200,357.40414
-1083.193524,200,357.886818
-1381.947931,200,358.218843
-985.373299,200,358.70987
-1014.543516,200,359.037621
-1004.080618,200,359.367765
-887.069704,200,359.862471
-974.449805,200,360.197804
-1016.865167,200,360.698057
-1128.041527,200,361.039682
-1005.071926,200,361.375359
-1028.416507,200,361.864478
-926.560938,200,362.196126
-1004.686332,200,362.686447
-880.098798,200,363.011305
-1015.847464,200,363.334823
-1146.968761,200,363.825715
-1018.963695,200,364.153434
-1042.302452,200,364.4935
-1078.184569,200,364.992681
-956.314689,200,365.324853
-1001.665943,200,365.840524
-1326.879197,200,366.173506
-1876.960972,200,366.500388
-1341.728819,200,366.989974
-1068.820608,200,367.32082
-1075.994512,200,367.82487
-996.401965,200,368.161077
-1076.081259,200,368.495056
-943.924471,200,368.991605
-1001.858961,200,369.315488
-1005.948635,200,369.806894
-887.068188,200,370.135608
-966.314225,200,370.461497
-859.223195,200,370.945533
-963.901896,200,371.27733
-1072.905215,200,371.767889
-937.783178,200,372.09654
-1025.914325,200,372.426926
-1213.506678,200,372.915943
-1272.26344,200,373.245584
-993.854641,200,373.572981
-1221.440481,200,374.068448
-866.547652,200,374.396065
-1127.457771,200,374.885636
-978.472371,200,375.21374
-977.866555,200,375.551194
-1016.657743,200,376.057195
-991.785035,200,376.389489
-879.732255,200,376.879667
-1560.957048,200,377.199292
-993.750945,200,377.528138
-1124.068262,200,378.023911
-1212.843664,200,378.356425
-997.05145,200,378.853875
-875.906303,200,379.188341
-973.715697,200,379.512135
-1108.673646,200,380.009842
-900.438117,200,380.338819
-1196.577302,200,380.666164
-887.133907,200,381.16118
-1010.412315,200,381.486351
-1157.102263,200,381.972535
-1005.388257,200,382.297301
-1020.203307,200,382.621638
-1087.774374,200,383.114494
-1031.794417,200,383.44706
-1004.686794,200,383.939413
-988.732241,200,384.27192
-1155.607853,200,384.600099
-1043.567388,200,385.101714
-1064.753149,200,385.430643
-1345.877059,200,385.93518
-1047.446594,200,386.264733
-975.314999,200,386.595363
-1116.562068,200,387.098024
-922.011392,200,387.426046
-1069.675254,200,387.921761
-978.65238,200,388.251755
-1257.285982,200,388.577351
-924.119307,200,389.074092
-886.376928,200,389.397403
-1419.41474,200,389.725227
-983.83356,200,390.214881
-874.839879,200,390.546262
-1462.805146,200,391.046659
-997.411651,200,391.376496
-876.3875,200,391.706701
-1137.361031,200,392.201459
-1034.885851,200,392.532186
-981.885838,200,393.023837
-1070.377785,200,393.354094
-989.305713,200,393.684153
-996.021897,200,394.178166
-994.058403,200,394.504864
-1208.380875,200,395.00162
-1279.045248,200,395.334277
-1084.572968,200,395.66363
-1005.290463,200,396.169904
-983.782207,200,396.506983
-979.171903,200,397.003578
-1104.747481,200,397.326336
-1181.220407,200,397.648325
-1022.811112,200,398.139822
-991.036589,200,398.471914
-979.92077,200,398.813404
-983.417285,200,399.312526
-1182.825506,200,399.647299
-994.229087,200,400.140002
-1000.383306,200,400.474178
-947.592549,200,400.803761
-1042.992821,200,401.293726
-1091.060568,200,401.617392
-1014.023372,200,402.106382
-991.307202,200,402.433587
-1100.180486,200,402.75805
-897.768909,200,403.251513
-1731.531438,200,403.576848
-1008.070226,200,404.071439
-1016.685779,200,404.40691
-894.206115,200,404.737628
-1400.175105,200,405.219504
-984.76087,200,405.551796
-1277.880036,200,405.881365
-1008.300903,200,406.385211
-1161.268028,200,406.718227
-1020.66217,200,407.213837
-1000.697706,200,407.542416
-994.902822,200,407.868605
-1017.02295,200,408.363245
-972.884389,200,408.687774
-1011.172729,200,409.185019
-1011.772589,200,409.521865
-1009.363372,200,409.853118
-1533.957886,200,410.342735
-908.497188,200,410.675094
-1133.849901,200,411.167282
-1139.104349,200,411.500178
-1086.646873,200,411.827966
-910.055825,200,412.321438
-983.342247,200,412.653224
-984.299561,200,413.147585
-1070.492305,200,413.481853
-1100.937071,200,413.814966
-1102.961237,200,414.305339
-1448.673139,200,414.631705
-1009.140902,200,414.96143
-980.636727,200,415.453223
-984.123788,200,415.777325
-881.554571,200,416.27457
-909.917247,200,416.595376
-1181.144627,200,416.927773
-1020.485115,200,417.417371
-1015.444125,200,417.750749
-1271.692928,200,418.238119
-1024.274165,200,418.574213
-1081.415725,200,418.904937
-1456.203517,200,419.397421
-994.809169,200,419.734653
-966.413248,200,420.229892
-977.951006,200,420.566194
-974.074365,200,420.88856
-1139.222627,200,421.380795
-873.73829,200,421.705377
-992.349542,200,422.19715
-991.138279,200,422.524493
-1388.984953,200,422.851257
-1655.173514,200,423.335558
-1182.505465,200,423.664695
-1005.92599,200,423.996315
-1099.985204,200,424.489295
-866.385634,200,424.817663
-1360.819893,200,425.314476
-991.997037,200,425.643013
-1014.43443,200,425.970521
-996.59151,200,426.476324
-1175.087319,200,426.807623
-972.332175,200,427.301092
-1004.834587,200,427.63649
-861.622535,200,427.968742
-1009.799792,200,428.46211
-1080.985852,200,428.798148
-878.633583,200,429.294365
-1112.459844,200,429.637503
-1273.18055,200,429.977903
-734.49868,200,430.472226
-1060.43275,200,430.811888
-877.167676,200,431.135936
-966.266967,200,431.627711
-1000.736445,200,431.957527
-872.443625,200,432.444744
-1273.480191,200,432.77393
-863.320948,200,433.09578
-1003.454156,200,433.58856
-868.298322,200,433.923952
-901.261356,200,434.422432
-862.283748,200,434.752773
-862.377442,200,435.085456
-1200.407631,200,435.583754
-1123.115037,200,435.910825
-804.078311,200,436.413281
-1128.014275,200,436.735142
-1071.712885,200,437.055557
-1019.490197,200,437.548374
-1008.541839,200,437.880543
-1178.668686,200,438.368479
-1009.556561,200,438.690573
-997.193534,200,439.021398
-1013.338751,200,439.508997
-920.242422,200,439.829105
-963.100491,200,440.159627
-1110.528398,200,440.655246
-1171.645926,200,440.993162
-949.053825,200,441.48449
-1129.109533,200,441.816923
-995.644,200,442.142355
-1080.866375,200,442.637359
-868.412563,200,442.968521
-1082.990581,200,443.451112
-980.525836,200,443.781691
-851.36145,200,444.111371
-882.075552,200,444.606029
-1024.029243,200,444.933535
-1119.432674,200,445.427388
-993.477843,200,445.762992
-1175.239776,200,446.087232
-1067.124025,200,446.593188
-1034.219989,200,446.928549
-1001.179725,200,447.430248
-1211.87467,200,447.763199
-962.186324,200,448.098041
-976.05228,200,448.598111
-1073.472656,200,448.927777
-964.413606,200,449.259965
-988.474899,200,449.756568
-994.462938,200,450.090891
-846.782655,200,450.582935
-1300.675073,200,450.912643
-1026.180754,200,451.243381
-1019.987405,200,451.735712
-881.546632,200,452.066166
-1459.644988,200,452.553538
-1025.823211,200,452.87808
-1034.446131,200,453.208461
-877.248936,200,453.696592
-972.950454,200,454.024595
-1112.992573,200,454.514108
-1026.499784,200,454.843817
-981.950715,200,455.17429
-987.24755,200,455.664071
-974.416999,200,455.988489
-991.84446,200,456.323114
-988.870835,200,456.825927
-916.580335,200,457.163744
-1055.120028,200,457.659075
-933.253739,200,457.994078
-1450.659221,200,458.327554
-929.515544,200,458.835802
-1175.683891,200,459.167277
-948.018024,200,459.656258
-1043.030207,200,459.997867
-1099.76984,200,460.337418
-1012.732156,200,460.835606
-984.718332,200,461.160358
-1138.12677,200,461.648683
-1162.68048,200,461.980039
-1006.642364,200,462.30843
-1002.66863,200,462.801729
-1049.67899,200,463.130686
-1014.263978,200,463.630835
-1645.354468,200,463.952583
-1389.297058,200,464.273605
-947.458483,200,464.770586
-1061.918744,200,465.105873
-1073.974619,200,465.43518
-966.944084,200,465.93186
-1149.906161,200,466.2712
-972.716463,200,466.786025
-849.465643,200,467.126685
-1174.987243,200,467.466505
-1111.145129,200,467.955187
-1300.854004,200,468.282139
-1125.687686,200,468.77855
-974.007301,200,469.108236
-1002.245786,200,469.454094
-1100.133522,200,469.946936
-1010.159138,200,470.274973
-1042.503427,200,470.767295
-1020.008155,200,471.092396
-1003.816143,200,471.418412
-1004.054214,200,471.906161
-1011.676091,200,472.233089
-1032.345823,200,472.724481
-989.479777,200,473.049731
-964.259421,200,473.382165
-1247.492839,200,473.877763
-988.328791,200,474.201209
-841.526197,200,474.522811
-969.701774,200,475.013303
-987.198086,200,475.340591
-987.539096,200,475.829305
-1298.346825,200,476.158906
-976.52283,200,476.48693
-1111.466671,200,476.994947
-863.569666,200,477.326411
-1133.4522,200,477.814891
-999.395229,200,478.156753
-867.880589,200,478.48364
-1025.695113,200,478.971774
-1106.012398,200,479.315178
-1113.085859,200,479.81278
-1168.829976,200,480.147667
-1008.240488,200,480.476412
-881.244446,200,480.979564
-1167.338369,200,481.321351
-945.315873,200,481.649431
-1058.189507,200,482.1567
-969.433199,200,482.491716
-994.901884,200,482.990192
-1108.92005,200,483.326052
-1171.948708,200,483.672848
-981.129672,200,484.163654
-916.048366,200,484.498603
-983.595023,200,484.983513
-1071.035492,200,485.310398
-980.292022,200,485.633165
-916.450302,200,486.129623
-891.023227,200,486.459333
-951.919839,200,486.967659
-1014.559877,200,487.297675
-1061.724415,200,487.625711
-976.262504,200,488.118359
-1040.349311,200,488.452287
-977.415304,200,488.952542
-994.988869,200,489.281176
-1089.49228,200,489.61669
-1035.702044,200,490.109506
-1008.891863,200,490.453364
-882.167177,200,490.793873
-990.172125,200,491.293606
-978.878067,200,491.637307
-1110.094586,200,492.135043
-990.393962,200,492.461902
-992.811247,200,492.797827
-1155.167316,200,493.291256
-959.586429,200,493.621356
-1271.76294,200,494.122167
-1147.368113,200,494.463245
-1001.637408,200,494.800876
